/*******************************************************************************
 * Size: 18 px
 * Bpp: 1
 * Opts: --font /System/Library/AssetsV2/com_apple_MobileAsset_Font8/53fe5be564086fefc7523ccd0a31200acf92e0e5.asset/AssetData/STHEITI.ttf --autohint-strong --lv-font-name lv_font_chinese_18 --size 18 --bpp 1 --format lvgl --no-compress --symbols  !"#%&'()*+,-./0123456789:;<=>?@ABCDEFGHIJKLMNOPQRSTUVWXYZ[\]^_abcdefghijklmnopqrstuvwxyz{|}~°²·×τ–—“”…→≈≤≥▲●★☆⚠、。《》「」一七万三上下不与专且业东丢两个中串临为主丽举久么义之乎也习书了争事二于云五交产享京亮人什仅今仍从他付以仪件价任份优会伟传伪估似但位低体何余作你佳使例供依侧便促保信倍倩值偏做停健偶偿像元充先免党兜入全公六共关兴其兼内再写军冰冲冻准凇减凑几凭出击函分切划列刘则刚创初判利到制刷刺刻削前剑剪副力办功加务动助势勿包化北匹区升半协单南博占卡卫印即厂厅压原去参及双反发取受变叠口句另只可台右号司各合吉同名后向吞否含启吴告员周味命和咨品响哪唤唯商嘉器噪四回因团围固图圆圈在地圳场址均坊坐坑块坤型城域培基堆塞填境增声处备复外多够大天太央失头套好如始委姚姜娜婷媒子孔字存学宇安宋完官定实审客宣室容宽寄密对导封射将小少尚尝就尽尾局层届屏展属山峰崩巍州工左己已市布师帖带帧常幂幅幕干平年并广序库应底度座康廊廓延建开式引张弦强当录形彰影径待很律徐循心必志忙忠快忽态思性总恒恢息悬情想意感慢成我或战截戳户所才打执扩扫找承技把投抖抗护报拆拉拟拢拨择括拷拼拿持指按挤振捆换据掉排探接控推描提摄摇撑播擎攀支收改放政效教敛数整文斜断新方无日旧旭时昊明昕星映春是显晓晖晨普景晰晴智暨暴曦曲更曾最月有望期木未末本朱朵机权杉李束条来杨杭杰松板构析枕枚果架柄染查柴标栈栏树校样根格框案桌档桥梁梓械检植楠楼模横次止正此步武死段毅每比毕毛气水永求汇汉池没沿泊法波注洋津流浅测济浦浮海消涉涛淆淞淡深混清温渲湿溃源滑滚滞满滤滨滴漏潇澈灰炸点烧热焊然照爆爽片版牌物状独率王环现班理琴琶生用由电画界留略白百的皓益监盖盛目直相看真瞬瞭知短码研砺硬确碰磊磨示神禁离科秒积称移程稳究空突窗立竖竞端符第等答策筛签简算管类精系素索紧繁约级纪纵纸线练组细织经绑结绘给络绝统继绩绪续综缀缓编缝缩网置翻考者耗耦耳职联育胡能脆脚自至致舒舟航色节芯花若英茂范茗荡荣莘获莹菲营落董薇藏虚行补表衰袁被装裴西要覆见观规视览觉角解触警计认讨让训议记论设访证评识诉试询该误请读课调谈象豪贝负责败质购贴贵费资赖走赵起超趋趣足跑距跨路跳践转轮软轴轶轻载较辅辉辑输辛辩辰边达过运近返还这进连迟述迷退送适选透逐递通速造逻道避郑部郭都配醒采释里重量金鑫针钉钟钱钳铭铮铰链锁锂锐错键镇长门闭问间闹阈队防阳阴阵阶阻际陈降限院除随隐隔雅集雨雪零雷雹雾需霰静非靠面音页顶项顺须预领频题颜风飞馆馈首馨马驱驻验高魏鱼鸣黑默齐龙️（），：； --range 0xA0-0xFF --range 0x100-0x17F --range 0x2000-0x206F --output /Users/m1work/Projects/ESP32S3-RLCD/rlcd-lvgl/src/lv_font_chinese_18.c
 ******************************************************************************/

#ifdef LV_LVGL_H_INCLUDE_SIMPLE
#include "lvgl.h"
#else
#include "lvgl.h"
#endif

#ifndef LV_FONT_CHINESE_18
#define LV_FONT_CHINESE_18 1
#endif

#if LV_FONT_CHINESE_18

/*-----------------
 *    BITMAPS
 *----------------*/

/*Store the image of the glyphs*/
static LV_ATTRIBUTE_LARGE_CONST const uint8_t glyph_bitmap[] = {
    /* U+0020 " " */
    0x0,

    /* U+0021 "!" */
    0x55, 0x55, 0x53, 0xc0,

    /* U+0022 "\"" */
    0x99, 0x99,

    /* U+0023 "#" */
    0x11, 0x8, 0x84, 0x9f, 0xf2, 0x21, 0x10, 0x88,
    0x44, 0xff, 0x91, 0x9, 0x8, 0x84, 0x40,

    /* U+0025 "%" */
    0x7f, 0xe6, 0x63, 0x21, 0x31, 0x99, 0x7, 0x98,
    0x1, 0x80, 0x8, 0x0, 0x9e, 0xd, 0x98, 0x48,
    0x44, 0x42, 0x63, 0x32, 0xf, 0x20, 0x0,

    /* U+0026 "&" */
    0x1c, 0x4, 0x40, 0x88, 0x1b, 0x1, 0xc0, 0x30,
    0xf, 0x3, 0x30, 0xc6, 0x50, 0x7a, 0x6, 0x63,
    0x67, 0xc6,

    /* U+0027 "'" */
    0xf0,

    /* U+0028 "(" */
    0x69, 0x2d, 0x24, 0x92, 0x49, 0x26, 0x48,

    /* U+0029 ")" */
    0xc9, 0x26, 0x49, 0x24, 0x92, 0x4a, 0x48,

    /* U+002A "*" */
    0x22, 0x97, 0x9e, 0xa4, 0x80,

    /* U+002B "+" */
    0x8, 0x4, 0x2, 0x1, 0xf, 0xf8, 0x40, 0x20,
    0x10, 0x8, 0x0,

    /* U+002C "," */
    0x6b, 0x0,

    /* U+002D "-" */
    0xf8,

    /* U+002E "." */
    0xf0,

    /* U+002F "/" */
    0x4, 0x30, 0x82, 0x18, 0x41, 0xc, 0x20, 0x86,
    0x10, 0xc3, 0x8, 0x0,

    /* U+0030 "0" */
    0x3c, 0x31, 0x90, 0x50, 0x18, 0xc, 0x6, 0x3,
    0x1, 0x80, 0xc0, 0x50, 0x4c, 0x63, 0xc0,

    /* U+0031 "1" */
    0xe4, 0x92, 0x49, 0x24, 0x92,

    /* U+0032 "2" */
    0x3c, 0x62, 0xc1, 0x81, 0x1, 0x3, 0x2, 0x4,
    0xc, 0x18, 0x30, 0x60, 0xff,

    /* U+0033 "3" */
    0x1c, 0x31, 0x90, 0x40, 0x20, 0x30, 0x70, 0xc,
    0x1, 0x0, 0xe0, 0x50, 0x2c, 0x23, 0xe0,

    /* U+0034 "4" */
    0x2, 0x1, 0x1, 0x81, 0xc0, 0xa0, 0xd0, 0xc8,
    0x44, 0x62, 0x7f, 0xc0, 0x80, 0x40, 0x20,

    /* U+0035 "5" */
    0x3f, 0x20, 0x20, 0x20, 0x7c, 0x42, 0x1, 0x1,
    0x1, 0x1, 0xc3, 0x46, 0x3c,

    /* U+0036 "6" */
    0x4, 0x4, 0xc, 0x18, 0x10, 0x20, 0x7c, 0x42,
    0x81, 0x81, 0x81, 0x81, 0x42, 0x3c,

    /* U+0037 "7" */
    0xff, 0x2, 0x6, 0x4, 0xc, 0x8, 0x18, 0x10,
    0x30, 0x20, 0x60, 0x40, 0xc0,

    /* U+0038 "8" */
    0x1c, 0x31, 0x10, 0x48, 0x26, 0x31, 0xf1, 0x89,
    0x82, 0x80, 0xc0, 0x60, 0x28, 0x63, 0xe0,

    /* U+0039 "9" */
    0x3c, 0x42, 0x81, 0x81, 0x81, 0x81, 0x42, 0x3e,
    0x4, 0x8, 0x18, 0x30, 0x20, 0x20,

    /* U+003A ":" */
    0xf0, 0x0, 0xf0,

    /* U+003B ";" */
    0x6c, 0x0, 0x0, 0x69, 0x0,

    /* U+003C "<" */
    0x1, 0x83, 0x87, 0xe, 0xc, 0x3, 0x80, 0x70,
    0xe, 0x0, 0x80,

    /* U+003D "=" */
    0xff, 0x80, 0x0, 0x0, 0xf, 0xf8,

    /* U+003E ">" */
    0xc0, 0x38, 0x7, 0x0, 0xe0, 0x18, 0x38, 0x70,
    0xe0, 0x80, 0x0,

    /* U+003F "?" */
    0x38, 0x8a, 0xc, 0x10, 0x20, 0x82, 0x8, 0x10,
    0x20, 0x0, 0x81, 0x0,

    /* U+0040 "@" */
    0xf, 0x81, 0x83, 0x18, 0x4, 0x8e, 0x98, 0x88,
    0xc8, 0x46, 0x42, 0x32, 0x12, 0x99, 0xb2, 0x7e,
    0x18, 0x4, 0x60, 0xc0, 0xf8, 0x0,

    /* U+0041 "A" */
    0x2, 0x0, 0x18, 0x1, 0xc0, 0xa, 0x0, 0xc8,
    0x4, 0x40, 0x61, 0x3, 0xf8, 0x10, 0x21, 0x1,
    0x8, 0xc, 0x80, 0x24, 0x1, 0x80,

    /* U+0042 "B" */
    0xf8, 0x84, 0x82, 0x82, 0x82, 0x84, 0xfc, 0x86,
    0x81, 0x81, 0x81, 0x82, 0xfc,

    /* U+0043 "C" */
    0xf, 0xc3, 0x6, 0x60, 0x14, 0x0, 0x80, 0x8,
    0x0, 0x80, 0x8, 0x0, 0x80, 0x4, 0x0, 0x60,
    0x13, 0x6, 0xf, 0xc0,

    /* U+0044 "D" */
    0xfe, 0x10, 0x32, 0x3, 0x40, 0x28, 0x3, 0x0,
    0x60, 0xc, 0x1, 0x80, 0x30, 0xa, 0x1, 0x40,
    0xcf, 0xf0,

    /* U+0045 "E" */
    0xff, 0x2, 0x4, 0x8, 0x1f, 0xe0, 0x40, 0x81,
    0x2, 0x4, 0xf, 0xe0,

    /* U+0046 "F" */
    0xfe, 0x8, 0x20, 0x83, 0xf8, 0x20, 0x82, 0x8,
    0x20, 0x80,

    /* U+0047 "G" */
    0xf, 0xc0, 0xe1, 0xc6, 0x1, 0x90, 0x0, 0x80,
    0x2, 0x0, 0x8, 0x0, 0x20, 0x3f, 0x80, 0xd,
    0x0, 0x36, 0x1, 0x86, 0xc, 0xf, 0xc0,

    /* U+0048 "H" */
    0x80, 0xc0, 0x60, 0x30, 0x18, 0xc, 0x7, 0xff,
    0x1, 0x80, 0xc0, 0x60, 0x30, 0x18, 0x8,

    /* U+0049 "I" */
    0xff, 0xf8,

    /* U+004A "J" */
    0x4, 0x10, 0x41, 0x4, 0x10, 0x41, 0x4, 0x10,
    0x73, 0x78,

    /* U+004B "K" */
    0x82, 0x84, 0x98, 0xb0, 0xe0, 0xc0, 0xc0, 0xa0,
    0xb0, 0x98, 0x8c, 0x86, 0x83,

    /* U+004C "L" */
    0x82, 0x8, 0x20, 0x82, 0x8, 0x20, 0x82, 0x8,
    0x20, 0xfc,

    /* U+004D "M" */
    0x40, 0x8, 0x40, 0x11, 0x80, 0x63, 0x80, 0xc5,
    0x3, 0x8b, 0x5, 0x12, 0x1b, 0x26, 0x22, 0x44,
    0xc5, 0x8d, 0xb, 0xe, 0x14, 0x18, 0x28, 0x10,
    0x40,

    /* U+004E "N" */
    0x80, 0x70, 0x1c, 0x7, 0x81, 0xb0, 0x66, 0x18,
    0xc6, 0x19, 0x83, 0x60, 0x78, 0xe, 0x3, 0x80,
    0x40,

    /* U+004F "O" */
    0xf, 0x81, 0x83, 0x18, 0xc, 0x80, 0x28, 0x0,
    0xc0, 0x6, 0x0, 0x30, 0x1, 0x80, 0xa, 0x0,
    0x98, 0xc, 0x60, 0xc0, 0xf8, 0x0,

    /* U+0050 "P" */
    0xfc, 0x82, 0x81, 0x81, 0x81, 0x82, 0xfc, 0x80,
    0x80, 0x80, 0x80, 0x80, 0x80,

    /* U+0051 "Q" */
    0xf, 0x81, 0x83, 0x18, 0xc, 0x80, 0x28, 0x0,
    0xc0, 0x6, 0x0, 0x30, 0x1, 0x81, 0x8a, 0x4,
    0x98, 0x1c, 0x60, 0xc0, 0xff, 0x0, 0xc,

    /* U+0052 "R" */
    0xfc, 0x82, 0x81, 0x81, 0x81, 0x82, 0xfc, 0xb0,
    0x98, 0x88, 0x84, 0x82, 0x83,

    /* U+0053 "S" */
    0x3c, 0x63, 0x40, 0x40, 0x60, 0x38, 0xc, 0x6,
    0x3, 0x1, 0xc1, 0x62, 0x3c,

    /* U+0054 "T" */
    0xfe, 0x20, 0x40, 0x81, 0x2, 0x4, 0x8, 0x10,
    0x20, 0x40, 0x81, 0x0,

    /* U+0055 "U" */
    0x81, 0x81, 0x81, 0x81, 0x81, 0x81, 0x81, 0x81,
    0x81, 0x81, 0x81, 0x42, 0x3c,

    /* U+0056 "V" */
    0x80, 0x78, 0x9, 0x1, 0x20, 0x62, 0x8, 0x43,
    0xc, 0x40, 0x98, 0x1a, 0x1, 0x40, 0x38, 0x6,
    0x0, 0x40,

    /* U+0057 "W" */
    0x81, 0x3, 0x82, 0x5, 0x6, 0x1a, 0x14, 0x24,
    0x2c, 0x4c, 0xc8, 0x89, 0x13, 0x12, 0x34, 0x3c,
    0x28, 0x30, 0x70, 0x60, 0xc0, 0x80, 0x81, 0x1,
    0x0,

    /* U+0058 "X" */
    0xc1, 0xa0, 0x98, 0xc6, 0xc1, 0x40, 0xe0, 0x20,
    0x38, 0x36, 0x11, 0x18, 0xc8, 0x28, 0x8,

    /* U+0059 "Y" */
    0xc1, 0xa0, 0x98, 0xc4, 0x41, 0x40, 0xe0, 0x20,
    0x10, 0x8, 0x4, 0x2, 0x1, 0x0, 0x80,

    /* U+005A "Z" */
    0x7f, 0x2, 0x6, 0x4, 0xc, 0x8, 0x18, 0x10,
    0x30, 0x30, 0x20, 0x60, 0x7f,

    /* U+005B "[" */
    0xf2, 0x49, 0x24, 0x92, 0x49, 0x24, 0xe0,

    /* U+005C "\\" */
    0x80, 0x60, 0x10, 0x4, 0x2, 0x0, 0x80, 0x60,
    0x10, 0xc, 0x2, 0x1, 0x80, 0x40, 0x10, 0x8,
    0x2,

    /* U+005D "]" */
    0xe4, 0x92, 0x49, 0x24, 0x92, 0x49, 0xe0,

    /* U+005E "^" */
    0xc, 0x3, 0x1, 0xa0, 0x48, 0x13, 0x8, 0x42,
    0x11, 0x2, 0x40, 0xa0, 0x10,

    /* U+005F "_" */
    0xff, 0x80,

    /* U+0061 "a" */
    0x1e, 0x58, 0x74, 0xe, 0x1, 0x80, 0x60, 0x18,
    0x5, 0x3, 0x61, 0xc7, 0x90,

    /* U+0062 "b" */
    0x80, 0x20, 0x8, 0x2, 0x78, 0xe1, 0xb0, 0x28,
    0x6, 0x1, 0x80, 0x60, 0x1c, 0xb, 0x86, 0x9e,
    0x0,

    /* U+0063 "c" */
    0x1f, 0x18, 0x64, 0xa, 0x0, 0x80, 0x20, 0x8,
    0x1, 0x2, 0x61, 0x87, 0xc0,

    /* U+0064 "d" */
    0x0, 0x40, 0x10, 0x4, 0x79, 0x61, 0xd0, 0x38,
    0x6, 0x1, 0x80, 0x60, 0x14, 0xd, 0x87, 0x1e,
    0x40,

    /* U+0065 "e" */
    0x1e, 0x18, 0x64, 0xa, 0x3, 0xff, 0xe0, 0x8,
    0x1, 0x3, 0x61, 0x87, 0x80,

    /* U+0066 "f" */
    0x74, 0x4f, 0x44, 0x44, 0x44, 0x44, 0x40,

    /* U+0067 "g" */
    0x1e, 0x48, 0x74, 0xe, 0x1, 0x80, 0x60, 0x18,
    0x5, 0x3, 0x61, 0xc7, 0x90, 0x5, 0x86, 0x3f,
    0x0,

    /* U+0068 "h" */
    0x80, 0x80, 0x80, 0x9c, 0xe2, 0xc1, 0x81, 0x81,
    0x81, 0x81, 0x81, 0x81, 0x81,

    /* U+0069 "i" */
    0xf1, 0x55, 0x55, 0x40,

    /* U+006A "j" */
    0x6c, 0x12, 0x49, 0x24, 0x92, 0x4f,

    /* U+006B "k" */
    0x80, 0x80, 0x80, 0x86, 0x8c, 0x90, 0xa0, 0xc0,
    0xe0, 0xb0, 0x98, 0x8c, 0x86,

    /* U+006C "l" */
    0xff, 0xf8,

    /* U+006D "m" */
    0xbc, 0x39, 0xc7, 0x8b, 0x6, 0xc, 0x8, 0x18,
    0x10, 0x30, 0x20, 0x60, 0x40, 0xc0, 0x81, 0x81,
    0x3, 0x2, 0x4,

    /* U+006E "n" */
    0x9c, 0xe2, 0xc1, 0x81, 0x81, 0x81, 0x81, 0x81,
    0x81, 0x81,

    /* U+006F "o" */
    0x1e, 0x18, 0x64, 0xa, 0x1, 0x80, 0x60, 0x18,
    0x5, 0x2, 0x61, 0x87, 0x80,

    /* U+0070 "p" */
    0x9e, 0x38, 0x6c, 0xa, 0x1, 0x80, 0x60, 0x18,
    0x7, 0x2, 0xe1, 0xa7, 0x88, 0x2, 0x0, 0x80,
    0x0,

    /* U+0071 "q" */
    0x1e, 0x58, 0x74, 0xe, 0x1, 0x80, 0x60, 0x18,
    0x5, 0x3, 0x61, 0xc7, 0x90, 0x4, 0x1, 0x0,
    0x40,

    /* U+0072 "r" */
    0xbc, 0x88, 0x88, 0x88, 0x88,

    /* U+0073 "s" */
    0x74, 0x61, 0x86, 0x18, 0x21, 0x9f, 0x80,

    /* U+0074 "t" */
    0x21, 0x9, 0xf2, 0x10, 0x84, 0x21, 0x8, 0x43,
    0x80,

    /* U+0075 "u" */
    0x81, 0x81, 0x81, 0x81, 0x81, 0x81, 0x81, 0x83,
    0x47, 0x39,

    /* U+0076 "v" */
    0x40, 0xa0, 0xc8, 0x44, 0x23, 0x30, 0x90, 0x78,
    0x18, 0xc, 0x4, 0x0,

    /* U+0077 "w" */
    0xc1, 0x6, 0x82, 0x9, 0xe, 0x13, 0x14, 0x42,
    0x68, 0x86, 0x8b, 0x5, 0x14, 0xc, 0x38, 0x8,
    0x20, 0x10, 0x40,

    /* U+0078 "x" */
    0x43, 0x31, 0xd, 0x83, 0x81, 0x80, 0xe0, 0xd0,
    0x4c, 0x63, 0x60, 0x80,

    /* U+0079 "y" */
    0x40, 0xa0, 0xd8, 0x44, 0x23, 0x20, 0x90, 0x78,
    0x18, 0xc, 0x4, 0x2, 0x2, 0x1, 0x0,

    /* U+007A "z" */
    0x7f, 0x2, 0x6, 0xc, 0x8, 0x18, 0x10, 0x30,
    0x60, 0x7f,

    /* U+007B "{" */
    0x1c, 0x82, 0x8, 0x20, 0x82, 0x18, 0xc1, 0x82,
    0x8, 0x20, 0x82, 0x8, 0x1c,

    /* U+007C "|" */
    0xff, 0xff, 0x80,

    /* U+007D "}" */
    0xc0, 0x82, 0x8, 0x20, 0x82, 0x4, 0x1c, 0x42,
    0x8, 0x20, 0x82, 0x8, 0xc0,

    /* U+007E "~" */
    0xf0, 0x4c, 0x41, 0xe0,

    /* U+00A0 " " */
    0x0,

    /* U+00A1 "¡" */
    0xf1, 0x55, 0x55, 0x40,

    /* U+00A2 "¢" */
    0x1, 0x1, 0x1e, 0x67, 0x44, 0x8c, 0x88, 0x98,
    0x90, 0xf0, 0x63, 0x7e, 0x40, 0xc0,

    /* U+00A3 "£" */
    0x1e, 0x18, 0x88, 0x44, 0x2, 0x3, 0xf0, 0x40,
    0x20, 0x10, 0x38, 0x66, 0x37, 0x9e, 0x70,

    /* U+00A4 "¤" */
    0x8f, 0x8a, 0x83, 0x98, 0xc, 0x80, 0x28, 0x0,
    0xc0, 0x6, 0x0, 0x30, 0x1, 0x80, 0xa, 0x0,
    0x98, 0xc, 0xa0, 0xe0, 0xf8, 0x80,

    /* U+00A5 "¥" */
    0x40, 0x98, 0x42, 0x30, 0xd8, 0x14, 0x3, 0x7,
    0xf8, 0x20, 0x8, 0x1f, 0xe0, 0x80, 0x20, 0x8,
    0x0,

    /* U+00A6 "¦" */
    0xfe, 0xff,

    /* U+00A7 "§" */
    0x73, 0x28, 0xa0, 0xc1, 0x8b, 0xa3, 0xc5, 0x93,
    0x84, 0xa, 0x29, 0x9c,

    /* U+00A8 "¨" */
    0xc3, 0xc3,

    /* U+00A9 "©" */
    0xf, 0xc0, 0x61, 0x82, 0x1, 0x11, 0xe2, 0xc8,
    0xce, 0x41, 0x19, 0x0, 0x64, 0x1, 0x90, 0x47,
    0x23, 0x34, 0x78, 0x88, 0x4, 0x18, 0x60, 0x3f,
    0x0,

    /* U+00AA "ª" */
    0x7c, 0x63, 0x18, 0xbc, 0x1f,

    /* U+00AB "«" */
    0x22, 0x45, 0x12, 0x2c, 0xd9, 0x91, 0x22, 0x22,
    0x44,

    /* U+00AC "¬" */
    0xff, 0x80, 0x40, 0x20, 0x10, 0x8,

    /* U+00AD "­" */
    0xd7, 0xbe, 0x0, 0x13, 0x59, 0x31, 0x55, 0x37,
    0x20, 0x54, 0x8b, 0x52, 0x40, 0x0, 0x87, 0x86,
    0x0, 0x10, 0x0, 0x20, 0x1, 0x0, 0x2, 0x0,
    0x1d, 0x7b, 0xc0,

    /* U+00AE "®" */
    0xf, 0xc0, 0x61, 0x82, 0x1, 0x13, 0xe2, 0xc8,
    0x4e, 0x21, 0x18, 0x84, 0x63, 0xe1, 0x88, 0x47,
    0x21, 0x34, 0x84, 0x88, 0x4, 0x18, 0x60, 0x3f,
    0x0,

    /* U+00AF "¯" */
    0xff, 0x80,

    /* U+00B0 "°" */
    0x74, 0x63, 0x17, 0x0,

    /* U+00B1 "±" */
    0x4, 0x0, 0x80, 0x10, 0x2, 0xf, 0xfe, 0x8,
    0x1, 0x0, 0x20, 0x4, 0x0, 0x80, 0x0, 0x0,
    0xf, 0xfe,

    /* U+00B2 "²" */
    0x74, 0x42, 0x26, 0x7c,

    /* U+00B3 "³" */
    0x74, 0x4c, 0x18, 0xb8,

    /* U+00B4 "´" */
    0x36, 0xc0,

    /* U+00B5 "µ" */
    0x81, 0x81, 0x81, 0x81, 0x81, 0x81, 0x81, 0x83,
    0xc7, 0xf9, 0x80, 0x80, 0x80,

    /* U+00B6 "¶" */
    0x3f, 0xbc, 0x9e, 0x5f, 0x27, 0x93, 0xc9, 0xe4,
    0x12, 0x9, 0x4, 0x82, 0x41, 0x20, 0x90, 0x48,
    0x24, 0x12,

    /* U+00B7 "·" */
    0xf0,

    /* U+00B8 "¸" */
    0x47, 0x80,

    /* U+00B9 "¹" */
    0xd5, 0x50,

    /* U+00BA "º" */
    0x7b, 0x38, 0x61, 0xcd, 0xe0, 0x1e,

    /* U+00BB "»" */
    0xcc, 0x89, 0x19, 0x12, 0x24, 0x48, 0xa3, 0x45,
    0x98,

    /* U+00BC "¼" */
    0xc0, 0x22, 0x2, 0x10, 0x20, 0x81, 0x4, 0x10,
    0x20, 0x81, 0x8, 0x0, 0x42, 0x4, 0x30, 0x22,
    0x82, 0x14, 0x21, 0xf1, 0x1, 0x10, 0x8,

    /* U+00BD "½" */
    0xc0, 0x42, 0x2, 0x10, 0x20, 0x82, 0x4, 0x10,
    0x21, 0x0, 0x11, 0xc0, 0x91, 0x8, 0x88, 0xc0,
    0x84, 0x8, 0x40, 0x82, 0xf, 0x80,

    /* U+00BE "¾" */
    0x70, 0x13, 0x20, 0x80, 0x82, 0xc, 0x10, 0x8,
    0x42, 0x22, 0x7, 0x10, 0x0, 0x42, 0x2, 0x18,
    0x8, 0xa0, 0x44, 0x82, 0x3f, 0x8, 0x8, 0x40,
    0x20,

    /* U+00BF "¿" */
    0x8, 0x4, 0x0, 0x1, 0x0, 0x80, 0xc0, 0xc0,
    0xc0, 0xc0, 0x40, 0x60, 0x28, 0x23, 0xe0,

    /* U+00C0 "À" */
    0xc, 0x0, 0x30, 0x0, 0xc0, 0x0, 0x0, 0x20,
    0x3, 0x80, 0x14, 0x1, 0x90, 0x8, 0x80, 0xc2,
    0x7, 0xf8, 0x60, 0x42, 0x3, 0x30, 0x9, 0x0,
    0x60,

    /* U+00C1 "Á" */
    0x1, 0x80, 0x18, 0x1, 0x80, 0x0, 0x0, 0x20,
    0x3, 0x80, 0x14, 0x1, 0x90, 0x8, 0x80, 0xc2,
    0x7, 0xf8, 0x60, 0x42, 0x3, 0x30, 0x9, 0x0,
    0x60,

    /* U+00C2 "Â" */
    0x3, 0x0, 0x2c, 0x2, 0x30, 0x4, 0x0, 0x70,
    0x2, 0x80, 0x32, 0x1, 0x10, 0x18, 0x40, 0xff,
    0xc, 0x8, 0x40, 0x66, 0x1, 0x20, 0xc,

    /* U+00C3 "Ã" */
    0xf, 0xc0, 0x0, 0x0, 0x80, 0xe, 0x0, 0x50,
    0x6, 0x40, 0x22, 0x3, 0x8, 0x1f, 0xe1, 0x81,
    0x8, 0xc, 0xc0, 0x24, 0x1, 0x80,

    /* U+00C4 "Ä" */
    0xd, 0x80, 0x6c, 0x0, 0x80, 0x4, 0x0, 0x70,
    0x2, 0x80, 0x36, 0x1, 0x10, 0x18, 0xc0, 0xfe,
    0xc, 0x18, 0x40, 0x46, 0x3, 0x20, 0x8,

    /* U+00C5 "Å" */
    0x6, 0x0, 0xa0, 0x6, 0x0, 0x0, 0x6, 0x0,
    0x60, 0xf, 0x0, 0x90, 0x19, 0x81, 0x8, 0x3f,
    0xc2, 0x4, 0x60, 0x24, 0x2, 0xc0, 0x10,

    /* U+00C6 "Æ" */
    0x0, 0xff, 0x80, 0xe0, 0x0, 0x50, 0x0, 0x68,
    0x0, 0x64, 0x0, 0x33, 0xfc, 0x31, 0x0, 0x10,
    0x80, 0x1f, 0xc0, 0x18, 0x20, 0x8, 0x10, 0xc,
    0x8, 0xc, 0x7, 0xf8,

    /* U+00C7 "Ç" */
    0xf, 0xc1, 0x83, 0x98, 0x4, 0x80, 0x8, 0x0,
    0x40, 0x2, 0x0, 0x10, 0x0, 0x40, 0x3, 0x0,
    0x8c, 0x1c, 0x1f, 0x80, 0x20, 0x0, 0x80, 0x3c,
    0x0,

    /* U+00C8 "È" */
    0x60, 0x60, 0x60, 0xf, 0xf0, 0x20, 0x40, 0xff,
    0x2, 0x4, 0x8, 0x10, 0x3f, 0x80,

    /* U+00C9 "É" */
    0xc, 0x30, 0xc0, 0xf, 0xf0, 0x20, 0x40, 0xff,
    0x2, 0x4, 0x8, 0x10, 0x3f, 0x80,

    /* U+00CA "Ê" */
    0x38, 0xdb, 0x1f, 0xf8, 0x10, 0x20, 0x7f, 0x81,
    0x2, 0x4, 0x8, 0x1f, 0xc0,

    /* U+00CB "Ë" */
    0x66, 0x66, 0x0, 0xff, 0x80, 0x80, 0x80, 0xff,
    0x80, 0x80, 0x80, 0x80, 0x80, 0xff,

    /* U+00CC "Ì" */
    0x88, 0x84, 0x92, 0x49, 0x24, 0x90,

    /* U+00CD "Í" */
    0x2a, 0x4, 0x92, 0x49, 0x24, 0x90,

    /* U+00CE "Î" */
    0x30, 0xd3, 0x18, 0x81, 0x2, 0x4, 0x8, 0x10,
    0x20, 0x40, 0x81, 0x2, 0x0,

    /* U+00CF "Ï" */
    0xde, 0xc0, 0x42, 0x10, 0x84, 0x21, 0x8, 0x42,
    0x10,

    /* U+00D0 "Ð" */
    0x3f, 0x81, 0x3, 0x8, 0xc, 0x40, 0x22, 0x0,
    0x90, 0x7, 0xf0, 0x24, 0x1, 0x20, 0x9, 0x0,
    0x88, 0x4, 0x40, 0xc3, 0xfc, 0x0,

    /* U+00D1 "Ñ" */
    0x3f, 0x0, 0x8, 0x7, 0x1, 0xe0, 0x6c, 0x19,
    0x86, 0x31, 0x86, 0x60, 0xd8, 0x1e, 0x3, 0x80,
    0x40,

    /* U+00D2 "Ò" */
    0xc, 0x0, 0x10, 0x0, 0x40, 0x1f, 0x3, 0x6,
    0x30, 0x19, 0x0, 0x50, 0x1, 0x80, 0xc, 0x0,
    0x60, 0x2, 0x80, 0x26, 0x3, 0x18, 0x30, 0x3e,
    0x0,

    /* U+00D3 "Ó" */
    0x1, 0x0, 0x10, 0x1, 0x0, 0x1f, 0x3, 0x6,
    0x30, 0x19, 0x0, 0x50, 0x1, 0x80, 0xc, 0x0,
    0x60, 0x2, 0x80, 0x26, 0x3, 0x18, 0x30, 0x3e,
    0x0,

    /* U+00D4 "Ô" */
    0x2, 0x0, 0x38, 0x3, 0x20, 0x1f, 0x3, 0x6,
    0x30, 0x19, 0x0, 0x50, 0x1, 0x80, 0xc, 0x0,
    0x60, 0x2, 0x80, 0x26, 0x3, 0x18, 0x30, 0x3e,
    0x0,

    /* U+00D5 "Õ" */
    0x1f, 0xc0, 0x7c, 0xc, 0x18, 0xc0, 0x64, 0x1,
    0x40, 0x6, 0x0, 0x30, 0x1, 0x80, 0xa, 0x0,
    0x98, 0xc, 0x60, 0xc0, 0xf8, 0x0,

    /* U+00D6 "Ö" */
    0xc, 0xc0, 0x66, 0x3, 0xe0, 0x60, 0xc6, 0x3,
    0x20, 0xa, 0x0, 0x30, 0x1, 0x80, 0xc, 0x0,
    0x50, 0x4, 0xc0, 0x63, 0x6, 0x7, 0xc0,

    /* U+00D7 "×" */
    0x40, 0x2c, 0xc, 0xc3, 0xc, 0xc0, 0xf0, 0xc,
    0x3, 0xc0, 0xcc, 0x30, 0xcc, 0xb, 0x0, 0x80,

    /* U+00D8 "Ø" */
    0xf, 0x99, 0x83, 0x98, 0x1c, 0x81, 0xa8, 0x8,
    0xc0, 0x86, 0x8, 0x30, 0xc1, 0x8c, 0xa, 0xc0,
    0x9c, 0xc, 0x60, 0xc5, 0xf8, 0x0, 0x0,

    /* U+00D9 "Ù" */
    0x30, 0x18, 0xc, 0x81, 0x81, 0x81, 0x81, 0x81,
    0x81, 0x81, 0x81, 0x81, 0x81, 0x42, 0x3c,

    /* U+00DA "Ú" */
    0xc, 0x18, 0x30, 0x81, 0x81, 0x81, 0x81, 0x81,
    0x81, 0x81, 0x81, 0x81, 0x81, 0x42, 0x3c,

    /* U+00DB "Û" */
    0x18, 0x3c, 0x66, 0x81, 0x81, 0x81, 0x81, 0x81,
    0x81, 0x81, 0x81, 0x81, 0x81, 0x42, 0x3c,

    /* U+00DC "Ü" */
    0x66, 0x66, 0x0, 0x81, 0x81, 0x81, 0x81, 0x81,
    0x81, 0x81, 0x81, 0x81, 0x42, 0x3c,

    /* U+00DD "Ý" */
    0x6, 0x6, 0x6, 0x0, 0xc, 0x1a, 0x8, 0x88,
    0x6c, 0x1c, 0x4, 0x2, 0x1, 0x0, 0x80, 0x40,
    0x20,

    /* U+00DE "Þ" */
    0x80, 0x80, 0x80, 0xfc, 0x82, 0x81, 0x81, 0x81,
    0x82, 0xfc, 0x80, 0x80, 0x80,

    /* U+00DF "ß" */
    0x3c, 0x46, 0x82, 0x82, 0x84, 0x98, 0x8e, 0x81,
    0x81, 0x81, 0x81, 0x82, 0xbc,

    /* U+00E0 "à" */
    0x30, 0x2, 0x0, 0x0, 0x79, 0x61, 0xd0, 0x38,
    0x6, 0x1, 0x80, 0x60, 0x14, 0xd, 0x87, 0x1e,
    0x40,

    /* U+00E1 "á" */
    0x6, 0x3, 0x0, 0x0, 0x79, 0x61, 0xd0, 0x38,
    0x6, 0x1, 0x80, 0x60, 0x14, 0xd, 0x87, 0x1e,
    0x40,

    /* U+00E2 "â" */
    0xe, 0x4, 0xc0, 0x0, 0x79, 0x61, 0xd0, 0x38,
    0x6, 0x1, 0x80, 0x60, 0x14, 0xd, 0x87, 0x1e,
    0x40,

    /* U+00E3 "ã" */
    0x3f, 0x0, 0x0, 0x0, 0x79, 0x61, 0xd0, 0x38,
    0x6, 0x1, 0x80, 0x60, 0x14, 0xd, 0x87, 0x1e,
    0x40,

    /* U+00E4 "ä" */
    0x33, 0xc, 0xc0, 0x0, 0x79, 0x61, 0xd0, 0x38,
    0x6, 0x1, 0x80, 0x60, 0x14, 0xd, 0x87, 0x1e,
    0x40,

    /* U+00E5 "å" */
    0xc, 0x3, 0x0, 0x0, 0x79, 0x61, 0xd0, 0x38,
    0x6, 0x1, 0x80, 0x60, 0x14, 0xd, 0x87, 0x1e,
    0x40,

    /* U+00E6 "æ" */
    0x1c, 0x9e, 0x18, 0xf8, 0x64, 0x1c, 0xa, 0x2,
    0x3, 0x80, 0xff, 0xe0, 0x20, 0x8, 0x8, 0x1,
    0x7, 0x3, 0x63, 0xe1, 0x8f, 0x27, 0x80,

    /* U+00E7 "ç" */
    0x1f, 0x18, 0x64, 0xa, 0x0, 0x80, 0x20, 0x8,
    0x1, 0x2, 0x61, 0x87, 0xc0, 0x80, 0x10, 0x1c,
    0x0,

    /* U+00E8 "è" */
    0x10, 0x3, 0x0, 0x0, 0x78, 0x61, 0x90, 0x28,
    0xf, 0xff, 0x80, 0x20, 0x4, 0xd, 0x86, 0x1e,
    0x0,

    /* U+00E9 "é" */
    0x6, 0x2, 0x0, 0x0, 0x78, 0x61, 0x90, 0x28,
    0xf, 0xff, 0x80, 0x20, 0x4, 0xd, 0x86, 0x1e,
    0x0,

    /* U+00EA "ê" */
    0xc, 0xc, 0xc0, 0x0, 0x78, 0x61, 0x90, 0x28,
    0xf, 0xff, 0x80, 0x20, 0x4, 0xd, 0x86, 0x1e,
    0x0,

    /* U+00EB "ë" */
    0x33, 0xc, 0xc0, 0x0, 0x78, 0x61, 0x90, 0x28,
    0x7, 0xff, 0x80, 0x20, 0x4, 0xd, 0x86, 0x1e,
    0x0,

    /* U+00EC "ì" */
    0x63, 0x2, 0x22, 0x22, 0x22, 0x22, 0x20,

    /* U+00ED "í" */
    0x34, 0x2, 0x22, 0x22, 0x22, 0x22, 0x20,

    /* U+00EE "î" */
    0x38, 0xd8, 0x0, 0x81, 0x2, 0x4, 0x8, 0x10,
    0x20, 0x40, 0x81, 0x0,

    /* U+00EF "ï" */
    0xde, 0xc0, 0x42, 0x10, 0x84, 0x21, 0x8, 0x42,
    0x0,

    /* U+00F0 "ð" */
    0x1a, 0x7, 0x80, 0x30, 0x7c, 0x61, 0x90, 0x38,
    0x6, 0x1, 0x80, 0x60, 0x14, 0x9, 0x86, 0x1e,
    0x0,

    /* U+00F1 "ñ" */
    0x7e, 0x0, 0x0, 0x9c, 0xe2, 0xc1, 0x81, 0x81,
    0x81, 0x81, 0x81, 0x81, 0x81,

    /* U+00F2 "ò" */
    0x18, 0x3, 0x0, 0x0, 0x78, 0x61, 0x90, 0x28,
    0x6, 0x1, 0x80, 0x60, 0x14, 0x9, 0x86, 0x1e,
    0x0,

    /* U+00F3 "ó" */
    0x6, 0x2, 0x0, 0x0, 0x78, 0x61, 0x90, 0x28,
    0x6, 0x1, 0x80, 0x60, 0x14, 0x9, 0x86, 0x1e,
    0x0,

    /* U+00F4 "ô" */
    0xc, 0xc, 0xc0, 0x0, 0x78, 0x61, 0x90, 0x28,
    0x6, 0x1, 0x80, 0x60, 0x14, 0x9, 0x86, 0x1e,
    0x0,

    /* U+00F5 "õ" */
    0x3f, 0x0, 0x0, 0x0, 0x78, 0x61, 0x90, 0x28,
    0x6, 0x1, 0x80, 0x60, 0x14, 0x9, 0x86, 0x1e,
    0x0,

    /* U+00F6 "ö" */
    0x33, 0xc, 0xc0, 0x0, 0x78, 0x61, 0x90, 0x28,
    0x6, 0x1, 0x80, 0x60, 0x14, 0x9, 0x86, 0x1e,
    0x0,

    /* U+00F7 "÷" */
    0x6, 0x0, 0x60, 0x0, 0x0, 0x0, 0xff, 0xf0,
    0x0, 0x6, 0x0, 0x60,

    /* U+00F8 "ø" */
    0x1f, 0x58, 0x64, 0x1e, 0x9, 0x86, 0x63, 0x19,
    0x85, 0xc2, 0x61, 0x97, 0x80,

    /* U+00F9 "ù" */
    0x30, 0x8, 0x0, 0x81, 0x81, 0x81, 0x81, 0x81,
    0x81, 0x81, 0x83, 0x47, 0x39,

    /* U+00FA "ú" */
    0xc, 0x10, 0x0, 0x81, 0x81, 0x81, 0x81, 0x81,
    0x81, 0x81, 0x83, 0x47, 0x39,

    /* U+00FB "û" */
    0x18, 0x66, 0x0, 0x81, 0x81, 0x81, 0x81, 0x81,
    0x81, 0x81, 0x83, 0x47, 0x39,

    /* U+00FC "ü" */
    0x66, 0x66, 0x0, 0x81, 0x81, 0x81, 0x81, 0x81,
    0x81, 0x81, 0x83, 0x47, 0x39,

    /* U+00FD "ý" */
    0x6, 0x6, 0x4, 0x0, 0x0, 0x2, 0x5, 0x6,
    0xc2, 0x21, 0x19, 0x4, 0x83, 0xc0, 0xc0, 0x60,
    0x20, 0x10, 0x10, 0x8, 0x0,

    /* U+00FE "þ" */
    0x80, 0x20, 0x8, 0x2, 0x78, 0xe1, 0xb0, 0x28,
    0x6, 0x1, 0x80, 0x60, 0x1c, 0xb, 0x86, 0x9e,
    0x20, 0x8, 0x2, 0x0,

    /* U+00FF "ÿ" */
    0x33, 0xc, 0xc0, 0x3, 0x2, 0x40, 0x98, 0x62,
    0x10, 0xcc, 0x12, 0x7, 0x80, 0xc0, 0x30, 0x8,
    0x6, 0x1, 0x0, 0x40,

    /* U+0100 "Ā" */
    0x1f, 0x80, 0x0, 0x0, 0x0, 0x60, 0x6, 0x0,
    0xf0, 0x9, 0x1, 0x98, 0x10, 0x83, 0xfc, 0x20,
    0x46, 0x2, 0x40, 0x2c, 0x1,

    /* U+0101 "ā" */
    0x3f, 0x0, 0x0, 0x0, 0x79, 0x61, 0xd0, 0x38,
    0x6, 0x1, 0x80, 0x60, 0x14, 0xd, 0x87, 0x1e,
    0x40,

    /* U+0102 "Ă" */
    0x8, 0x40, 0x46, 0x1, 0xe0, 0x0, 0x0, 0x20,
    0x1, 0x80, 0x14, 0x0, 0x90, 0x8, 0x80, 0xc2,
    0x7, 0xf0, 0x60, 0x42, 0x3, 0x30, 0x9, 0x0,
    0x60,

    /* U+0103 "ă" */
    0x3f, 0x0, 0x0, 0x0, 0x79, 0x61, 0xd0, 0x38,
    0x6, 0x1, 0x80, 0x60, 0x14, 0xd, 0x87, 0x1e,
    0x40,

    /* U+0104 "Ą" */
    0x2, 0x0, 0x30, 0x1, 0xc0, 0x1a, 0x0, 0x98,
    0xc, 0x40, 0x43, 0x7, 0xf8, 0x20, 0x63, 0x1,
    0x10, 0xd, 0x80, 0x20, 0x2, 0x0, 0x10, 0x0,
    0xe0,

    /* U+0105 "ą" */
    0x1e, 0x4c, 0x39, 0x3, 0x40, 0x28, 0x5, 0x0,
    0xa0, 0x12, 0x6, 0x61, 0xc3, 0xc8, 0x2, 0x0,
    0x40, 0xe,

    /* U+0106 "Ć" */
    0x3, 0x0, 0x60, 0xc, 0x0, 0xfc, 0x30, 0x66,
    0x1, 0x40, 0x8, 0x0, 0x80, 0x8, 0x0, 0x80,
    0x4, 0x0, 0x60, 0x13, 0x7, 0xf, 0xc0,

    /* U+0107 "ć" */
    0x2, 0x1, 0x0, 0x80, 0x0, 0x0, 0x7, 0xc6,
    0x19, 0x2, 0x80, 0x20, 0x8, 0x2, 0x0, 0x40,
    0x98, 0x61, 0xf0,

    /* U+0108 "Ĉ" */
    0x2, 0x0, 0x70, 0x9, 0x80, 0xfc, 0x30, 0x66,
    0x1, 0x40, 0x8, 0x0, 0x80, 0x8, 0x0, 0x80,
    0x4, 0x0, 0x60, 0x13, 0x7, 0xf, 0xc0,

    /* U+0109 "ĉ" */
    0xc, 0xc, 0xc0, 0x0, 0x7c, 0x61, 0x90, 0x28,
    0x2, 0x0, 0x80, 0x20, 0x4, 0x9, 0x86, 0x1f,
    0x0,

    /* U+010A "Ċ" */
    0x3, 0x0, 0x18, 0x0, 0x0, 0x1f, 0x83, 0x3,
    0x30, 0xd, 0x0, 0x10, 0x0, 0x80, 0x4, 0x0,
    0x20, 0x0, 0x80, 0x6, 0x1, 0x98, 0x18, 0x3f,
    0x0,

    /* U+010B "ċ" */
    0xc, 0x3, 0x0, 0x0, 0x7c, 0x61, 0x90, 0x8,
    0x2, 0x0, 0x80, 0x20, 0x4, 0x1, 0x86, 0x1f,
    0x0,

    /* U+010C "Č" */
    0xc, 0x80, 0x70, 0x2, 0x0, 0xfc, 0x30, 0x66,
    0x1, 0x40, 0x8, 0x0, 0x80, 0x8, 0x0, 0x80,
    0x4, 0x0, 0x60, 0x13, 0x7, 0xf, 0xc0,

    /* U+010D "č" */
    0x13, 0x3, 0x0, 0x0, 0x7c, 0x61, 0x90, 0x28,
    0x2, 0x0, 0x80, 0x20, 0x4, 0x9, 0x86, 0x1f,
    0x0,

    /* U+010E "Ď" */
    0x63, 0x7, 0x80, 0x20, 0x0, 0xf, 0xe1, 0x3,
    0x20, 0x14, 0x3, 0x80, 0x30, 0x6, 0x0, 0xc0,
    0x18, 0x5, 0x3, 0x3f, 0xc0,

    /* U+010F "ď" */
    0x0, 0x50, 0x5, 0x0, 0x51, 0xe5, 0x61, 0xc4,
    0xc, 0x80, 0x48, 0x4, 0x80, 0x48, 0x4, 0x40,
    0xc6, 0x1c, 0x1e, 0x40,

    /* U+0110 "Đ" */
    0x3f, 0x81, 0x3, 0x8, 0xc, 0x40, 0x22, 0x0,
    0x90, 0x7, 0xf0, 0x24, 0x1, 0x20, 0x9, 0x0,
    0x88, 0x4, 0x40, 0xc3, 0xfc, 0x0,

    /* U+0111 "đ" */
    0x0, 0x40, 0x7c, 0x1, 0xf, 0x26, 0x1c, 0x81,
    0xa0, 0x14, 0x2, 0x80, 0x50, 0x9, 0x3, 0x30,
    0xe1, 0xe4,

    /* U+0112 "Ē" */
    0x7e, 0x0, 0x0, 0xff, 0x80, 0x80, 0x80, 0xff,
    0x80, 0x80, 0x80, 0x80, 0x80, 0xff,

    /* U+0113 "ē" */
    0x3f, 0x0, 0x0, 0x0, 0x78, 0x61, 0x90, 0x28,
    0xf, 0xff, 0x80, 0x20, 0x4, 0x9, 0x86, 0x1e,
    0x0,

    /* U+0114 "Ĕ" */
    0x85, 0x99, 0xe0, 0xf, 0xf0, 0x20, 0x40, 0xff,
    0x2, 0x4, 0x8, 0x10, 0x3f, 0x80,

    /* U+0115 "ĕ" */
    0x3f, 0x0, 0x0, 0x0, 0x78, 0x61, 0x90, 0x28,
    0xf, 0xff, 0x80, 0x20, 0x4, 0xd, 0x86, 0x1e,
    0x0,

    /* U+0116 "Ė" */
    0x18, 0x18, 0x0, 0xff, 0x80, 0x80, 0x80, 0xff,
    0x80, 0x80, 0x80, 0x80, 0x80, 0xff,

    /* U+0117 "ė" */
    0xc, 0x3, 0x0, 0x0, 0x78, 0x61, 0x90, 0x28,
    0xf, 0xff, 0x80, 0x20, 0x4, 0x9, 0x86, 0x1e,
    0x0,

    /* U+0118 "Ę" */
    0xff, 0x2, 0x4, 0x8, 0x1f, 0xe0, 0x40, 0x81,
    0x2, 0x7, 0xf0, 0x81, 0x3, 0x80,

    /* U+0119 "ę" */
    0x1e, 0x18, 0x64, 0xa, 0x3, 0xff, 0xe0, 0x8,
    0x1, 0x2, 0x61, 0x87, 0x80, 0x80, 0x20, 0xe,
    0x0,

    /* U+011A "Ě" */
    0xc6, 0x50, 0x40, 0xf, 0xf0, 0x20, 0x40, 0xff,
    0x2, 0x4, 0x8, 0x10, 0x3f, 0x80,

    /* U+011B "ě" */
    0x32, 0x3, 0x0, 0x0, 0x78, 0x61, 0x90, 0x28,
    0xf, 0xff, 0x80, 0x20, 0x4, 0xd, 0x86, 0x1e,
    0x0,

    /* U+011C "Ĝ" */
    0x2, 0x0, 0x1e, 0x0, 0xcc, 0x3, 0xf0, 0x30,
    0x31, 0x80, 0x24, 0x0, 0x20, 0x0, 0x80, 0x2,
    0x3, 0xf8, 0x0, 0xd0, 0x3, 0x60, 0x18, 0xe0,
    0xc0, 0xfc, 0x0,

    /* U+011D "ĝ" */
    0xc, 0xc, 0xc0, 0x0, 0x79, 0x21, 0xd0, 0x38,
    0x6, 0x1, 0x80, 0x60, 0x14, 0xd, 0x87, 0x1e,
    0x40, 0x16, 0x18, 0xfc,

    /* U+011E "Ğ" */
    0x8, 0xc0, 0x22, 0x0, 0x70, 0x3, 0xf0, 0x30,
    0x31, 0x80, 0x24, 0x0, 0x20, 0x0, 0x80, 0x2,
    0x3, 0xf8, 0x0, 0xd0, 0x3, 0x60, 0x18, 0xe0,
    0xc0, 0xfc, 0x0,

    /* U+011F "ğ" */
    0x3f, 0x0, 0x0, 0x0, 0x79, 0x21, 0xd0, 0x38,
    0x6, 0x1, 0x80, 0x60, 0x14, 0xd, 0x87, 0x1e,
    0x40, 0x16, 0x18, 0xfc,

    /* U+0120 "Ġ" */
    0x3, 0x0, 0xc, 0x0, 0x0, 0x3, 0xf0, 0x30,
    0x31, 0x80, 0x24, 0x0, 0x20, 0x0, 0x80, 0x2,
    0x3, 0xf8, 0x0, 0xd0, 0x3, 0x60, 0x18, 0xe0,
    0xc0, 0xfc, 0x0,

    /* U+0121 "ġ" */
    0xc, 0x3, 0x0, 0x0, 0x79, 0x21, 0xd0, 0x38,
    0x6, 0x1, 0x80, 0x60, 0x14, 0xd, 0x87, 0x1e,
    0x40, 0x14, 0x18, 0xfc,

    /* U+0122 "Ģ" */
    0xf, 0xc0, 0xc0, 0xc6, 0x0, 0x90, 0x0, 0x80,
    0x2, 0x0, 0x8, 0xf, 0xe0, 0x3, 0x40, 0xd,
    0x80, 0x63, 0x83, 0x3, 0xf0, 0x2, 0x0, 0x4,
    0x0, 0x70, 0x0,

    /* U+0123 "ģ" */
    0x4, 0x1, 0x0, 0x40, 0x10, 0x0, 0x7, 0x92,
    0x1d, 0x3, 0x80, 0x60, 0x18, 0x6, 0x1, 0x40,
    0xd8, 0x71, 0xe4, 0x1, 0x61, 0x8f, 0xc0,

    /* U+0124 "Ĥ" */
    0x1c, 0x1b, 0x18, 0xd0, 0x18, 0xc, 0x6, 0x3,
    0x1, 0xff, 0xc0, 0x60, 0x30, 0x18, 0xc, 0x4,

    /* U+0125 "ĥ" */
    0x8, 0x1c, 0xa6, 0x80, 0x80, 0x9c, 0xe2, 0xc1,
    0x81, 0x81, 0x81, 0x81, 0x81, 0x81, 0x81,

    /* U+0126 "Ħ" */
    0x40, 0x44, 0x4, 0xff, 0xf4, 0x4, 0x40, 0x44,
    0x4, 0x7f, 0xc4, 0x4, 0x40, 0x44, 0x4, 0x40,
    0x44, 0x4, 0x40, 0x40,

    /* U+0127 "ħ" */
    0x40, 0x3f, 0x4, 0x1, 0x3c, 0x70, 0x98, 0x14,
    0x5, 0x1, 0x40, 0x50, 0x14, 0x5, 0x1, 0x40,
    0x40,

    /* U+0128 "Ĩ" */
    0xfc, 0x1, 0x4, 0x10, 0x41, 0x4, 0x10, 0x41,
    0x4, 0x10,

    /* U+0129 "ĩ" */
    0xfc, 0x0, 0x4, 0x10, 0x41, 0x4, 0x10, 0x41,
    0x4, 0x10,

    /* U+012A "Ī" */
    0xfc, 0x0, 0x4, 0x10, 0x41, 0x4, 0x10, 0x41,
    0x4, 0x10, 0x40,

    /* U+012B "ī" */
    0xfc, 0x0, 0x8, 0x20, 0x82, 0x8, 0x20, 0x82,
    0x8, 0x20,

    /* U+012C "Ĭ" */
    0xc5, 0x13, 0x80, 0x10, 0x41, 0x4, 0x10, 0x41,
    0x4, 0x10, 0x41, 0x0,

    /* U+012D "ĭ" */
    0x7c, 0x0, 0x4, 0x10, 0x41, 0x4, 0x10, 0x41,
    0x4, 0x10,

    /* U+012E "Į" */
    0x49, 0x24, 0x92, 0x49, 0x49, 0xc0,

    /* U+012F "į" */
    0xf1, 0x55, 0x55, 0x6b,

    /* U+0130 "İ" */
    0xf2, 0xaa, 0xaa, 0xa0,

    /* U+0131 "ı" */
    0xff, 0xc0,

    /* U+0132 "Ĳ" */
    0x80, 0x60, 0x18, 0x6, 0x1, 0x80, 0x60, 0x18,
    0x6, 0x1, 0x80, 0x60, 0x18, 0x6, 0x23, 0x8f,
    0x80,

    /* U+0133 "ĳ" */
    0xcf, 0x30, 0x12, 0x49, 0x24, 0x92, 0x49, 0x24,
    0x92, 0x48, 0x20, 0x86,

    /* U+0134 "Ĵ" */
    0x8, 0x1c, 0x36, 0x4, 0x4, 0x4, 0x4, 0x4,
    0x4, 0x4, 0x4, 0x4, 0x4, 0xcc, 0x78,

    /* U+0135 "ĵ" */
    0x38, 0x98, 0x0, 0x81, 0x2, 0x4, 0x8, 0x10,
    0x20, 0x40, 0x81, 0x2, 0x4, 0x18,

    /* U+0136 "Ķ" */
    0x83, 0x46, 0x26, 0x16, 0xc, 0x6, 0x2, 0xc1,
    0x30, 0x8c, 0x43, 0x20, 0xc3, 0x0, 0x83, 0x80,

    /* U+0137 "ķ" */
    0x80, 0x80, 0x80, 0x86, 0x8c, 0x98, 0xa0, 0xc0,
    0xe0, 0xb0, 0x98, 0x8c, 0x86, 0x30, 0x10, 0x70,

    /* U+0138 "ĸ" */
    0x86, 0x8c, 0x90, 0xa0, 0xc0, 0xe0, 0xb0, 0x98,
    0x8c, 0x86,

    /* U+0139 "Ĺ" */
    0x30, 0x84, 0x0, 0x82, 0x8, 0x20, 0x82, 0x8,
    0x20, 0x82, 0xf, 0xc0,

    /* U+013A "ĺ" */
    0x12, 0x40, 0x22, 0x22, 0x22, 0x22, 0x22, 0x20,

    /* U+013B "Ļ" */
    0x82, 0x8, 0x20, 0x82, 0x8, 0x20, 0x82, 0x8,
    0x3f, 0x30, 0x46, 0x0,

    /* U+013C "ļ" */
    0x49, 0x24, 0x92, 0x49, 0x24, 0xce,

    /* U+013D "Ľ" */
    0x10, 0x49, 0x20, 0x82, 0x8, 0x20, 0x82, 0x8,
    0x20, 0xfc,

    /* U+013E "ľ" */
    0xb6, 0xd9, 0x24, 0x92, 0x48,

    /* U+013F "Ŀ" */
    0x80, 0x40, 0x20, 0x10, 0x8, 0x4, 0x2, 0x1,
    0x3, 0x81, 0xc0, 0x3f, 0x0,

    /* U+0140 "ŀ" */
    0x88, 0x88, 0x8b, 0xb8, 0x88, 0x88, 0x80,

    /* U+0141 "Ł" */
    0x20, 0x20, 0x20, 0x20, 0x2c, 0x38, 0x30, 0x60,
    0xe0, 0x20, 0x20, 0x20, 0x3f,

    /* U+0142 "ł" */
    0x21, 0x8, 0x43, 0x93, 0x94, 0x21, 0x8, 0x42,
    0x0,

    /* U+0143 "Ń" */
    0x3, 0x1, 0x80, 0x80, 0x0, 0x80, 0x70, 0x1e,
    0x6, 0xc1, 0x98, 0x63, 0x18, 0x66, 0xd, 0x81,
    0xe0, 0x38, 0x4,

    /* U+0144 "ń" */
    0xc, 0x10, 0x20, 0x0, 0x9c, 0xe2, 0xc1, 0x81,
    0x81, 0x81, 0x81, 0x81, 0x81, 0x81,

    /* U+0145 "Ņ" */
    0x80, 0x70, 0x1e, 0x6, 0xc1, 0x98, 0x63, 0x18,
    0x66, 0xd, 0x81, 0xe0, 0x38, 0x4, 0x30, 0x4,
    0x7, 0x0,

    /* U+0146 "ņ" */
    0x9c, 0xe2, 0xc1, 0x81, 0x81, 0x81, 0x81, 0x81,
    0x81, 0x81, 0x18, 0x8, 0x38,

    /* U+0147 "Ň" */
    0x21, 0x7, 0x80, 0xc0, 0x0, 0x80, 0x70, 0x1e,
    0x6, 0xc1, 0x98, 0x63, 0x18, 0x66, 0xd, 0x81,
    0xe0, 0x38, 0x4,

    /* U+0148 "ň" */
    0x36, 0x1c, 0x0, 0x9c, 0xe2, 0xc1, 0x81, 0x81,
    0x81, 0x81, 0x81, 0x81, 0x81,

    /* U+0149 "ŉ" */
    0x80, 0x20, 0x8, 0x2, 0x9c, 0x38, 0x8c, 0x12,
    0x4, 0x81, 0x20, 0x48, 0x12, 0x4, 0x81, 0x20,
    0x40,

    /* U+014A "Ŋ" */
    0x80, 0x60, 0x1c, 0x7, 0x81, 0xb0, 0x66, 0x18,
    0x86, 0x11, 0x86, 0x60, 0xd8, 0x1e, 0x3, 0x80,
    0x40, 0x10, 0x4, 0x7,

    /* U+014B "ŋ" */
    0x9c, 0xe2, 0xc1, 0x81, 0x81, 0x81, 0x81, 0x81,
    0x81, 0x81, 0x1, 0x1, 0x7,

    /* U+014C "Ō" */
    0xf, 0xc0, 0x0, 0x3, 0xe0, 0x60, 0xc6, 0x3,
    0x20, 0xa, 0x0, 0x30, 0x1, 0x80, 0xc, 0x0,
    0x50, 0x4, 0xc0, 0x63, 0x6, 0x7, 0xc0,

    /* U+014D "ō" */
    0x3f, 0x0, 0x0, 0x0, 0x78, 0x61, 0x90, 0x28,
    0x6, 0x1, 0x80, 0x60, 0x14, 0x9, 0x86, 0x1e,
    0x0,

    /* U+014E "Ŏ" */
    0x18, 0xc0, 0x44, 0x1, 0xc0, 0x1f, 0x3, 0x6,
    0x30, 0x19, 0x0, 0x50, 0x1, 0x80, 0xc, 0x0,
    0x60, 0x2, 0x80, 0x26, 0x3, 0x18, 0x30, 0x3e,
    0x0,

    /* U+014F "ŏ" */
    0x3f, 0x0, 0x0, 0x0, 0x78, 0x61, 0x90, 0x28,
    0x6, 0x1, 0x80, 0x60, 0x14, 0x9, 0x86, 0x1e,
    0x0,

    /* U+0150 "Ő" */
    0x6, 0xc0, 0x68, 0x0, 0x0, 0x1f, 0x3, 0x6,
    0x30, 0x19, 0x0, 0x50, 0x1, 0x80, 0xc, 0x0,
    0x60, 0x2, 0x80, 0x26, 0x3, 0x18, 0x30, 0x3e,
    0x0,

    /* U+0151 "ő" */
    0xd, 0x84, 0x80, 0x0, 0x0, 0x1e, 0x18, 0x64,
    0xa, 0x1, 0x80, 0x60, 0x18, 0x5, 0x2, 0x61,
    0x87, 0x80,

    /* U+0152 "Œ" */
    0xf, 0x9f, 0xcc, 0x34, 0x6, 0x7, 0x1, 0x0,
    0xc0, 0x80, 0x10, 0x20, 0x7, 0xe8, 0x1, 0x2,
    0x0, 0x40, 0x80, 0x10, 0x10, 0xc, 0x6, 0x7,
    0x0, 0xc3, 0x40, 0xf, 0x1f, 0x80,

    /* U+0153 "œ" */
    0x1e, 0x3e, 0x18, 0xd8, 0x64, 0x1c, 0xa, 0x2,
    0x3, 0x80, 0xff, 0xe0, 0x20, 0x8, 0x8, 0x1,
    0x7, 0x2, 0x63, 0x61, 0x87, 0x7, 0x80,

    /* U+0154 "Ŕ" */
    0x6, 0x8, 0x10, 0x0, 0xfc, 0x83, 0x81, 0x81,
    0x83, 0xfc, 0xb0, 0x98, 0x8c, 0x86, 0x83,

    /* U+0155 "ŕ" */
    0x34, 0xb, 0xc8, 0x88, 0x88, 0x88, 0x80,

    /* U+0156 "Ŗ" */
    0xfc, 0x83, 0x81, 0x81, 0x83, 0xfc, 0xb0, 0x98,
    0x88, 0x84, 0x82, 0x83, 0x18, 0x8, 0x30,

    /* U+0157 "ŗ" */
    0xbc, 0x88, 0x88, 0x88, 0x88, 0x62, 0xc0,

    /* U+0158 "Ř" */
    0xc6, 0x6c, 0x10, 0x0, 0xfc, 0x83, 0x81, 0x81,
    0x83, 0xfc, 0xb0, 0x98, 0x8c, 0x86, 0x83,

    /* U+0159 "ř" */
    0x6c, 0x60, 0x1, 0x63, 0x4, 0x8, 0x10, 0x20,
    0x40, 0x81, 0x2, 0x0,

    /* U+015A "Ś" */
    0x6, 0x18, 0x30, 0x3c, 0x63, 0x40, 0x40, 0x30,
    0x18, 0x6, 0x3, 0x1, 0xc1, 0x62, 0x3c,

    /* U+015B "ś" */
    0x11, 0x10, 0x0, 0x3a, 0x30, 0xc3, 0xc, 0x10,
    0xcf, 0xc0,

    /* U+015C "Ŝ" */
    0x8, 0x1c, 0x22, 0x3c, 0x63, 0x40, 0x40, 0x30,
    0x18, 0x6, 0x3, 0x1, 0xc1, 0x62, 0x3c,

    /* U+015D "ŝ" */
    0x72, 0x20, 0x1c, 0x8a, 0xc, 0x18, 0x30, 0x20,
    0xa6, 0xf0,

    /* U+015E "Ş" */
    0x3c, 0x63, 0x40, 0x60, 0x30, 0xc, 0x6, 0x1,
    0x1, 0xc1, 0x7e, 0x8, 0x1c, 0xc, 0x38,

    /* U+015F "ş" */
    0x74, 0x61, 0x87, 0xc, 0x31, 0xf1, 0xc, 0x26,
    0x0,

    /* U+0160 "Š" */
    0x61, 0x36, 0x8, 0x3c, 0x63, 0x40, 0x40, 0x30,
    0x18, 0x6, 0x3, 0x1, 0xc1, 0x62, 0x3c,

    /* U+0161 "š" */
    0x6c, 0xc0, 0xe, 0x45, 0x6, 0xc, 0x18, 0x10,
    0x53, 0x78,

    /* U+0162 "Ţ" */
    0xfe, 0x20, 0x40, 0x81, 0x2, 0x4, 0x8, 0x10,
    0x20, 0x40, 0x81, 0x81, 0xc, 0x0,

    /* U+0163 "ţ" */
    0x21, 0x9, 0xf2, 0x10, 0x84, 0x21, 0x8, 0x43,
    0x98, 0x5c,

    /* U+0164 "Ť" */
    0x46, 0x50, 0x40, 0xf, 0xe2, 0x4, 0x8, 0x10,
    0x20, 0x40, 0x81, 0x2, 0x4, 0x0,

    /* U+0165 "ť" */
    0x29, 0x49, 0xf2, 0x10, 0x84, 0x21, 0x8, 0x43,
    0x80,

    /* U+0166 "Ŧ" */
    0xfe, 0x20, 0x40, 0x81, 0x2, 0x1f, 0x88, 0x10,
    0x20, 0x40, 0x81, 0x0,

    /* U+0167 "ŧ" */
    0x21, 0x9, 0xf2, 0x10, 0x84, 0xf9, 0x8, 0x42,
    0x0,

    /* U+0168 "Ũ" */
    0x7e, 0x0, 0x81, 0x81, 0x81, 0x81, 0x81, 0x81,
    0x81, 0x81, 0x81, 0x42, 0x3c,

    /* U+0169 "ũ" */
    0x7e, 0x0, 0x0, 0x81, 0x81, 0x81, 0x81, 0x81,
    0x81, 0x81, 0x83, 0x47, 0x39,

    /* U+016A "Ū" */
    0x7e, 0x0, 0x0, 0x81, 0x81, 0x81, 0x81, 0x81,
    0x81, 0x81, 0x81, 0x81, 0x42, 0x3c,

    /* U+016B "ū" */
    0x7e, 0x0, 0x0, 0x81, 0x81, 0x81, 0x81, 0x81,
    0x81, 0x81, 0x83, 0x47, 0x39,

    /* U+016C "Ŭ" */
    0x42, 0x66, 0x3c, 0x0, 0x81, 0x81, 0x81, 0x81,
    0x81, 0x81, 0x81, 0x81, 0x81, 0x42, 0x3c,

    /* U+016D "ŭ" */
    0x3e, 0x0, 0x0, 0x81, 0x81, 0x81, 0x81, 0x81,
    0x81, 0x81, 0x83, 0x47, 0x39,

    /* U+016E "Ů" */
    0x18, 0x28, 0x18, 0x0, 0x81, 0x81, 0x81, 0x81,
    0x81, 0x81, 0x81, 0x81, 0x81, 0x42, 0x3c,

    /* U+016F "ů" */
    0x18, 0x18, 0x0, 0x81, 0x81, 0x81, 0x81, 0x81,
    0x81, 0x81, 0x83, 0x47, 0x39,

    /* U+0170 "Ű" */
    0x1a, 0x24, 0x0, 0x81, 0x81, 0x81, 0x81, 0x81,
    0x81, 0x81, 0x81, 0x81, 0x81, 0x42, 0x3c,

    /* U+0171 "ű" */
    0x1b, 0x34, 0x0, 0x0, 0x81, 0x81, 0x81, 0x81,
    0x81, 0x81, 0x81, 0x83, 0x47, 0x39,

    /* U+0172 "Ų" */
    0x81, 0x81, 0x81, 0x81, 0x81, 0x81, 0x81, 0x81,
    0x81, 0x81, 0x42, 0x3c, 0x10, 0x10, 0x1c,

    /* U+0173 "ų" */
    0x81, 0x81, 0x81, 0x81, 0x81, 0x81, 0x81, 0x83,
    0x47, 0x39, 0x10, 0x10, 0x1c,

    /* U+0174 "Ŵ" */
    0x1, 0x0, 0x7, 0x0, 0x19, 0x4, 0x8, 0x18,
    0x10, 0x38, 0x30, 0xd0, 0xe1, 0x21, 0x62, 0x66,
    0x4c, 0x48, 0x98, 0xb1, 0xa1, 0xc1, 0x41, 0x83,
    0x82, 0x2, 0x4, 0x4, 0x0,

    /* U+0175 "ŵ" */
    0x3, 0x80, 0xc, 0x80, 0x0, 0x6, 0x8, 0x34,
    0x10, 0x48, 0x70, 0x98, 0xa2, 0x13, 0x44, 0x34,
    0x58, 0x28, 0xa0, 0x61, 0xc0, 0x41, 0x0, 0x82,
    0x0,

    /* U+0176 "Ŷ" */
    0xc, 0xb, 0x8, 0xd8, 0x34, 0x11, 0x10, 0xd8,
    0x38, 0x8, 0x4, 0x2, 0x1, 0x0, 0x80, 0x40,

    /* U+0177 "ŷ" */
    0x1c, 0x19, 0x80, 0x8, 0x14, 0x1b, 0x8, 0x84,
    0x64, 0x12, 0xf, 0x3, 0x1, 0x80, 0x80, 0x40,
    0x40, 0x20,

    /* U+0178 "Ÿ" */
    0x0, 0x1b, 0x0, 0x18, 0x34, 0x11, 0x10, 0xd8,
    0x28, 0x8, 0x4, 0x2, 0x1, 0x0, 0x80, 0x40,

    /* U+0179 "Ź" */
    0x6, 0xc, 0x10, 0x0, 0x7f, 0x2, 0x4, 0xc,
    0x8, 0x18, 0x10, 0x30, 0x20, 0x60, 0x7f,

    /* U+017A "ź" */
    0x6, 0x8, 0x10, 0x0, 0x7f, 0x2, 0x6, 0xc,
    0x8, 0x18, 0x10, 0x30, 0x60, 0x7f,

    /* U+017B "Ż" */
    0x18, 0x18, 0x0, 0x7f, 0x2, 0x4, 0x4, 0x8,
    0x18, 0x10, 0x30, 0x20, 0x60, 0x7f,

    /* U+017C "ż" */
    0x18, 0x18, 0x0, 0x7f, 0x2, 0x6, 0xc, 0x8,
    0x18, 0x10, 0x30, 0x60, 0x7f,

    /* U+017D "Ž" */
    0x62, 0x3c, 0x8, 0x0, 0x7f, 0x2, 0x4, 0xc,
    0x8, 0x18, 0x10, 0x30, 0x20, 0x60, 0x7f,

    /* U+017E "ž" */
    0x26, 0x18, 0x0, 0x7f, 0x2, 0x6, 0xc, 0x8,
    0x18, 0x10, 0x30, 0x60, 0x7f,

    /* U+017F "ſ" */
    0xf2, 0x49, 0x24, 0x92, 0x48,

    /* U+03C4 "τ" */
    0xff, 0x10, 0x10, 0x10, 0x10, 0x10, 0x10, 0x10,
    0x10, 0x10,

    /* U+2010 "‐" */
    0xf8,

    /* U+2013 "–" */
    0xff, 0x80,

    /* U+2014 "—" */
    0xff, 0xff, 0xc0,

    /* U+2015 "―" */
    0xff, 0xff, 0x80,

    /* U+2016 "‖" */
    0x99, 0x99, 0x99, 0x99, 0x99, 0x99, 0x99, 0x99,

    /* U+2017 "‗" */
    0xff, 0x80, 0x3f, 0xe0,

    /* U+2018 "‘" */
    0x52, 0x4d, 0x80,

    /* U+2019 "’" */
    0x6c, 0x94, 0x80,

    /* U+201A "‚" */
    0xf0,

    /* U+201B "‛" */
    0xf0,

    /* U+201C "“" */
    0x64, 0x92, 0x24, 0x4c, 0xd9, 0x80,

    /* U+201D "”" */
    0x66, 0xcc, 0x89, 0x14, 0x49, 0x0,

    /* U+201E "„" */
    0x8c, 0x63, 0x10,

    /* U+2020 "†" */
    0x10, 0x20, 0x47, 0xf1, 0x2, 0x4, 0x8, 0x10,
    0x20, 0x40, 0x81, 0x2, 0x4, 0x0,

    /* U+2021 "‡" */
    0x10, 0x20, 0x47, 0xf1, 0x2, 0x4, 0x8, 0x10,
    0x20, 0x40, 0x8f, 0xe2, 0x4, 0x8,

    /* U+2022 "•" */
    0x77, 0xff, 0xf7, 0x0,

    /* U+2025 "‥" */
    0xe7, 0xe7,

    /* U+2026 "…" */
    0xc3, 0xf, 0xc, 0x30,

    /* U+2030 "‰" */
    0x38, 0x10, 0x4c, 0x20, 0x44, 0x40, 0x44, 0x80,
    0x44, 0x80, 0x45, 0x0, 0x4e, 0x0, 0x3a, 0x0,
    0x4, 0x0, 0x9, 0x8e, 0x12, 0x53, 0x12, 0x51,
    0x22, 0x51, 0x42, 0x51, 0x42, 0x51, 0x81, 0x8e,

    /* U+2032 "′" */
    0x69, 0x40,

    /* U+2033 "″" */
    0xd4, 0xad, 0x40,

    /* U+2035 "‵" */
    0x44, 0x62, 0x21,

    /* U+2039 "‹" */
    0x69, 0x69, 0x32, 0x4c,

    /* U+203A "›" */
    0x99, 0x26, 0xd2, 0xd0,

    /* U+203B "※" */
    0x0, 0x5, 0x0, 0x22, 0x31, 0x4, 0xc8, 0x8,
    0x40, 0x12, 0x6, 0x33, 0x18, 0xcc, 0x4, 0x80,
    0x21, 0x1, 0x32, 0x8, 0xc4, 0x40, 0x8, 0x0,
    0x0,

    /* U+203C "‼" */
    0x45, 0x14, 0x51, 0x45, 0x14, 0x51, 0x45, 0x10,
    0x33, 0xcc,

    /* U+203E "‾" */
    0xff, 0xe0,

    /* U+2044 "⁄" */
    0x4, 0x30, 0x82, 0x18, 0x41, 0xc, 0x20, 0x86,
    0x10, 0xc3, 0x8, 0x0,

    /* U+2192 "→" */
    0x0, 0x0, 0x0, 0x18, 0x0, 0x1c, 0xff, 0xff,
    0x0, 0x1e, 0x0, 0x18, 0x0, 0x0,

    /* U+2248 "≈" */
    0x3c, 0x1, 0x9c, 0x2c, 0x1f, 0x80, 0x38, 0x3c,
    0x1, 0x8c, 0x38, 0xf, 0x0,

    /* U+2264 "≤" */
    0x0, 0x30, 0x1c, 0xe, 0x3, 0x80, 0xc0, 0x7,
    0x80, 0x7, 0xf, 0xf, 0xe, 0x0, 0x1c, 0x0,
    0x30,

    /* U+2265 "≥" */
    0xc0, 0x3, 0x0, 0xe, 0x0, 0x1c, 0x0, 0x30,
    0x1e, 0xe, 0x7, 0xf, 0x87, 0x3, 0x80, 0xc0,
    0x0,

    /* U+25B2 "▲" */
    0x0, 0x0, 0xc, 0x0, 0x30, 0x1, 0xe0, 0x7,
    0x80, 0x3f, 0x0, 0xfe, 0x7, 0xf8, 0x3f, 0xf0,
    0xff, 0xc7, 0xff, 0x9f, 0xfe, 0xff, 0xfc,

    /* U+25CF "●" */
    0x7, 0xc0, 0x3f, 0xe0, 0xff, 0xe3, 0xff, 0xe7,
    0xff, 0xdf, 0xff, 0xff, 0xff, 0xff, 0xff, 0xff,
    0xff, 0xff, 0xfd, 0xff, 0xf3, 0xff, 0xe3, 0xff,
    0x83, 0xfe, 0x1, 0xf0, 0x0,

    /* U+2605 "★" */
    0x0, 0x0, 0x1, 0x80, 0x1, 0x80, 0x1, 0x80,
    0x3, 0xc0, 0x3, 0xc0, 0x7f, 0xff, 0x3f, 0xfc,
    0xf, 0xf0, 0x7, 0xe0, 0x7, 0xf0, 0xf, 0xf0,
    0xe, 0x70, 0xc, 0x10, 0x10, 0x8,

    /* U+2606 "☆" */
    0x0, 0x0, 0x1, 0x0, 0x1, 0x80, 0x1, 0x80,
    0x2, 0x80, 0x2, 0x40, 0x7e, 0x7e, 0x20, 0x4,
    0x18, 0x8, 0x4, 0x30, 0x4, 0x20, 0x9, 0x90,
    0xa, 0x50, 0xc, 0x30, 0x8, 0x8, 0x0, 0x0,

    /* U+3001 "、" */
    0x43, 0xc, 0x30,

    /* U+3002 "。" */
    0x74, 0x63, 0x17, 0x0,

    /* U+300A "《" */
    0x9, 0x13, 0x32, 0x24, 0x48, 0xd8, 0x48, 0x24,
    0x36, 0x12, 0x9,

    /* U+300B "》" */
    0x8, 0x48, 0x24, 0x36, 0x12, 0x9, 0x1b, 0x12,
    0x24, 0x4c, 0xc8,

    /* U+300C "「" */
    0xfc, 0x21, 0x8, 0x42, 0x10, 0x84, 0x21, 0x8,
    0x0,

    /* U+300D "」" */
    0x8, 0x42, 0x10, 0x84, 0x21, 0x8, 0x42, 0x1f,
    0x80,

    /* U+4E00 "一" */
    0xff, 0xff, 0xff, 0xfc,

    /* U+4E03 "七" */
    0x3, 0x0, 0x1, 0x80, 0x0, 0xc0, 0x0, 0x60,
    0x0, 0x30, 0x30, 0x19, 0xfc, 0x1f, 0xc1, 0xfe,
    0x0, 0xe3, 0x0, 0x1, 0x80, 0x0, 0xc0, 0x0,
    0x60, 0x0, 0x30, 0x30, 0x18, 0x18, 0xf, 0xf8,

    /* U+4E07 "万" */
    0xff, 0xff, 0x6, 0x0, 0x6, 0x0, 0x6, 0x0,
    0x7, 0xf8, 0x6, 0x18, 0x6, 0x18, 0xc, 0x18,
    0xc, 0x18, 0x1c, 0x18, 0x38, 0x18, 0x70, 0xf8,
    0xe0, 0x70,

    /* U+4E09 "三" */
    0x7f, 0xfc, 0x0, 0x0, 0x0, 0x0, 0x0, 0x0,
    0x0, 0x7, 0xff, 0x0, 0x0, 0x0, 0x0, 0x0,
    0x0, 0x0, 0x0, 0x0, 0x7, 0xff, 0xf0,

    /* U+4E0A "上" */
    0x2, 0x0, 0x3, 0x0, 0x3, 0x0, 0x3, 0x0,
    0x3, 0x0, 0x3, 0xfc, 0x3, 0x0, 0x3, 0x0,
    0x3, 0x0, 0x3, 0x0, 0x3, 0x0, 0x3, 0x0,
    0x3, 0x0, 0x3, 0x0, 0xff, 0xff,

    /* U+4E0B "下" */
    0xff, 0xfe, 0x6, 0x0, 0xc, 0x0, 0x18, 0x0,
    0x36, 0x0, 0x66, 0x0, 0xc6, 0x1, 0x86, 0x3,
    0x4, 0x6, 0x0, 0xc, 0x0, 0x18, 0x0, 0x30,
    0x0, 0x60, 0x0,

    /* U+4E0D "不" */
    0x7f, 0xff, 0x80, 0x30, 0x0, 0x30, 0x0, 0x18,
    0x0, 0x1c, 0x0, 0x1e, 0xc0, 0x1b, 0x30, 0x19,
    0x8c, 0x38, 0xc3, 0x38, 0x60, 0xc8, 0x30, 0x40,
    0x18, 0x0, 0xc, 0x0, 0x6, 0x0, 0x3, 0x0,

    /* U+4E0E "与" */
    0x30, 0x0, 0xc0, 0x3, 0xff, 0xcc, 0x0, 0x30,
    0x0, 0xc0, 0x3, 0xff, 0x80, 0x2, 0x0, 0x8,
    0x0, 0x2f, 0xfc, 0x80, 0x6, 0x0, 0x18, 0x3,
    0xe0, 0x7, 0x0,

    /* U+4E13 "专" */
    0x1, 0x0, 0x1, 0x80, 0x3, 0x0, 0x3f, 0xfc,
    0x2, 0x0, 0x2, 0x0, 0x6, 0x0, 0xff, 0xff,
    0x4, 0x0, 0xc, 0x0, 0xf, 0xfc, 0x0, 0x30,
    0xc, 0x60, 0xf, 0xc0, 0x1, 0xc0, 0x0, 0x70,
    0x0, 0x10,

    /* U+4E14 "且" */
    0x1f, 0xf8, 0x18, 0x18, 0x18, 0x18, 0x18, 0x18,
    0x1f, 0xf8, 0x18, 0x18, 0x18, 0x18, 0x18, 0x18,
    0x1f, 0xf8, 0x18, 0x18, 0x18, 0x18, 0x18, 0x18,
    0xff, 0xff,

    /* U+4E1A "业" */
    0x0, 0x0, 0x6, 0x60, 0x6, 0x60, 0x6, 0x60,
    0x46, 0x63, 0x46, 0x66, 0x66, 0x66, 0x66, 0x66,
    0x26, 0x64, 0x36, 0x6c, 0x36, 0x6c, 0x6, 0x60,
    0x6, 0x60, 0x6, 0x60, 0xff, 0xff,

    /* U+4E1C "东" */
    0x1, 0x0, 0x0, 0xc0, 0x0, 0x40, 0xf, 0xff,
    0xe0, 0x60, 0x0, 0x24, 0x0, 0x33, 0x0, 0x30,
    0x80, 0x3f, 0xfe, 0x0, 0x20, 0x0, 0x10, 0x1,
    0x89, 0x81, 0x84, 0x61, 0x82, 0x1d, 0x87, 0x4,
    0x3, 0x80,

    /* U+4E22 "丢" */
    0x0, 0x3c, 0x3f, 0xe0, 0x1, 0x80, 0x1, 0x80,
    0x1, 0x80, 0x7f, 0xfc, 0x1, 0x80, 0x1, 0x80,
    0xff, 0xff, 0x3, 0x80, 0x7, 0x30, 0xc, 0x18,
    0x18, 0xc, 0x3f, 0xfe, 0x30, 0x6,

    /* U+4E24 "两" */
    0xff, 0xfc, 0x12, 0x0, 0x48, 0x1, 0x20, 0xff,
    0xff, 0x12, 0x3c, 0x48, 0xf3, 0x23, 0xcb, 0x4f,
    0x65, 0xbf, 0x10, 0xf0, 0x83, 0xc0, 0x1f, 0x0,
    0xf0,

    /* U+4E2A "个" */
    0x1, 0x80, 0x0, 0xc0, 0x0, 0xf0, 0x0, 0xcc,
    0x0, 0x67, 0x0, 0xe1, 0xc0, 0xe6, 0x38, 0xc3,
    0xe, 0xc1, 0x81, 0x0, 0xc0, 0x0, 0x60, 0x0,
    0x30, 0x0, 0x18, 0x0, 0xc, 0x0, 0x6, 0x0,
    0x3, 0x0, 0x1, 0x80, 0x0,

    /* U+4E2D "中" */
    0x0, 0x0, 0xc, 0x0, 0x30, 0x0, 0xc0, 0xff,
    0xff, 0xc, 0x3c, 0x30, 0xf0, 0xc3, 0xc3, 0xf,
    0xc, 0x3f, 0xff, 0xf0, 0xc3, 0x3, 0x0, 0xc,
    0x0, 0x30, 0x0, 0xc0, 0x3, 0x0,

    /* U+4E32 "串" */
    0x2, 0x0, 0x10, 0x3f, 0xfd, 0x84, 0x2c, 0x21,
    0x7f, 0xf8, 0x8, 0x0, 0x40, 0xff, 0xfc, 0x10,
    0x60, 0x83, 0x4, 0x1f, 0xff, 0xc1, 0x0, 0x8,
    0x0, 0x40,

    /* U+4E34 "临" */
    0x0, 0x0, 0x23, 0x2, 0x47, 0xfc, 0x90, 0x9,
    0x6c, 0x13, 0x8c, 0x24, 0x18, 0x48, 0x0, 0x93,
    0xfd, 0x24, 0x8a, 0x49, 0x14, 0x92, 0x29, 0x24,
    0x52, 0x7f, 0x84, 0x81, 0x8, 0x0,

    /* U+4E3A "为" */
    0x0, 0x80, 0x31, 0x80, 0x33, 0x0, 0x66, 0x0,
    0x8, 0xf, 0xff, 0xc0, 0x61, 0x80, 0xc3, 0x1,
    0x6, 0x7, 0x8c, 0x19, 0x98, 0x30, 0x30, 0xc0,
    0x47, 0x1, 0xbc, 0xf, 0x20, 0x1c,

    /* U+4E3B "主" */
    0x7, 0x0, 0x6, 0x0, 0x0, 0x7, 0xff, 0xe0,
    0x30, 0x0, 0x60, 0x0, 0xc0, 0x1, 0x80, 0x7f,
    0xf8, 0x6, 0x0, 0xc, 0x0, 0x18, 0x0, 0x30,
    0x0, 0x60, 0x3f, 0xff, 0x80,

    /* U+4E3D "丽" */
    0xff, 0xfe, 0x0, 0x0, 0x0, 0x3, 0xf3, 0xe4,
    0x24, 0x48, 0x48, 0x96, 0x95, 0x2d, 0x2a, 0x5a,
    0x54, 0x94, 0xb9, 0x9, 0x12, 0x12, 0x24, 0xe4,
    0xc9, 0x89, 0x80,

    /* U+4E3E "举" */
    0x11, 0x8c, 0x1c, 0xc6, 0x6, 0x36, 0x0, 0x2,
    0x7, 0xff, 0xf0, 0x30, 0x80, 0x33, 0x60, 0x71,
    0x1c, 0xff, 0xfb, 0x20, 0x40, 0x0, 0x20, 0x7,
    0xff, 0xe0, 0x8, 0x0, 0x4, 0x0, 0x2, 0x0,
    0x1, 0x0,

    /* U+4E45 "久" */
    0x7, 0x0, 0x6, 0x0, 0xc, 0x0, 0xf, 0xf0,
    0x18, 0x60, 0x18, 0x60, 0x30, 0xc0, 0x60, 0xc0,
    0x1, 0xe0, 0x3, 0x20, 0x3, 0x30, 0xe, 0x18,
    0x1c, 0xe, 0x70, 0x7, 0xe0, 0x2,

    /* U+4E48 "么" */
    0x6, 0x0, 0x8, 0x0, 0x30, 0x0, 0x43, 0x1,
    0x86, 0x6, 0x18, 0x18, 0x60, 0x30, 0x80, 0xc3,
    0x0, 0xc, 0x40, 0x30, 0xc0, 0xc1, 0xc3, 0x1,
    0x8f, 0xff, 0x90, 0x1, 0x80,

    /* U+4E49 "义" */
    0x1, 0x0, 0x3, 0x0, 0x31, 0x8c, 0x31, 0x8c,
    0x10, 0x98, 0x18, 0x18, 0x18, 0x10, 0xc, 0x30,
    0x4, 0x60, 0x6, 0x60, 0x3, 0xc0, 0x1, 0x80,
    0x7, 0xc0, 0xc, 0x78, 0x78, 0x3f, 0xf0, 0x6,
    0x40, 0x0,

    /* U+4E4B "之" */
    0x3, 0x0, 0x1, 0x80, 0x1, 0x80, 0x0, 0x0,
    0x7f, 0xfe, 0x0, 0x1c, 0x0, 0x30, 0x0, 0x60,
    0x0, 0xc0, 0x1, 0x80, 0x2, 0x0, 0x4, 0x0,
    0x8, 0x0, 0x3c, 0x0, 0xc3, 0x1, 0x81, 0xfe,

    /* U+4E4E "乎" */
    0x0, 0x4, 0x0, 0x7f, 0xf, 0xf0, 0x0, 0x18,
    0x0, 0x8c, 0x60, 0xc6, 0x60, 0x33, 0x20, 0x11,
    0x80, 0x0, 0xc0, 0x7f, 0xff, 0xc0, 0x30, 0x0,
    0x18, 0x0, 0xc, 0x0, 0x6, 0x0, 0x3, 0x0,
    0x7, 0x80, 0x2, 0x0, 0x0,

    /* U+4E5F "也" */
    0x0, 0xc0, 0x0, 0x60, 0x7, 0x30, 0x3, 0x19,
    0xc1, 0x8f, 0xe0, 0xfe, 0x33, 0xf3, 0x19, 0xb1,
    0x8c, 0x18, 0xc4, 0xc, 0x6e, 0x6, 0x37, 0x3,
    0x18, 0x21, 0x80, 0x18, 0xc0, 0x8, 0x3f, 0xf8,

    /* U+4E60 "习" */
    0x7f, 0xf8, 0x0, 0xc4, 0x6, 0x70, 0x30, 0xc1,
    0x83, 0xc, 0x0, 0x60, 0x33, 0x1f, 0x1f, 0xc0,
    0xf8, 0x7, 0x0, 0x30, 0xf, 0x80, 0x78,

    /* U+4E66 "书" */
    0x3, 0x0, 0x3, 0x8, 0x3, 0xe, 0x3, 0x3,
    0x7f, 0xf8, 0x3, 0x18, 0x3, 0x18, 0x3, 0x10,
    0x3, 0x10, 0xff, 0xfe, 0x3, 0x6, 0x3, 0x6,
    0x3, 0x6, 0x3, 0x6, 0x3, 0x1e, 0x3, 0x18,
    0x3, 0x0,

    /* U+4E86 "了" */
    0xff, 0xfc, 0x0, 0xe0, 0x6, 0x0, 0x70, 0x3,
    0x80, 0xc, 0x0, 0x30, 0x0, 0xc0, 0x3, 0x0,
    0xc, 0x0, 0x30, 0x0, 0xc0, 0x3, 0x0, 0x3c,
    0x0, 0x0, 0x0,

    /* U+4E89 "争" */
    0xc, 0x0, 0xc, 0x0, 0x1f, 0xe0, 0x30, 0x60,
    0x60, 0x40, 0xdf, 0xfc, 0x1, 0x8c, 0x1, 0x8c,
    0xff, 0xff, 0x1, 0x8c, 0x1, 0x8c, 0x3f, 0xfc,
    0x1, 0x8c, 0x1, 0x80, 0x1, 0x80, 0x7, 0x80,

    /* U+4E8B "事" */
    0x1, 0x0, 0x1, 0x0, 0xff, 0xfe, 0x1, 0x0,
    0x3f, 0xf8, 0x21, 0x8, 0x21, 0x8, 0x3f, 0xf8,
    0x1, 0x0, 0x7f, 0xfc, 0x1, 0x4, 0xff, 0xff,
    0x1, 0x4, 0x7f, 0xfc, 0x1, 0x4, 0x3, 0x0,
    0x6, 0x0,

    /* U+4E8C "二" */
    0x3f, 0xf8, 0x0, 0x0, 0x0, 0x0, 0x0, 0x0,
    0x0, 0x0, 0x0, 0x0, 0x0, 0x0, 0x0, 0x0,
    0x0, 0x0, 0x3, 0xff, 0xf8,

    /* U+4E8E "于" */
    0x3f, 0xfc, 0x1, 0x80, 0x1, 0x80, 0x1, 0x80,
    0x1, 0x80, 0x1, 0x80, 0xff, 0xff, 0x1, 0x80,
    0x1, 0x80, 0x1, 0x80, 0x1, 0x80, 0x1, 0x80,
    0x1, 0x80, 0x7, 0x80, 0x7, 0x0,

    /* U+4E91 "云" */
    0x3f, 0xf8, 0x0, 0x0, 0x0, 0x0, 0x0, 0xf,
    0xff, 0xe0, 0x40, 0x1, 0xc0, 0x3, 0x10, 0xc,
    0x70, 0x30, 0x60, 0xc0, 0x63, 0xff, 0xe7, 0xe0,
    0xc0,

    /* U+4E94 "五" */
    0x7f, 0xfe, 0x1, 0x0, 0x3, 0x0, 0x3, 0x0,
    0x3, 0x0, 0x3f, 0xf8, 0x3, 0x18, 0x2, 0x18,
    0x2, 0x18, 0x6, 0x18, 0x6, 0x18, 0x6, 0x18,
    0xff, 0xff,

    /* U+4EA4 "交" */
    0x1, 0x0, 0x6, 0x0, 0x4, 0x7, 0xff, 0xf0,
    0x0, 0x1, 0x8e, 0x6, 0x6, 0x38, 0x6, 0xe8,
    0x64, 0x18, 0xc0, 0x1b, 0x0, 0x3c, 0x0, 0x38,
    0x1, 0xf8, 0x1f, 0x1f, 0xf8, 0xe,

    /* U+4EA7 "产" */
    0x1, 0x80, 0x0, 0x80, 0x7f, 0xfe, 0x0, 0x10,
    0x6, 0x10, 0x4, 0x20, 0x3f, 0xff, 0x30, 0x0,
    0x30, 0x0, 0x30, 0x0, 0x20, 0x0, 0x20, 0x0,
    0x60, 0x0, 0xc0, 0x0, 0xc0, 0x0,

    /* U+4EAB "享" */
    0x3, 0x0, 0x1, 0x80, 0xff, 0xfe, 0x0, 0x0,
    0x3f, 0xf8, 0x30, 0x8, 0x30, 0x8, 0x3f, 0xf8,
    0x0, 0x0, 0x7f, 0xfc, 0x0, 0x78, 0x1, 0x80,
    0xff, 0xff, 0x1, 0x80, 0x1, 0x80, 0x7, 0x0,
    0x0, 0x0,

    /* U+4EAC "京" */
    0x1, 0x0, 0x3, 0x3, 0xff, 0xf8, 0x0, 0x0,
    0x0, 0x7, 0xff, 0xc, 0x6, 0x18, 0xc, 0x30,
    0x18, 0x7f, 0xf0, 0x6, 0x0, 0x8c, 0x83, 0x99,
    0x8c, 0x31, 0xb0, 0x61, 0x3, 0x80, 0x6, 0x0,

    /* U+4EAE "亮" */
    0x3, 0x0, 0x1, 0x80, 0xff, 0xfe, 0x0, 0x0,
    0x3f, 0xf8, 0x20, 0x18, 0x20, 0x18, 0x3f, 0xf8,
    0x0, 0x0, 0xff, 0xfe, 0xc0, 0x6, 0xf, 0xc0,
    0x8, 0x40, 0x18, 0x43, 0x18, 0x46, 0xf0, 0x7e,
    0x40, 0x0,

    /* U+4EBA "人" */
    0x1, 0x80, 0x1, 0x80, 0x1, 0x80, 0x1, 0x80,
    0x1, 0x80, 0x1, 0x80, 0x3, 0x80, 0x3, 0xc0,
    0x6, 0x40, 0x6, 0x60, 0xc, 0x30, 0x1c, 0x38,
    0x38, 0x1c, 0x70, 0xf, 0xc0, 0x2,

    /* U+4EC0 "什" */
    0xc, 0x30, 0x4, 0x18, 0x6, 0xc, 0x3, 0x6,
    0x3, 0x83, 0x3, 0xdf, 0xfd, 0xe0, 0xc0, 0xb0,
    0x60, 0x18, 0x30, 0xc, 0x18, 0x6, 0xc, 0x3,
    0x6, 0x1, 0x83, 0x0, 0xc1, 0x80, 0x60, 0xc0,
    0x30, 0x60,

    /* U+4EC5 "仅" */
    0x18, 0x0, 0x60, 0x0, 0x9f, 0xf1, 0x10, 0x66,
    0x30, 0x8c, 0x63, 0x38, 0xc6, 0x50, 0x88, 0x21,
    0xb0, 0x43, 0x40, 0x83, 0x81, 0x7, 0x2, 0x1f,
    0x4, 0x67, 0xcb, 0x83, 0x94, 0x0,

    /* U+4ECA "今" */
    0x1, 0x80, 0x3, 0x80, 0x6, 0x40, 0xc, 0x60,
    0x18, 0x38, 0x31, 0x1f, 0x61, 0x86, 0xc1, 0x80,
    0x0, 0x0, 0x3f, 0xf8, 0x0, 0x18, 0x0, 0x30,
    0x0, 0x60, 0x0, 0xe0, 0x1, 0xc0, 0x0, 0x80,

    /* U+4ECD "仍" */
    0x18, 0x0, 0x67, 0xf8, 0xc2, 0x31, 0x4, 0x66,
    0x8, 0xcc, 0x11, 0x38, 0x23, 0xd0, 0x41, 0x21,
    0x86, 0x42, 0xc, 0x84, 0x19, 0x18, 0x32, 0x60,
    0x44, 0xc0, 0x8f, 0x7, 0x10, 0x0,

    /* U+4ECE "从" */
    0xc, 0x30, 0x8, 0x20, 0x8, 0x20, 0x8, 0x20,
    0x8, 0x20, 0x8, 0x20, 0x8, 0x20, 0xc, 0x20,
    0x1e, 0x50, 0x13, 0x50, 0x12, 0xd0, 0x30, 0x98,
    0x61, 0x8c, 0xc3, 0x6, 0xe, 0x2, 0x0, 0x0,

    /* U+4ED6 "他" */
    0xc, 0x20, 0xe, 0x10, 0x6, 0x48, 0x2, 0x24,
    0x23, 0x12, 0xf1, 0x89, 0xf9, 0xc7, 0x8c, 0xfe,
    0x46, 0x55, 0x23, 0x8, 0x91, 0x84, 0x4b, 0xc2,
    0x25, 0x81, 0x12, 0x0, 0x88, 0xc, 0x44, 0x6,
    0x23, 0xfe, 0x10, 0x0, 0x0,

    /* U+4ED8 "付" */
    0x8, 0xc, 0xc, 0x6, 0x4, 0x3, 0x6, 0x1,
    0x83, 0x7f, 0xfb, 0x80, 0x61, 0xc0, 0x31, 0xa3,
    0x18, 0x11, 0x8c, 0x8, 0x66, 0x4, 0x23, 0x2,
    0x1, 0x81, 0x0, 0xc0, 0x80, 0x60, 0x40, 0xf0,
    0x20, 0x70,

    /* U+4EE5 "以" */
    0x0, 0x8, 0x40, 0xc, 0x46, 0x8, 0x47, 0x8,
    0x43, 0x88, 0x41, 0x88, 0x40, 0x8, 0x40, 0x18,
    0x44, 0x18, 0x4c, 0x10, 0x58, 0x30, 0x70, 0x78,
    0x60, 0xcc, 0x43, 0x86, 0x5f, 0x6, 0xc, 0x0,

    /* U+4EEA "仪" */
    0x30, 0x80, 0x30, 0x80, 0x20, 0xcc, 0x24, 0xc8,
    0x66, 0x8, 0x66, 0x18, 0xe2, 0x18, 0xa3, 0x10,
    0x21, 0x30, 0x21, 0xe0, 0x20, 0xc0, 0x21, 0xe0,
    0x23, 0xb8, 0x2e, 0x1e, 0x2c, 0x6, 0x20, 0x0,

    /* U+4EF6 "件" */
    0x18, 0x30, 0x19, 0x30, 0x13, 0x30, 0x33, 0x30,
    0x33, 0xff, 0x76, 0x30, 0x56, 0x30, 0xd0, 0x30,
    0x10, 0x30, 0x17, 0xff, 0x10, 0x30, 0x10, 0x30,
    0x10, 0x30, 0x10, 0x30, 0x10, 0x30, 0x10, 0x30,

    /* U+4EF7 "价" */
    0x8, 0x20, 0x3, 0xc, 0x0, 0xc3, 0x80, 0x61,
    0xb0, 0x18, 0x66, 0xe, 0x30, 0xc3, 0x98, 0x1d,
    0xfd, 0x1a, 0x58, 0x46, 0x6, 0x11, 0x81, 0x84,
    0x60, 0x61, 0x18, 0x18, 0xc6, 0x6, 0x61, 0x81,
    0xb8, 0x60, 0x6c, 0x18,

    /* U+4EFB "任" */
    0x18, 0x0, 0x30, 0x7c, 0x37, 0xe0, 0x20, 0x60,
    0x60, 0x60, 0x60, 0x60, 0xe0, 0x60, 0xaf, 0xff,
    0xa0, 0x60, 0x20, 0x60, 0x20, 0x60, 0x20, 0x60,
    0x20, 0x60, 0x20, 0x60, 0x27, 0xfe, 0x20, 0x0,

    /* U+4EFD "份" */
    0x8, 0x8, 0xc, 0x64, 0x6, 0x33, 0x2, 0x11,
    0x83, 0x18, 0x41, 0x8c, 0x31, 0xcc, 0xd, 0xad,
    0xff, 0x54, 0x44, 0x8, 0x22, 0x4, 0x31, 0x2,
    0x18, 0x81, 0xc, 0x40, 0x84, 0x20, 0x46, 0x10,
    0x26, 0x38, 0x12, 0x18, 0x0,

    /* U+4F18 "优" */
    0x0, 0xc0, 0x18, 0xc0, 0x10, 0xdc, 0x10, 0xcc,
    0x30, 0xc0, 0x37, 0xfe, 0x70, 0xf0, 0xd0, 0xb0,
    0x50, 0xb0, 0x11, 0xb0, 0x11, 0xb0, 0x11, 0xb0,
    0x13, 0x30, 0x13, 0x33, 0x16, 0x33, 0x1c, 0x1e,
    0x10, 0x0,

    /* U+4F1A "会" */
    0x1, 0x80, 0x3, 0x80, 0x6, 0x40, 0xc, 0x60,
    0x18, 0x38, 0x30, 0xe, 0xef, 0xf3, 0x0, 0x0,
    0x0, 0x0, 0x0, 0x0, 0x7f, 0xfe, 0x3, 0x0,
    0x7, 0x20, 0xc, 0x30, 0x18, 0x18, 0x3f, 0xfc,
    0x30, 0x4,

    /* U+4F1F "伟" */
    0x8, 0x30, 0x6, 0x18, 0x2, 0xc, 0x3, 0x7f,
    0xf1, 0x83, 0x1, 0xc1, 0x81, 0xe7, 0xfd, 0xb0,
    0x60, 0x58, 0x30, 0xc, 0x18, 0x6, 0xff, 0xe3,
    0x6, 0x31, 0x83, 0x18, 0xc1, 0x8c, 0x60, 0xde,
    0x30, 0x66, 0x18, 0x30, 0x0,

    /* U+4F20 "传" */
    0x0, 0x40, 0x18, 0x60, 0x18, 0x60, 0x13, 0xfe,
    0x30, 0x40, 0x30, 0x40, 0x70, 0xc0, 0x77, 0xff,
    0x50, 0x80, 0x10, 0x80, 0x11, 0xfe, 0x10, 0xc,
    0x10, 0x18, 0x10, 0xf0, 0x10, 0x30, 0x10, 0x1c,
    0x10, 0x8,

    /* U+4F2A "伪" */
    0xf, 0x98, 0x6, 0x4c, 0x7, 0x34, 0x3, 0x2,
    0x3, 0xbf, 0xf9, 0xc1, 0x8d, 0xe0, 0xc6, 0xb0,
    0x43, 0x18, 0x69, 0x8c, 0x3c, 0xc6, 0x12, 0x63,
    0x18, 0x31, 0x98, 0x10, 0xd8, 0x18, 0x7c, 0x3c,
    0x34, 0x1c,

    /* U+4F30 "估" */
    0x10, 0x60, 0x10, 0x60, 0x30, 0x60, 0x20, 0x60,
    0x2f, 0xff, 0x60, 0x60, 0x60, 0x60, 0xe0, 0x60,
    0xa0, 0x60, 0x27, 0xfc, 0x26, 0xc, 0x26, 0xc,
    0x26, 0xc, 0x26, 0xc, 0x27, 0xfc, 0x26, 0xc,

    /* U+4F3C "似" */
    0x21, 0xc, 0x18, 0xc6, 0x8, 0x33, 0x4, 0x89,
    0x82, 0x44, 0xc3, 0x20, 0x61, 0x90, 0x31, 0xc8,
    0x18, 0xa4, 0x8c, 0x12, 0x6c, 0x9, 0x66, 0x4,
    0xe3, 0x82, 0x63, 0x61, 0x23, 0x18, 0x87, 0xc,
    0x46, 0x0,

    /* U+4F46 "但" */
    0x18, 0x0, 0x33, 0xfe, 0x22, 0x6, 0x22, 0x6,
    0x62, 0x6, 0xe3, 0xfe, 0xe2, 0x6, 0xa2, 0x6,
    0x22, 0x6, 0x22, 0x6, 0x23, 0xfe, 0x20, 0x0,
    0x20, 0x0, 0x20, 0x0, 0x2f, 0xff, 0x20, 0x0,

    /* U+4F4D "位" */
    0xe, 0x30, 0x6, 0xc, 0x3, 0x4, 0x3, 0x3f,
    0xf1, 0x80, 0x1, 0xc0, 0x31, 0xe3, 0x18, 0xb1,
    0x8c, 0x18, 0x44, 0xc, 0x22, 0x6, 0x1b, 0x3,
    0x1, 0x81, 0x80, 0x80, 0xdf, 0xfc, 0x60, 0x0,
    0x30, 0x0,

    /* U+4F4E "低" */
    0xc, 0x4, 0xc, 0xff, 0x4, 0x64, 0x2, 0x22,
    0x3, 0x11, 0x1, 0x88, 0x81, 0xc7, 0xfc, 0xa2,
    0x20, 0x11, 0x10, 0x8, 0x8c, 0x4, 0x42, 0x2,
    0x2d, 0x1, 0x1c, 0x58, 0x8d, 0xb8, 0x44, 0xcc,
    0x20, 0x0,

    /* U+4F53 "体" */
    0x0, 0x40, 0x30, 0x40, 0x30, 0x40, 0x20, 0x40,
    0x2f, 0xfe, 0x61, 0x60, 0x61, 0x60, 0xe1, 0x50,
    0xa3, 0x50, 0x22, 0x58, 0x26, 0x4c, 0x2c, 0x46,
    0x3f, 0xf2, 0x28, 0x40, 0x20, 0x40, 0x20, 0x40,
    0x20, 0x40,

    /* U+4F55 "何" */
    0x0, 0x0, 0x38, 0x0, 0x37, 0xff, 0x20, 0x4,
    0x20, 0x4, 0x60, 0x4, 0x63, 0xc4, 0xe2, 0x44,
    0xa2, 0x44, 0x22, 0x44, 0x22, 0x44, 0x23, 0xc4,
    0x22, 0x44, 0x22, 0x4, 0x20, 0x4, 0x20, 0x3c,
    0x20, 0x1c,

    /* U+4F59 "余" */
    0x0, 0xc0, 0x0, 0xe0, 0x0, 0xf8, 0x0, 0xe6,
    0x0, 0xe1, 0x80, 0xc0, 0x71, 0xdf, 0xee, 0xc1,
    0x80, 0x0, 0xc0, 0x0, 0x60, 0xf, 0xff, 0x80,
    0x18, 0x0, 0xcd, 0x80, 0xc6, 0x70, 0xc3, 0x1c,
    0x47, 0x80, 0x1, 0x80, 0x0,

    /* U+4F5C "作" */
    0x1, 0xc0, 0x31, 0x80, 0x31, 0x0, 0x23, 0xff,
    0x22, 0xc0, 0x66, 0xc0, 0x6c, 0xc0, 0xec, 0xc0,
    0xa0, 0xfe, 0x20, 0xc0, 0x20, 0xc0, 0x20, 0xc0,
    0x20, 0xfe, 0x20, 0xc0, 0x20, 0xc0, 0x20, 0xc0,
    0x20, 0xc0,

    /* U+4F60 "你" */
    0xc, 0xc0, 0x18, 0xc0, 0x19, 0x80, 0x11, 0xff,
    0x33, 0x3, 0x72, 0x22, 0x56, 0x22, 0x50, 0x20,
    0x11, 0xa4, 0x13, 0x26, 0x13, 0x22, 0x12, 0x23,
    0x16, 0x21, 0x10, 0x20, 0x10, 0xe0,

    /* U+4F73 "佳" */
    0x0, 0x0, 0xc, 0x20, 0x18, 0x20, 0x13, 0xfe,
    0x10, 0x20, 0x30, 0x20, 0x70, 0x20, 0x77, 0xff,
    0xd0, 0x0, 0x10, 0x20, 0x10, 0x20, 0x13, 0xfe,
    0x10, 0x20, 0x10, 0x20, 0x10, 0x20, 0x17, 0xff,
    0x10, 0x0,

    /* U+4F7F "使" */
    0x20, 0x60, 0x30, 0x60, 0x2f, 0xff, 0x20, 0x60,
    0x60, 0x60, 0x67, 0xfe, 0x64, 0x62, 0xe4, 0x62,
    0xa4, 0x62, 0x27, 0xfe, 0x20, 0x60, 0x26, 0x60,
    0x23, 0x60, 0x21, 0xc0, 0x21, 0xfc, 0x27, 0x3f,
    0x2c, 0x0,

    /* U+4F8B "例" */
    0x20, 0x0, 0x6f, 0xc4, 0xdf, 0x89, 0x18, 0xd6,
    0x30, 0xac, 0x79, 0x79, 0x92, 0xd3, 0x25, 0x2c,
    0x4a, 0x5f, 0x94, 0x83, 0x29, 0xc, 0x52, 0x18,
    0x24, 0x60, 0x49, 0x80, 0x97, 0x7, 0x20, 0x6,

    /* U+4F9B "供" */
    0xc, 0x88, 0x18, 0x88, 0x18, 0x88, 0x10, 0x88,
    0x33, 0xff, 0x30, 0x88, 0x70, 0x88, 0xd0, 0x88,
    0x50, 0x88, 0x17, 0xff, 0x10, 0x0, 0x10, 0xc8,
    0x11, 0xcc, 0x11, 0x86, 0x13, 0x3, 0x16, 0x2,

    /* U+4F9D "依" */
    0x10, 0x20, 0xc, 0x18, 0x4, 0x0, 0x2, 0xff,
    0xe3, 0x4, 0x1, 0x87, 0x81, 0xc2, 0xc8, 0xa3,
    0x26, 0x51, 0x96, 0x9, 0xce, 0x5, 0xe6, 0x2,
    0xd1, 0x81, 0x48, 0xc0, 0x85, 0x38, 0x43, 0x8e,
    0x21, 0x82, 0x10, 0x80, 0x0,

    /* U+4FA7 "侧" */
    0x18, 0x3, 0x37, 0xc3, 0x27, 0xcb, 0x25, 0x4b,
    0x65, 0x4b, 0x65, 0x4b, 0xe5, 0x4b, 0x25, 0x4b,
    0x25, 0x4b, 0x25, 0x4b, 0x27, 0x4b, 0x22, 0x83,
    0x26, 0x43, 0x2c, 0x63, 0x24, 0x6,

    /* U+4FBF "便" */
    0x38, 0x0, 0x33, 0xff, 0x20, 0x20, 0x23, 0xfc,
    0x62, 0x24, 0x62, 0x24, 0xe3, 0xfc, 0xa2, 0x24,
    0x22, 0x24, 0x23, 0xfc, 0x20, 0x20, 0x21, 0x60,
    0x20, 0xc0, 0x21, 0xf0, 0x2f, 0x1e, 0x22, 0x0,

    /* U+4FC3 "促" */
    0x8, 0x0, 0x19, 0xfe, 0x11, 0x2, 0x31, 0x2,
    0x71, 0x2, 0x71, 0xfe, 0xf0, 0x20, 0xb0, 0x20,
    0x31, 0x20, 0x31, 0x3e, 0x33, 0x20, 0x33, 0x20,
    0x33, 0xa0, 0x36, 0xe0, 0x34, 0x7e,

    /* U+4FDD "保" */
    0x0, 0x0, 0xc, 0xff, 0x6, 0x40, 0x82, 0x20,
    0x41, 0x10, 0x21, 0x8f, 0xf0, 0xc0, 0x80, 0xe0,
    0x40, 0x50, 0x20, 0x2b, 0xff, 0x84, 0x3e, 0x2,
    0x15, 0x1, 0x1a, 0xc0, 0x99, 0x3c, 0x58, 0x84,
    0x20, 0x40,

    /* U+4FE1 "信" */
    0x10, 0x60, 0x38, 0x30, 0x37, 0xff, 0x27, 0xff,
    0x60, 0x0, 0x63, 0xfe, 0xe0, 0x0, 0xe0, 0x0,
    0xa3, 0xfe, 0x20, 0x0, 0x20, 0x0, 0x23, 0xfe,
    0x22, 0x6, 0x22, 0x6, 0x23, 0xfe, 0x22, 0x6,
    0x22, 0x0,

    /* U+500D "倍" */
    0x0, 0x0, 0x18, 0x20, 0x30, 0x20, 0x23, 0xfe,
    0x60, 0x88, 0x60, 0x88, 0xe0, 0x98, 0xa7, 0xff,
    0x20, 0x0, 0x20, 0x0, 0x23, 0xfe, 0x23, 0x6,
    0x23, 0x6, 0x23, 0x6, 0x23, 0xfe, 0x23, 0x6,
    0x23, 0x0,

    /* U+5029 "倩" */
    0x0, 0x40, 0x20, 0x80, 0xdf, 0xf9, 0x2, 0x2,
    0x7f, 0xcc, 0x8, 0x18, 0x10, 0x77, 0xff, 0xa0,
    0x0, 0x4f, 0xf8, 0x98, 0x11, 0x3f, 0xe2, 0x60,
    0x44, 0xff, 0x89, 0x81, 0x13, 0xe, 0x26, 0x18,

    /* U+503C "值" */
    0x0, 0x60, 0x30, 0x60, 0x37, 0xff, 0x20, 0x40,
    0x60, 0x40, 0x63, 0xfc, 0xe2, 0x4, 0xa3, 0xfc,
    0x22, 0x4, 0x22, 0x4, 0x23, 0xfc, 0x22, 0x4,
    0x23, 0xfc, 0x22, 0x4, 0x22, 0x4, 0x2f, 0xff,
    0x20, 0x0,

    /* U+504F "偏" */
    0x0, 0x30, 0x8, 0x10, 0x1b, 0xfe, 0x12, 0x2,
    0x32, 0x2, 0x33, 0xfe, 0x32, 0x0, 0x72, 0x0,
    0x53, 0xff, 0x17, 0x29, 0x17, 0x29, 0x1f, 0xff,
    0x1b, 0x29, 0x13, 0x29, 0x13, 0x29, 0x13, 0x7,

    /* U+505A "做" */
    0x0, 0x0, 0x1b, 0x30, 0x33, 0x30, 0x33, 0x30,
    0x23, 0x3f, 0x6f, 0xff, 0x63, 0x46, 0xe3, 0x64,
    0x27, 0xa4, 0x24, 0xa4, 0x24, 0xac, 0x24, 0x98,
    0x27, 0x98, 0x24, 0x3c, 0x20, 0x67, 0x20, 0xc2,

    /* U+505C "停" */
    0x18, 0x30, 0xc, 0x8, 0x5, 0xff, 0xe2, 0x0,
    0x3, 0x1f, 0xe1, 0x88, 0x11, 0xc4, 0x8, 0xa3,
    0xfc, 0x50, 0x0, 0xb, 0xff, 0xc5, 0x0, 0x62,
    0x80, 0x31, 0x1f, 0xe0, 0x80, 0x80, 0x40, 0x40,
    0x20, 0xe0,

    /* U+5065 "健" */
    0x0, 0x10, 0x30, 0x10, 0x2e, 0x7e, 0x22, 0x12,
    0x24, 0x12, 0x64, 0xff, 0x64, 0x12, 0xee, 0x7e,
    0x22, 0x10, 0x2a, 0xfe, 0x2a, 0x10, 0x2e, 0x10,
    0x24, 0xfe, 0x26, 0x10, 0x2f, 0x90, 0x28, 0xff,
    0x20, 0x0,

    /* U+5076 "偶" */
    0x0, 0x0, 0x37, 0xfe, 0x26, 0x46, 0x27, 0xfe,
    0x66, 0x46, 0x66, 0x46, 0xe7, 0xfe, 0xa0, 0x40,
    0x20, 0x40, 0x27, 0xff, 0x24, 0x41, 0x24, 0x49,
    0x25, 0xfd, 0x25, 0x1, 0x24, 0xf, 0x24, 0x6,

    /* U+507F "偿" */
    0x18, 0x30, 0x1b, 0x33, 0x11, 0xb6, 0x31, 0x30,
    0x37, 0xff, 0x36, 0x1, 0x77, 0xfd, 0x50, 0x0,
    0x10, 0x0, 0x17, 0xff, 0x10, 0x60, 0x10, 0xc4,
    0x11, 0x86, 0x13, 0xff, 0x11, 0x81,

    /* U+50CF "像" */
    0x0, 0x0, 0x19, 0xc0, 0x31, 0xf8, 0x22, 0x10,
    0x2f, 0xfe, 0x62, 0x22, 0x62, 0x22, 0xe3, 0xfe,
    0x20, 0xc0, 0x23, 0x6c, 0x24, 0xfc, 0x23, 0xb4,
    0x26, 0x76, 0x21, 0x93, 0x27, 0x30, 0x20, 0x60,

    /* U+5143 "元" */
    0x3f, 0xf8, 0x0, 0x0, 0x0, 0x0, 0x0, 0x0,
    0x7f, 0xfe, 0x4, 0xc0, 0x4, 0xc0, 0x4, 0xc0,
    0xc, 0xc0, 0xc, 0xc0, 0x18, 0xc3, 0x30, 0xc3,
    0x60, 0x7e, 0x40, 0x0,

    /* U+5145 "充" */
    0x3, 0x0, 0x1, 0x80, 0xff, 0xfe, 0x6, 0x0,
    0xc, 0x20, 0x18, 0x18, 0x7f, 0xfc, 0x3c, 0x4c,
    0xc, 0x40, 0xc, 0x40, 0xc, 0x40, 0x8, 0x40,
    0x18, 0x43, 0x30, 0x46, 0xe0, 0x7e,

    /* U+5148 "先" */
    0x10, 0xc0, 0x18, 0x80, 0x10, 0x80, 0x3f, 0xfc,
    0x60, 0x80, 0x0, 0x80, 0xff, 0xff, 0x6, 0x60,
    0x6, 0x60, 0x6, 0x60, 0x6, 0x60, 0xc, 0x62,
    0x1c, 0x63, 0x38, 0x63, 0xe0, 0x7e, 0x40, 0x0,

    /* U+514D "免" */
    0x2, 0x0, 0x3, 0x0, 0x3, 0xfc, 0x3, 0x4,
    0x6, 0x6, 0x7, 0xff, 0xf0, 0xc2, 0x18, 0x61,
    0xc, 0x30, 0x86, 0x1f, 0xff, 0x0, 0x50, 0x0,
    0x28, 0x0, 0x24, 0x0, 0x62, 0xc, 0xe1, 0xc,
    0xc0, 0xfe,

    /* U+515A "党" */
    0x1, 0x80, 0x11, 0x8c, 0x19, 0x98, 0x1, 0x90,
    0xff, 0xff, 0xc0, 0x3, 0xc0, 0x3, 0x1f, 0xf8,
    0x18, 0x18, 0x18, 0x18, 0x1f, 0xf8, 0x2, 0x40,
    0x6, 0x40, 0x4, 0x41, 0x18, 0x43, 0xf0, 0x3e,
    0x0, 0x0,

    /* U+515C "兜" */
    0x1, 0x80, 0xe2, 0x39, 0x1f, 0x52, 0x22, 0x24,
    0x7c, 0x48, 0x88, 0x91, 0x11, 0x3a, 0x22, 0xe7,
    0xdc, 0xc, 0x80, 0x11, 0x0, 0x22, 0x0, 0xc4,
    0x23, 0x8, 0xfc, 0x1f, 0x0, 0x0,

    /* U+5165 "入" */
    0x6, 0x0, 0x3, 0x0, 0x1, 0x80, 0x1, 0x80,
    0x1, 0xc0, 0x3, 0x40, 0x3, 0x40, 0x2, 0x60,
    0x6, 0x20, 0xc, 0x30, 0xc, 0x30, 0x18, 0x18,
    0x30, 0xe, 0x60, 0x7, 0x40, 0x2,

    /* U+5168 "全" */
    0x1, 0xc0, 0x1, 0xc0, 0x3, 0x40, 0x6, 0x20,
    0xc, 0x38, 0x18, 0xf, 0xff, 0xfb, 0x0, 0x80,
    0x0, 0x80, 0x0, 0x80, 0x1f, 0xfc, 0x0, 0x80,
    0x0, 0x80, 0x0, 0x80, 0x0, 0x80, 0x3f, 0xfe,

    /* U+516C "公" */
    0x0, 0x20, 0x6, 0x60, 0xc, 0x30, 0x8, 0x30,
    0x18, 0x18, 0x30, 0xc, 0x73, 0xe, 0xe3, 0x7,
    0xc2, 0x2, 0x6, 0x0, 0xc, 0x30, 0x8, 0x30,
    0x18, 0x18, 0x3f, 0xfc, 0x30, 0xc,

    /* U+516D "六" */
    0x3, 0x0, 0x6, 0x0, 0x6, 0x0, 0x0, 0xf,
    0xff, 0xe0, 0x0, 0x0, 0x0, 0x7, 0x30, 0xc,
    0x30, 0x30, 0x60, 0x60, 0x61, 0x80, 0xc3, 0x0,
    0xcc, 0x1, 0x90, 0x1, 0x0,

    /* U+5171 "共" */
    0x0, 0x30, 0x3, 0x18, 0x1, 0x8c, 0x0, 0xc6,
    0x7, 0xff, 0xf0, 0x31, 0x80, 0x18, 0xc0, 0xc,
    0x60, 0x6, 0x30, 0x3, 0x18, 0x3f, 0xff, 0xe0,
    0x0, 0x0, 0x22, 0x0, 0x39, 0xc0, 0x70, 0x38,
    0x70, 0xe, 0x60, 0x2, 0x0,

    /* U+5173 "关" */
    0x0, 0x0, 0x6, 0x1c, 0x1, 0x8c, 0x0, 0x8c,
    0x3, 0xff, 0xe0, 0xc, 0x0, 0x6, 0x0, 0x3,
    0x0, 0x1, 0x80, 0x3f, 0xff, 0x80, 0x60, 0x0,
    0x68, 0x0, 0x66, 0x0, 0x71, 0x80, 0x70, 0x7d,
    0xe0, 0xe, 0x40, 0x0, 0x0,

    /* U+5174 "兴" */
    0x2, 0x0, 0x86, 0x19, 0x8c, 0x61, 0x18, 0xc3,
    0x13, 0x3, 0x4, 0x0, 0x18, 0x7f, 0xff, 0x0,
    0x0, 0x18, 0x80, 0x61, 0xc1, 0x81, 0xc6, 0x1,
    0xdc, 0x1, 0xc0, 0x1, 0x0,

    /* U+5176 "其" */
    0x8, 0x10, 0x8, 0x10, 0x7f, 0xfe, 0x8, 0x10,
    0xf, 0xf0, 0x8, 0x10, 0x8, 0x10, 0xf, 0xf0,
    0x8, 0x10, 0x8, 0x10, 0xff, 0xff, 0x0, 0x0,
    0xe, 0x38, 0x38, 0x1e, 0x60, 0x4,

    /* U+517C "兼" */
    0x4, 0x30, 0x6, 0x60, 0x7f, 0xfe, 0x2, 0x40,
    0x3f, 0xfc, 0x2, 0x44, 0x2, 0x44, 0x7f, 0xff,
    0x2, 0x44, 0x2, 0x44, 0x3f, 0xfc, 0x6, 0x70,
    0xa, 0x58, 0x12, 0x4f, 0x62, 0x47, 0x2, 0x40,

    /* U+5185 "内" */
    0x6, 0x0, 0x30, 0x1, 0x81, 0xff, 0xf8, 0x61,
    0xc3, 0xe, 0x38, 0x71, 0xe3, 0x89, 0x9c, 0xc6,
    0xec, 0x17, 0x0, 0x38, 0x1, 0xc0, 0xe, 0x1,
    0xe0,

    /* U+518D "再" */
    0xff, 0xfe, 0x1, 0x0, 0x1, 0x0, 0x3f, 0xf8,
    0x21, 0x8, 0x21, 0x8, 0x3f, 0xf8, 0x21, 0x8,
    0x21, 0x8, 0xff, 0xff, 0x20, 0x8, 0x20, 0x8,
    0x20, 0x38, 0x20, 0x38,

    /* U+5199 "写" */
    0xff, 0xff, 0x80, 0x1f, 0x60, 0x38, 0x80, 0x1,
    0xff, 0x2, 0x0, 0x4, 0x0, 0xf, 0xfe, 0x0,
    0xc, 0x0, 0x1b, 0xff, 0x30, 0x0, 0x60, 0x1,
    0xc0, 0xf, 0x0,

    /* U+519B "军" */
    0xff, 0xfd, 0x4, 0xa, 0x18, 0x13, 0xff, 0xc1,
    0x80, 0x2, 0x20, 0xc, 0x40, 0x3f, 0xfc, 0x1,
    0x0, 0x2, 0x3, 0xff, 0xf8, 0x8, 0x0, 0x10,
    0x0, 0x20, 0x0, 0x40, 0x0,

    /* U+51B0 "冰" */
    0x0, 0x0, 0x0, 0x10, 0x0, 0x8, 0xc, 0x4,
    0x3, 0x2, 0x30, 0x3d, 0x98, 0x6, 0xd0, 0x3,
    0x70, 0x31, 0xa8, 0x18, 0x94, 0x8, 0xc9, 0xc,
    0x64, 0xc6, 0x62, 0x3a, 0x61, 0xc, 0x20, 0x80,
    0x1, 0xc0, 0x0, 0x80, 0x0,

    /* U+51B2 "冲" */
    0x0, 0x40, 0x80, 0x81, 0x81, 0x3, 0x3f, 0xf3,
    0x44, 0x60, 0x88, 0xc1, 0x11, 0x92, 0x23, 0x24,
    0x46, 0x4f, 0xfd, 0x91, 0x1a, 0x22, 0xc, 0x4,
    0x8, 0x8, 0x0, 0x10, 0x0, 0x20,

    /* U+51BB "冻" */
    0x0, 0x60, 0x20, 0x40, 0x37, 0xff, 0x18, 0x80,
    0x1, 0x80, 0x1, 0x20, 0x3, 0x20, 0x17, 0xfe,
    0x18, 0x20, 0x30, 0x20, 0x21, 0xa4, 0x63, 0x26,
    0x66, 0x23, 0xc, 0x22, 0x0, 0xe0,

    /* U+51C6 "准" */
    0x1, 0x90, 0x3, 0x18, 0x63, 0x10, 0x33, 0xff,
    0x6, 0x10, 0xe, 0x10, 0xf, 0xfe, 0x2, 0x10,
    0x32, 0x10, 0x33, 0xfe, 0x62, 0x10, 0x62, 0x10,
    0xc2, 0x10, 0x3, 0xff, 0x2, 0x0, 0x2, 0x0,

    /* U+51C7 "凇" */
    0x2, 0x0, 0x42, 0x4, 0x62, 0x34, 0x32, 0x24,
    0xf, 0xa4, 0x2, 0x46, 0x2, 0x42, 0x27, 0x43,
    0x27, 0x90, 0x26, 0xb0, 0x2a, 0xa0, 0x7a, 0x24,
    0x42, 0x24, 0x42, 0x46, 0xc2, 0xfe, 0x2, 0x62,
    0x2, 0x0,

    /* U+51CF "减" */
    0x0, 0x30, 0x0, 0x24, 0x40, 0x20, 0x4f, 0xfe,
    0x68, 0x20, 0x28, 0x64, 0xb, 0xe6, 0x8, 0x14,
    0x2b, 0xd4, 0x6a, 0x5c, 0x6a, 0x58, 0x4a, 0x58,
    0xdb, 0xd8, 0xd2, 0x3d, 0x10, 0x67, 0x30, 0xc2,

    /* U+51D1 "凑" */
    0x0, 0x40, 0x0, 0x20, 0x13, 0xff, 0xcc, 0x18,
    0x3, 0x7f, 0xe1, 0x84, 0x0, 0x2, 0x0, 0x1f,
    0xfe, 0x1, 0x18, 0x1b, 0xfb, 0xcb, 0x10, 0xcd,
    0x8, 0x6, 0x7f, 0xe6, 0x6, 0x1, 0x7, 0xc0,
    0xe, 0x1c, 0xc, 0x4, 0x0,

    /* U+51E0 "几" */
    0xf, 0xf0, 0x6, 0x18, 0x3, 0xc, 0x1, 0x86,
    0x0, 0xc3, 0x0, 0x61, 0x80, 0x30, 0xc0, 0x18,
    0x60, 0xc, 0x30, 0xc, 0x18, 0x6, 0xc, 0x66,
    0x6, 0x26, 0x3, 0xf0, 0x0, 0x0,

    /* U+51ED "凭" */
    0x0, 0x0, 0x20, 0x38, 0xdf, 0xf3, 0x6, 0x6,
    0xc, 0x1d, 0xff, 0xc8, 0x30, 0x10, 0x60, 0x2f,
    0xfc, 0x40, 0x0, 0x0, 0x0, 0xff, 0x1, 0x86,
    0x3, 0xc, 0x4, 0x18, 0xf8, 0x3f, 0x0, 0x0,

    /* U+51FA "出" */
    0x3, 0x0, 0xc, 0x46, 0x31, 0x98, 0xc6, 0x63,
    0x19, 0x8c, 0x67, 0xff, 0x80, 0xc6, 0x83, 0x3,
    0xc, 0x6c, 0x31, 0xb0, 0xc6, 0xc3, 0x1b, 0xff,
    0xe0, 0x1, 0x80, 0x6,

    /* U+51FB "击" */
    0x1, 0x80, 0x1, 0x80, 0x1, 0x80, 0x7f, 0xfe,
    0x1, 0x80, 0x1, 0x80, 0x1, 0x80, 0xff, 0xff,
    0x1, 0x80, 0x1, 0x80, 0x1, 0x80, 0x31, 0x8c,
    0x31, 0x8c, 0x31, 0x8c, 0x31, 0x8c, 0x3f, 0xfc,
    0x0, 0xc,

    /* U+51FD "函" */
    0x7f, 0xf8, 0x3, 0x80, 0x38, 0x8, 0x80, 0x32,
    0x72, 0x6b, 0x28, 0x20, 0xa2, 0x82, 0x9b, 0xcb,
    0xc9, 0xaa, 0x22, 0xa1, 0x82, 0x80, 0xb, 0xff,
    0xe0, 0x0, 0x80,

    /* U+5206 "分" */
    0x2, 0x20, 0x3, 0x98, 0x1, 0x8c, 0x1, 0x83,
    0x1, 0x80, 0xc1, 0xc0, 0x31, 0xc0, 0xf, 0xdf,
    0xfa, 0x3, 0x8, 0x1, 0x84, 0x0, 0xc2, 0x0,
    0xc1, 0x0, 0xe1, 0x80, 0xe0, 0xc1, 0xe1, 0xe0,
    0x40, 0x40,

    /* U+5207 "切" */
    0x23, 0xfe, 0x40, 0xcc, 0x81, 0x9f, 0xe3, 0x3e,
    0x6, 0x64, 0xc, 0xc8, 0x19, 0x90, 0x63, 0x24,
    0xc6, 0x79, 0x8c, 0xe6, 0x19, 0x1c, 0x32, 0x71,
    0xe1, 0xc3, 0x80,

    /* U+5212 "划" */
    0x10, 0x0, 0x19, 0x2, 0x19, 0x2, 0x19, 0x92,
    0x18, 0x12, 0x1f, 0xd2, 0x7e, 0x12, 0x8, 0x92,
    0x9, 0x92, 0xd, 0x12, 0xf, 0x12, 0x6, 0x12,
    0xe, 0x12, 0x1a, 0x42, 0x61, 0x42, 0x0, 0xce,

    /* U+5217 "列" */
    0x0, 0x7, 0xfe, 0x11, 0x82, 0x44, 0x9, 0x1f,
    0x24, 0xfc, 0x92, 0x12, 0x58, 0xc9, 0xdb, 0x24,
    0x38, 0x90, 0x62, 0x43, 0x1, 0x18, 0x5, 0xc0,
    0x16, 0x1, 0xc0, 0x0,

    /* U+5218 "刘" */
    0xc, 0x6, 0x18, 0xc, 0x0, 0x9f, 0xfd, 0x30,
    0x32, 0x64, 0x44, 0xcc, 0x89, 0x8f, 0x13, 0xe,
    0x26, 0x18, 0x4c, 0x38, 0x98, 0xd8, 0x33, 0x18,
    0x6c, 0x20, 0xd0, 0x7, 0x80, 0x4,

    /* U+5219 "则" */
    0x0, 0x5, 0xfc, 0x14, 0x12, 0x52, 0x49, 0x49,
    0x25, 0x24, 0x94, 0x92, 0x52, 0x49, 0x49, 0x25,
    0x24, 0x90, 0x82, 0x44, 0x89, 0x37, 0x5, 0x8e,
    0x1c, 0x11, 0xc0, 0x6,

    /* U+521A "刚" */
    0x0, 0x7, 0xfc, 0x18, 0x12, 0x60, 0x49, 0xa7,
    0x26, 0x94, 0x99, 0xd2, 0x66, 0x49, 0x99, 0x26,
    0x54, 0x9a, 0x72, 0x60, 0x49, 0x81, 0x6, 0x4,
    0x18, 0x31, 0xc0, 0x6,

    /* U+521B "创" */
    0xc, 0x2, 0x38, 0x4, 0x78, 0x89, 0x9d, 0x16,
    0x12, 0x38, 0x4, 0x6f, 0xc8, 0x91, 0x91, 0x23,
    0x22, 0x44, 0x44, 0xb8, 0x89, 0x1, 0x12, 0x8,
    0x24, 0x30, 0x4f, 0xc7, 0x80, 0xc,

    /* U+521D "初" */
    0x10, 0x0, 0x31, 0xfc, 0x3, 0xfb, 0xe1, 0x30,
    0xc2, 0x63, 0x4, 0xc4, 0xc9, 0x9f, 0x13, 0x7c,
    0x27, 0xac, 0xcc, 0x49, 0x18, 0x82, 0x31, 0xc,
    0x62, 0x30, 0xc4, 0xc7, 0x88, 0x8c,

    /* U+5224 "判" */
    0x8, 0x5, 0x26, 0x14, 0x92, 0x5a, 0xc9, 0x8,
    0x25, 0xfc, 0x90, 0x82, 0x42, 0x9, 0xff, 0xa4,
    0x20, 0x91, 0x82, 0x46, 0x1, 0x30, 0x5, 0x80,
    0x76, 0x1, 0xc0,

    /* U+5229 "利" */
    0x0, 0x0, 0xc, 0xd, 0xfc, 0x18, 0x43, 0x30,
    0x86, 0x7f, 0xec, 0xff, 0xd9, 0x8c, 0x33, 0x1e,
    0x66, 0x74, 0xcc, 0xad, 0x9b, 0x43, 0x3c, 0x80,
    0x69, 0x0, 0xc2, 0x1, 0x84, 0xf, 0x8, 0x1c,

    /* U+5230 "到" */
    0x0, 0x7, 0xfc, 0x12, 0x2, 0x4d, 0x89, 0x42,
    0x27, 0x7c, 0x9f, 0x12, 0x44, 0x9, 0x10, 0x27,
    0xf8, 0x91, 0x2, 0x44, 0x1, 0x7f, 0x7, 0x80,
    0x30, 0x1, 0xc0,

    /* U+5236 "制" */
    0x0, 0x0, 0x20, 0x14, 0x80, 0x5f, 0xe9, 0x7f,
    0xa7, 0x20, 0x9e, 0xba, 0x7f, 0xe9, 0x8, 0x25,
    0x22, 0x97, 0xfa, 0x52, 0x29, 0x48, 0xa5, 0x22,
    0x14, 0xb8, 0x42, 0x6,

    /* U+5237 "刷" */
    0x3f, 0xc2, 0x7f, 0x84, 0x81, 0x29, 0x2, 0x53,
    0xfc, 0xa4, 0x41, 0x48, 0x82, 0x9f, 0xe5, 0x3a,
    0x4a, 0x74, 0x95, 0xe9, 0x2a, 0xd2, 0x5d, 0xbc,
    0x2b, 0x58, 0x40, 0x81, 0x81, 0x2,

    /* U+523A "刺" */
    0x4, 0x0, 0x8, 0x4, 0x10, 0xb, 0xfe, 0x90,
    0x41, 0x20, 0x82, 0x5f, 0xe4, 0xa2, 0x49, 0x44,
    0x92, 0x8b, 0x24, 0x30, 0x48, 0xa8, 0x93, 0x48,
    0x2c, 0x90, 0x51, 0x0, 0x82, 0x7, 0x4, 0xc,

    /* U+523B "刻" */
    0x8, 0x0, 0x20, 0x10, 0x0, 0x7f, 0xe9, 0x10,
    0x24, 0x48, 0x92, 0x22, 0x5f, 0x89, 0x6d, 0x24,
    0x66, 0x93, 0x32, 0x79, 0x89, 0x4f, 0x4, 0x66,
    0x17, 0x9, 0xf0, 0x7,

    /* U+524A "削" */
    0x8, 0x2, 0x93, 0x5, 0xac, 0x4b, 0x50, 0x90,
    0x81, 0x2f, 0xe2, 0x50, 0x44, 0xa0, 0x89, 0x7f,
    0x12, 0x82, 0x25, 0x4, 0x4b, 0xf8, 0x94, 0x10,
    0x28, 0x20, 0x50, 0xc3, 0x80,

    /* U+524D "前" */
    0x4, 0x20, 0xc, 0x30, 0x4, 0x60, 0xff, 0xff,
    0x0, 0x0, 0x7f, 0x4, 0x7f, 0x24, 0x61, 0x24,
    0x7f, 0x24, 0x61, 0x24, 0x61, 0x24, 0x7f, 0x24,
    0x61, 0x24, 0x61, 0x4, 0x63, 0x4, 0x67, 0x1c,
    0x67, 0x1c,

    /* U+5251 "剑" */
    0x0, 0x0, 0x18, 0x4, 0x78, 0x8, 0x99, 0x12,
    0xa, 0x2f, 0xe4, 0x76, 0x48, 0x80, 0x11, 0x49,
    0xa2, 0xd2, 0x44, 0xb4, 0x89, 0x79, 0x10, 0x20,
    0x20, 0xf0, 0x5f, 0x87, 0xa0, 0xf,

    /* U+526A "剪" */
    0xc, 0x30, 0xc, 0x60, 0xff, 0xff, 0x0, 0x0,
    0x3f, 0x24, 0x21, 0x24, 0x3f, 0x24, 0x21, 0x24,
    0x3f, 0x24, 0x63, 0xc, 0x2, 0x0, 0xff, 0xfc,
    0x2, 0xc, 0x6, 0xc, 0xc, 0xc, 0x70, 0x38,

    /* U+526F "副" */
    0x0, 0x7, 0xfc, 0x10, 0x4, 0x5f, 0x91, 0x42,
    0x45, 0x9, 0x17, 0xe4, 0x40, 0x11, 0xff, 0x46,
    0x45, 0x1f, 0xf4, 0x7f, 0xd1, 0x91, 0x7, 0xfc,
    0x18, 0x13, 0xc0, 0x0,

    /* U+529B "力" */
    0x1, 0x80, 0x3, 0x0, 0x4, 0x0, 0x8, 0x7,
    0xff, 0xe0, 0x20, 0xc0, 0x41, 0x81, 0x83, 0x3,
    0x4, 0x4, 0x8, 0x18, 0x10, 0x20, 0x20, 0xc0,
    0xc3, 0x1, 0x9c, 0x1f, 0x30, 0x18,

    /* U+529E "办" */
    0x3, 0x80, 0x1, 0x80, 0x0, 0xc0, 0x0, 0x60,
    0x3, 0xff, 0x80, 0x18, 0xc0, 0xc, 0x60, 0x66,
    0x3c, 0x23, 0x1b, 0x31, 0x8d, 0xb1, 0x86, 0x60,
    0xc3, 0x20, 0xc1, 0x80, 0xc0, 0x80, 0xc7, 0xc0,
    0xc1, 0xe0,

    /* U+529F "功" */
    0x0, 0x30, 0x0, 0x60, 0x10, 0x83, 0xe1, 0x1,
    0x1f, 0xe2, 0x4, 0x44, 0x8, 0x88, 0x11, 0x10,
    0x22, 0x20, 0xc4, 0x41, 0x8, 0xf2, 0x1f, 0x8c,
    0x28, 0x30, 0xc0, 0xc7, 0x87, 0x7, 0x0, 0x0,

    /* U+52A0 "加" */
    0x18, 0x0, 0x20, 0x0, 0x40, 0x0, 0x83, 0xff,
    0xe7, 0xe2, 0x4c, 0xc4, 0x99, 0x89, 0x33, 0x12,
    0x66, 0x24, 0xcc, 0x49, 0x99, 0x13, 0x32, 0x26,
    0x6c, 0x4f, 0xd1, 0x99, 0xe6, 0x33,

    /* U+52A1 "务" */
    0x6, 0x0, 0x3, 0x0, 0x3, 0xff, 0x1, 0xc3,
    0x1, 0xb3, 0x1, 0x8f, 0x0, 0x3, 0x0, 0x7,
    0xf0, 0x1e, 0x1f, 0x3c, 0xc1, 0x80, 0x60, 0x3,
    0xff, 0x80, 0x10, 0xc0, 0x18, 0x60, 0x8, 0x30,
    0x18, 0x18, 0x30, 0x38, 0x0,

    /* U+52A8 "动" */
    0x0, 0x20, 0x0, 0x61, 0xf8, 0x80, 0xf, 0xf0,
    0x1f, 0xe0, 0x4, 0x7f, 0x88, 0x88, 0x11, 0x30,
    0x22, 0x4c, 0x44, 0x89, 0x8a, 0x72, 0x1f, 0xb4,
    0x28, 0x30, 0x40, 0xe7, 0x81, 0x4,

    /* U+52A9 "助" */
    0x0, 0x20, 0x0, 0x41, 0xf8, 0x82, 0x11, 0x4,
    0x2f, 0xef, 0xc4, 0xd0, 0x89, 0xa1, 0x13, 0x42,
    0x26, 0xfc, 0x4d, 0x9, 0x9a, 0x12, 0x34, 0x34,
    0x7f, 0xd8, 0xf0, 0x67, 0x80, 0x8c,

    /* U+52BF "势" */
    0x8, 0x30, 0x4, 0x10, 0x1f, 0xbf, 0x1, 0x4,
    0x80, 0xee, 0x43, 0xf7, 0x21, 0xa3, 0xd4, 0x13,
    0x2b, 0x39, 0x3, 0x0, 0xc0, 0x1f, 0xff, 0x0,
    0x60, 0x80, 0x60, 0xc0, 0xe3, 0xe1, 0xe0, 0xe0,

    /* U+52FF "勿" */
    0xc, 0x0, 0x18, 0x0, 0x20, 0x0, 0xff, 0xf3,
    0x32, 0x24, 0x64, 0x58, 0x89, 0x83, 0x33, 0xc,
    0x66, 0x10, 0x8c, 0xe3, 0x1b, 0xc, 0x30, 0x30,
    0x60, 0xc1, 0x87, 0xf, 0xc, 0xc,

    /* U+5305 "包" */
    0xe, 0x0, 0x6, 0x0, 0x7, 0xff, 0x86, 0x0,
    0xc3, 0x0, 0x67, 0xfe, 0x30, 0x41, 0x18, 0x20,
    0x8c, 0x10, 0x46, 0xf, 0xe3, 0x4, 0x7, 0x82,
    0x2, 0x1, 0x0, 0x18, 0xc0, 0x18, 0x1f, 0xf8,

    /* U+5316 "化" */
    0x0, 0x0, 0xc, 0xc0, 0x18, 0xc0, 0x10, 0xc0,
    0x10, 0xc7, 0x30, 0xcc, 0x30, 0xd8, 0x70, 0xd8,
    0x50, 0xf0, 0x10, 0xe0, 0x11, 0xc0, 0x17, 0xc0,
    0x10, 0xc0, 0x10, 0xc3, 0x10, 0xc3, 0x10, 0xfe,

    /* U+5317 "北" */
    0x4, 0xc0, 0x4, 0xc0, 0x4, 0xc0, 0x4, 0xc0,
    0x4, 0xc6, 0x7c, 0xdc, 0x4, 0xf0, 0x4, 0xc0,
    0x4, 0xc0, 0x4, 0xc0, 0x4, 0xc0, 0xc, 0xc0,
    0xfc, 0xc3, 0x64, 0xc6, 0x4, 0xfc,

    /* U+5339 "匹" */
    0xff, 0xfc, 0x24, 0x21, 0x21, 0x9, 0x8, 0x48,
    0x42, 0x42, 0x32, 0x11, 0x11, 0x98, 0x9d, 0x87,
    0xa4, 0x1, 0x0, 0xf, 0xff, 0x80,

    /* U+533A "区" */
    0xff, 0xff, 0x0, 0xc, 0x83, 0x33, 0x18, 0xc6,
    0x43, 0xf, 0xc, 0x1c, 0x30, 0xf8, 0xc6, 0x73,
    0x30, 0xed, 0x81, 0x30, 0x0, 0xff, 0xfc,

    /* U+5347 "升" */
    0x0, 0x18, 0x1, 0xcc, 0x3, 0xc6, 0x7, 0xc3,
    0x0, 0x61, 0x80, 0x30, 0xc0, 0x18, 0x61, 0xff,
    0xff, 0x6, 0x18, 0x3, 0xc, 0x1, 0x86, 0x1,
    0xc3, 0x0, 0xc1, 0x80, 0xc0, 0xc1, 0xc0, 0x60,
    0x40, 0x30,

    /* U+534A "半" */
    0x1, 0x80, 0x21, 0x8c, 0x31, 0x88, 0x19, 0x98,
    0x1, 0x90, 0x1, 0x80, 0x7f, 0xfe, 0x1, 0x80,
    0x1, 0x80, 0x1, 0x80, 0xff, 0xff, 0x1, 0x80,
    0x1, 0x80, 0x1, 0x80, 0x1, 0x80, 0x1, 0x80,

    /* U+534F "协" */
    0x20, 0xc0, 0x20, 0xc0, 0x20, 0xc0, 0x27, 0xf8,
    0x27, 0xf8, 0xf8, 0xc8, 0x20, 0xc8, 0x22, 0xca,
    0x24, 0xca, 0x24, 0xcb, 0x2c, 0xcb, 0x21, 0x88,
    0x21, 0x88, 0x23, 0x8, 0x27, 0x58, 0x2e, 0x38,
    0x24, 0x20,

    /* U+5355 "单" */
    0x0, 0x0, 0x30, 0x60, 0x31, 0x80, 0x22, 0x3,
    0xff, 0x84, 0x21, 0x8, 0x42, 0x1f, 0xfc, 0x21,
    0x8, 0x42, 0x10, 0xff, 0xe0, 0x8, 0xf, 0xff,
    0xe0, 0x20, 0x0, 0x40, 0x0, 0x80, 0x1, 0x0,

    /* U+5357 "南" */
    0x1, 0x80, 0x1, 0x80, 0xff, 0xff, 0x1, 0x80,
    0x1, 0x0, 0x7f, 0xfe, 0x60, 0x46, 0x66, 0x66,
    0x60, 0x46, 0x6f, 0xf6, 0x61, 0x6, 0x61, 0x6,
    0x6f, 0xf6, 0x61, 0x6, 0x61, 0x6, 0x61, 0x9e,

    /* U+535A "博" */
    0x0, 0x0, 0x20, 0x48, 0x20, 0x48, 0x27, 0xfe,
    0x20, 0x40, 0x27, 0xfc, 0xfc, 0x44, 0x27, 0xfc,
    0x24, 0x44, 0x27, 0xfc, 0x24, 0x44, 0x20, 0x8,
    0x2f, 0xff, 0x20, 0x8, 0x23, 0x8, 0x21, 0x38,
    0x20, 0x38,

    /* U+5360 "占" */
    0x6, 0x0, 0x18, 0x0, 0x60, 0x1, 0xff, 0x6,
    0x0, 0x18, 0x0, 0x60, 0x1, 0x80, 0xff, 0xf3,
    0x0, 0xcc, 0x3, 0x30, 0xc, 0xc0, 0x33, 0x0,
    0xcf, 0xff, 0x30, 0xc,

    /* U+5361 "卡" */
    0x1, 0x80, 0x0, 0xc0, 0x0, 0x60, 0x0, 0x3f,
    0xc0, 0x18, 0x0, 0xc, 0x0, 0x6, 0x1, 0xff,
    0xff, 0x1, 0x80, 0x0, 0xc8, 0x0, 0x6e, 0x0,
    0x31, 0x80, 0x18, 0x60, 0xc, 0x20, 0x6, 0x0,
    0x3, 0x0, 0x1, 0x80, 0x0,

    /* U+536B "卫" */
    0x3f, 0xfc, 0x3, 0xc, 0x3, 0xc, 0x3, 0xc,
    0x3, 0xc, 0x3, 0xc, 0x3, 0xc, 0x3, 0xc,
    0x3, 0x3c, 0x3, 0x38, 0x3, 0x0, 0x3, 0x0,
    0xff, 0xff,

    /* U+5370 "印" */
    0xc, 0x1, 0xff, 0xf4, 0x18, 0xd0, 0x63, 0x41,
    0x8d, 0xf6, 0x34, 0x18, 0xd0, 0x63, 0x41, 0x8d,
    0x16, 0x35, 0xd8, 0xde, 0x6f, 0xe1, 0x99, 0x6,
    0x0, 0x18, 0x0, 0x60,

    /* U+5373 "即" */
    0x7e, 0x7e, 0x84, 0xcd, 0x9, 0x9b, 0xf3, 0x34,
    0x26, 0x68, 0x4c, 0xd0, 0x99, 0xbf, 0x33, 0x40,
    0x66, 0x98, 0xcd, 0x19, 0x9a, 0xfb, 0x77, 0x36,
    0xc8, 0xc, 0x0, 0x18, 0x0,

    /* U+5382 "厂" */
    0x3f, 0xff, 0x30, 0x0, 0x30, 0x0, 0x30, 0x0,
    0x30, 0x0, 0x30, 0x0, 0x30, 0x0, 0x30, 0x0,
    0x30, 0x0, 0x30, 0x0, 0x60, 0x0, 0x60, 0x0,
    0xc0, 0x0, 0xc0, 0x0,

    /* U+5385 "厅" */
    0x3f, 0xff, 0x30, 0x0, 0x30, 0x0, 0x30, 0x0,
    0x37, 0xff, 0x30, 0x30, 0x30, 0x30, 0x30, 0x30,
    0x30, 0x30, 0x20, 0x30, 0x60, 0x30, 0x60, 0x30,
    0xc0, 0x30, 0xc0, 0xe0,

    /* U+538B "压" */
    0x3f, 0xff, 0x30, 0x0, 0x30, 0xc0, 0x30, 0xc0,
    0x30, 0xc0, 0x37, 0xfe, 0x30, 0xc0, 0x30, 0xc4,
    0x30, 0xcc, 0x30, 0xc6, 0x70, 0xc0, 0x60, 0xc0,
    0xef, 0xff, 0x40, 0x0,

    /* U+539F "原" */
    0x3f, 0xfe, 0x20, 0xc0, 0x20, 0xc0, 0x27, 0xfc,
    0x24, 0x4, 0x24, 0x4, 0x27, 0xfc, 0x24, 0x4,
    0x24, 0x4, 0x27, 0xfc, 0x20, 0x60, 0x66, 0x6c,
    0x46, 0x64, 0x4c, 0x66, 0xd9, 0xe2, 0x0, 0xc0,

    /* U+53BB "去" */
    0x1, 0x0, 0x2, 0x0, 0x4, 0x1, 0xff, 0xc0,
    0x10, 0x0, 0x20, 0x0, 0x40, 0x7f, 0xff, 0x2,
    0x0, 0xc, 0x80, 0x31, 0x80, 0xc1, 0x83, 0x3,
    0x8f, 0xff, 0x8, 0x3, 0x0,

    /* U+53C2 "参" */
    0x0, 0x0, 0xe, 0x0, 0x31, 0x80, 0xc1, 0x83,
    0xff, 0x80, 0xc0, 0x3f, 0xff, 0x84, 0x10, 0x31,
    0xb0, 0xce, 0x3f, 0x73, 0x98, 0x8c, 0xc0, 0xf3,
    0x3, 0xc, 0x0, 0xf0, 0x1f, 0x80, 0x20, 0x0,

    /* U+53CA "及" */
    0x3f, 0xfc, 0x3, 0x6, 0x1, 0x86, 0x0, 0xc3,
    0x0, 0x63, 0x0, 0x39, 0xf0, 0x34, 0x18, 0x1b,
    0x18, 0x1c, 0x8c, 0xc, 0x6c, 0xc, 0x1c, 0xc,
    0x1f, 0x4, 0x39, 0xf8, 0xf0, 0x38, 0x20, 0x0,

    /* U+53CC "双" */
    0xfe, 0xfe, 0x6, 0x6, 0x46, 0x6, 0x64, 0xc4,
    0x34, 0x44, 0x3c, 0x4c, 0x18, 0x48, 0x1c, 0x78,
    0x1c, 0x38, 0x36, 0x30, 0x23, 0x78, 0x60, 0xce,
    0xc3, 0x87, 0x3, 0x3,

    /* U+53CD "反" */
    0x0, 0x7c, 0x3f, 0xfa, 0x30, 0x0, 0x30, 0x0,
    0x30, 0x0, 0x3f, 0xfc, 0x36, 0xc, 0x32, 0x18,
    0x33, 0x18, 0x31, 0x30, 0x31, 0xb0, 0x60, 0xe0,
    0x61, 0xf0, 0xc7, 0x1f, 0xce, 0x7,

    /* U+53D1 "发" */
    0x1, 0x80, 0x19, 0x98, 0x31, 0x18, 0x33, 0x0,
    0x7f, 0xfe, 0x2, 0x0, 0x6, 0x0, 0x7, 0xfc,
    0xc, 0x18, 0x1e, 0x18, 0x33, 0x30, 0x61, 0xe0,
    0xc0, 0xe0, 0x7, 0xbf, 0x3e, 0xe, 0x10, 0x0,

    /* U+53D6 "取" */
    0x7f, 0x0, 0x31, 0xbf, 0x88, 0x88, 0x84, 0x44,
    0x43, 0xe2, 0x21, 0x11, 0x30, 0x88, 0x98, 0x44,
    0x4c, 0x3e, 0x34, 0x11, 0xe, 0x8, 0x87, 0x4,
    0xe3, 0x8f, 0xe3, 0xe3, 0x13, 0xbc, 0xf, 0x84,
    0x4, 0x80,

    /* U+53D7 "受" */
    0x0, 0x7d, 0xff, 0x80, 0x4, 0x40, 0xcd, 0xc1,
    0x92, 0x1f, 0xff, 0xb0, 0x1, 0x60, 0x2, 0xdf,
    0xf4, 0x18, 0xc0, 0x11, 0x80, 0x36, 0x0, 0x78,
    0xf, 0xdf, 0xfc, 0xf, 0x0,

    /* U+53D8 "变" */
    0x3, 0x0, 0x3, 0x3, 0xff, 0xf8, 0x22, 0x3,
    0x45, 0x8c, 0x89, 0xb1, 0x11, 0x82, 0x21, 0x0,
    0x0, 0xff, 0xf0, 0x60, 0xc0, 0x63, 0x0, 0x6c,
    0x0, 0xf8, 0x3f, 0xbf, 0xf8, 0x7,

    /* U+53E0 "叠" */
    0x3f, 0xf0, 0x18, 0xc0, 0xf, 0x80, 0xe0, 0xcf,
    0xef, 0xcc, 0x91, 0x7, 0x1e, 0x31, 0x62, 0xff,
    0xff, 0x0, 0x4, 0x7f, 0xc0, 0xff, 0x81, 0x1,
    0x3, 0xfe, 0x3f, 0xff, 0x0,

    /* U+53E3 "口" */
    0xff, 0xfe, 0x0, 0xf0, 0x7, 0x80, 0x3c, 0x1,
    0xe0, 0xf, 0x0, 0x78, 0x3, 0xc0, 0x1e, 0x0,
    0xf0, 0x7, 0xff, 0xfc, 0x1, 0x80,

    /* U+53E5 "句" */
    0xe, 0x0, 0x18, 0x0, 0x7f, 0xf9, 0x80, 0x32,
    0x0, 0x6c, 0x0, 0xd7, 0xf9, 0x8c, 0x33, 0x18,
    0x66, 0x30, 0xcc, 0x61, 0x98, 0xff, 0x31, 0x86,
    0x60, 0x0, 0xc0, 0x7, 0x80, 0x0,

    /* U+53E6 "另" */
    0x3f, 0xfc, 0x60, 0x18, 0xc0, 0x31, 0x80, 0x63,
    0xff, 0xc0, 0x70, 0x0, 0xc0, 0x7f, 0xff, 0x3,
    0x6, 0x4, 0xc, 0x18, 0x10, 0xe0, 0x6f, 0x87,
    0xc8, 0x7, 0x0,

    /* U+53EA "只" */
    0x1f, 0xfc, 0xc, 0x6, 0x6, 0x3, 0x3, 0x1,
    0x81, 0x80, 0xc0, 0xc0, 0x60, 0x60, 0x30, 0x3f,
    0xf8, 0x0, 0x0, 0x3, 0x18, 0x3, 0x86, 0x3,
    0x81, 0xc3, 0x80, 0x73, 0x0, 0x19, 0x0, 0x0,

    /* U+53EF "可" */
    0xff, 0xff, 0x0, 0x18, 0x0, 0x18, 0x3f, 0x98,
    0x20, 0x98, 0x20, 0x98, 0x20, 0x98, 0x20, 0x98,
    0x3f, 0x98, 0x20, 0x98, 0x20, 0x18, 0x0, 0x18,
    0x0, 0x18, 0x0, 0x18, 0x0, 0x70,

    /* U+53F0 "台" */
    0x2, 0x0, 0xe, 0x0, 0x18, 0x0, 0x63, 0x1,
    0x87, 0x4, 0x7, 0x3f, 0xff, 0x40, 0x2, 0x0,
    0x0, 0x7f, 0xf0, 0x80, 0x61, 0x0, 0xc2, 0x1,
    0x84, 0x3, 0xf, 0xfe, 0x10, 0xc,

    /* U+53F3 "右" */
    0x0, 0x0, 0x1, 0x80, 0x1, 0x80, 0x1, 0x0,
    0x7f, 0xff, 0x2, 0x0, 0x6, 0x0, 0x4, 0x0,
    0xf, 0xfc, 0x1c, 0xc, 0x3c, 0xc, 0x7c, 0xc,
    0x6c, 0xc, 0xc, 0xc, 0xf, 0xfc, 0xc, 0xc,
    0xc, 0x0,

    /* U+53F7 "号" */
    0x1f, 0xf8, 0x10, 0x8, 0x10, 0x8, 0x10, 0x8,
    0x1f, 0xf8, 0x0, 0x0, 0x0, 0x0, 0xff, 0xff,
    0xc, 0x0, 0x8, 0x0, 0xf, 0xfc, 0x0, 0x8,
    0x0, 0x8, 0x0, 0x18, 0x0, 0xf8, 0x0, 0xe0,

    /* U+53F8 "司" */
    0x7f, 0xfc, 0x0, 0x30, 0x0, 0xff, 0xf3, 0x0,
    0xc, 0x0, 0x37, 0xf8, 0xd8, 0x23, 0x60, 0x8d,
    0x82, 0x37, 0xf8, 0xd8, 0x23, 0x60, 0xc, 0x1,
    0xf0, 0x3, 0x80,

    /* U+5404 "各" */
    0x6, 0x0, 0x4, 0x0, 0xf, 0xf8, 0xc, 0x18,
    0x16, 0x10, 0x33, 0x60, 0x1, 0xc0, 0x3, 0xf0,
    0x3e, 0x3f, 0x70, 0x6, 0xf, 0xf8, 0x8, 0x8,
    0x8, 0x8, 0x8, 0x8, 0xf, 0xf8, 0x8, 0x8,
    0x8, 0x8,

    /* U+5408 "合" */
    0x1, 0xc0, 0x0, 0xe0, 0x0, 0x98, 0x0, 0x86,
    0x1, 0x81, 0x81, 0x80, 0x3b, 0x9f, 0xcc, 0x80,
    0x0, 0x0, 0x0, 0xf, 0xfe, 0x6, 0x3, 0x3,
    0x1, 0x81, 0x80, 0xc0, 0xff, 0xe0, 0x60, 0x30,
    0x30, 0x18,

    /* U+5409 "吉" */
    0x1, 0x0, 0x1, 0x80, 0x1, 0x80, 0xff, 0xff,
    0x1, 0x80, 0x1, 0x80, 0x1, 0x80, 0x7f, 0xfc,
    0x0, 0x0, 0x0, 0x0, 0x3f, 0xf8, 0x30, 0x18,
    0x30, 0x18, 0x30, 0x18, 0x3f, 0xf8, 0x30, 0x18,
    0x30, 0x18,

    /* U+540C "同" */
    0xff, 0xfc, 0x0, 0x60, 0x3, 0x7f, 0x98, 0x0,
    0xc0, 0x6, 0x7e, 0x32, 0x11, 0x90, 0x8c, 0x84,
    0x67, 0xe3, 0x0, 0x18, 0x0, 0xc0, 0x3c, 0x0,
    0x0,

    /* U+540D "名" */
    0x3, 0x0, 0xc, 0x0, 0x1f, 0xf8, 0x60, 0x61,
    0xc1, 0x87, 0xe6, 0x18, 0xf8, 0x0, 0xe0, 0x7,
    0x80, 0x3f, 0xff, 0xf0, 0x1a, 0x60, 0x30, 0xc0,
    0x61, 0xff, 0xc3, 0x1, 0x86, 0x0,

    /* U+540E "后" */
    0x0, 0x7c, 0x3f, 0xfe, 0x30, 0x0, 0x30, 0x0,
    0x30, 0x0, 0x3f, 0xff, 0x30, 0x0, 0x30, 0x0,
    0x37, 0xfc, 0x34, 0xc, 0x24, 0xc, 0x64, 0xc,
    0x64, 0xc, 0xc7, 0xfc, 0xc4, 0xc, 0x4, 0xc,

    /* U+5411 "向" */
    0xc, 0x0, 0x60, 0x1, 0x80, 0x3f, 0xff, 0x80,
    0xe, 0x0, 0x38, 0x0, 0xe7, 0xe3, 0x90, 0x8e,
    0x42, 0x39, 0x8, 0xe4, 0x23, 0x9f, 0x8e, 0x0,
    0x38, 0x1, 0xe0, 0xe,

    /* U+541E "吞" */
    0x1f, 0xfc, 0x0, 0xc0, 0x0, 0x40, 0xf, 0xff,
    0xe0, 0x36, 0x0, 0x31, 0x80, 0x30, 0xe0, 0x70,
    0x3c, 0xff, 0xff, 0x24, 0xc, 0x2, 0x6, 0x1,
    0x3, 0x0, 0xff, 0x80, 0x40, 0xc0, 0x60, 0x0,

    /* U+5426 "否" */
    0x7f, 0xfe, 0x1, 0x80, 0x1, 0x0, 0x7, 0x20,
    0xd, 0x78, 0x39, 0xe, 0xe1, 0x3, 0x81, 0x0,
    0x1f, 0xf8, 0x10, 0x8, 0x10, 0x8, 0x10, 0x8,
    0x1f, 0xf8, 0x10, 0x8,

    /* U+542B "含" */
    0x1, 0x80, 0x1, 0xc0, 0x1, 0x90, 0x1, 0x84,
    0x1, 0x99, 0x81, 0x8c, 0x7f, 0x80, 0xc, 0xbf,
    0xe0, 0x0, 0x20, 0x0, 0x30, 0x0, 0x30, 0x3,
    0xff, 0x81, 0x0, 0xc0, 0x80, 0x60, 0x7f, 0xf0,
    0x20, 0x18, 0x10, 0x0, 0x0,

    /* U+542F "启" */
    0x1, 0x80, 0x0, 0xc0, 0x3f, 0xfe, 0x30, 0x6,
    0x30, 0x6, 0x3f, 0xfe, 0x30, 0x0, 0x30, 0x0,
    0x30, 0x0, 0x37, 0xfe, 0x36, 0x6, 0x66, 0x6,
    0x66, 0x6, 0xc7, 0xfe, 0xc6, 0x7, 0x6, 0x0,

    /* U+5434 "吴" */
    0x3f, 0xf8, 0x60, 0x10, 0xc0, 0x21, 0x80, 0x43,
    0xff, 0x80, 0x0, 0x1f, 0xff, 0x0, 0x80, 0x1,
    0x1, 0xff, 0xfc, 0xe, 0x0, 0x33, 0x1, 0xc3,
    0x9f, 0x3, 0xd8, 0x1, 0x80,

    /* U+544A "告" */
    0x1, 0x80, 0x19, 0x80, 0x31, 0x80, 0x3f, 0xfc,
    0x61, 0x80, 0x1, 0x80, 0x1, 0x80, 0xff, 0xff,
    0x0, 0x0, 0x0, 0x0, 0x3f, 0xf8, 0x30, 0x18,
    0x30, 0x18, 0x30, 0x18, 0x3f, 0xf8, 0x30, 0x18,
    0x30, 0x18,

    /* U+5458 "员" */
    0x1f, 0xfc, 0x10, 0xc, 0x10, 0xc, 0x1f, 0xfc,
    0x1f, 0xfc, 0x0, 0x0, 0x3f, 0xfe, 0x30, 0x6,
    0x31, 0x86, 0x31, 0x86, 0x31, 0x6, 0x33, 0x20,
    0x6, 0x3c, 0x7c, 0xf, 0xf0, 0x3,

    /* U+5468 "周" */
    0x3f, 0xfc, 0x80, 0x12, 0x10, 0x48, 0x41, 0x2f,
    0xe4, 0x84, 0x12, 0x10, 0x4b, 0xfd, 0x20, 0x4,
    0xbf, 0x92, 0xc2, 0x5b, 0x9, 0x4f, 0xe5, 0x0,
    0x1c, 0x1, 0xc0, 0x4,

    /* U+5473 "味" */
    0x0, 0x40, 0x0, 0x83, 0xc1, 0x4, 0xbf, 0xe9,
    0x4, 0x12, 0x8, 0x24, 0x10, 0x4b, 0xfe, 0x90,
    0xe1, 0x23, 0xc2, 0x47, 0x47, 0x9a, 0x89, 0x65,
    0xd0, 0xc9, 0xc7, 0x11, 0x4, 0x20, 0x0, 0x40,

    /* U+547D "命" */
    0x1, 0xc0, 0x1, 0xe0, 0x1, 0xd8, 0x1, 0xc6,
    0x1, 0xc1, 0xe3, 0xbf, 0xbb, 0x80, 0x4, 0x80,
    0x0, 0x3e, 0x7c, 0x11, 0x22, 0x8, 0x91, 0x4,
    0x48, 0x82, 0x24, 0x41, 0xf2, 0x20, 0x8d, 0x70,
    0x40, 0x80, 0x0, 0x40, 0x0,

    /* U+548C "和" */
    0x2, 0x0, 0xfe, 0x1, 0x21, 0xf8, 0x42, 0x10,
    0x84, 0x2f, 0xe8, 0x42, 0x10, 0x8c, 0x21, 0x3e,
    0x42, 0x54, 0x85, 0xad, 0xe, 0x43, 0xf4, 0x84,
    0x21, 0x8, 0x42, 0x0, 0x4, 0x0,

    /* U+54A8 "咨" */
    0x1, 0x80, 0x61, 0x80, 0x33, 0xfe, 0x16, 0x66,
    0x0, 0x64, 0x10, 0x60, 0x30, 0xd0, 0x61, 0x9c,
    0xcf, 0xe, 0x4, 0x2, 0x1f, 0xf8, 0x10, 0x8,
    0x10, 0x8, 0x10, 0x8, 0x1f, 0xf8, 0x10, 0x8,
    0x10, 0x8,

    /* U+54C1 "品" */
    0x3f, 0xf0, 0xc0, 0xc3, 0x3, 0xc, 0xc, 0x30,
    0x30, 0xff, 0xc0, 0x0, 0x0, 0x0, 0xfc, 0xfe,
    0x12, 0x18, 0x48, 0x61, 0x21, 0x84, 0x87, 0xf3,
    0xf8, 0x48, 0x40,

    /* U+54CD "响" */
    0x0, 0x60, 0x1, 0x83, 0xc3, 0x4, 0x9f, 0xf9,
    0x20, 0x72, 0x40, 0xe4, 0xbd, 0xc9, 0x6b, 0x92,
    0xd7, 0x25, 0xae, 0x4b, 0x5c, 0x96, 0xbf, 0x2f,
    0x72, 0x40, 0xe0, 0x81, 0x81, 0x6,

    /* U+54EA "哪" */
    0x7, 0xdf, 0xef, 0xbe, 0x4b, 0x5c, 0x96, 0xa9,
    0x7d, 0x52, 0x5a, 0xa4, 0xb5, 0x49, 0x6a, 0x97,
    0xd3, 0x25, 0xa7, 0xdb, 0x4c, 0xa6, 0xf8, 0x4d,
    0x51, 0xba, 0x2, 0x64, 0x0, 0x8,

    /* U+5524 "唤" */
    0x0, 0x80, 0x1, 0x80, 0xf1, 0xf8, 0x93, 0x18,
    0x96, 0x30, 0x90, 0x20, 0x93, 0xfc, 0x92, 0x44,
    0x92, 0x44, 0x92, 0x44, 0x97, 0xfe, 0xf7, 0xfe,
    0x90, 0xa0, 0x81, 0xb0, 0x3, 0x1c, 0xe, 0xe,
    0x0, 0x2,

    /* U+552F "唯" */
    0x1, 0xa1, 0xe6, 0x63, 0xcc, 0x4, 0x9f, 0xe9,
    0x62, 0x12, 0xc4, 0x27, 0xff, 0x49, 0x10, 0x92,
    0x21, 0x27, 0xfb, 0xcf, 0xf4, 0x91, 0x9, 0x22,
    0x10, 0x7f, 0xc0, 0x80, 0x1, 0x0,

    /* U+5546 "商" */
    0x1, 0x0, 0x2, 0x3, 0xff, 0xf8, 0x22, 0x0,
    0xc6, 0x1, 0x88, 0x1f, 0xff, 0x32, 0x6, 0x66,
    0xcc, 0xd0, 0x79, 0xdf, 0x33, 0x22, 0x66, 0x44,
    0xcc, 0xf9, 0x98, 0x3, 0x30, 0xe, 0x60, 0x18,

    /* U+5609 "嘉" */
    0x1, 0x80, 0xff, 0xfe, 0x1, 0x80, 0x3f, 0xfc,
    0x3f, 0xf8, 0x30, 0x8, 0x3f, 0xf8, 0x4, 0x30,
    0x4, 0x20, 0xff, 0xff, 0x18, 0x0, 0xfe, 0xfe,
    0x12, 0xc6, 0x32, 0xc6, 0x62, 0xfe, 0x46, 0xc0,

    /* U+5668 "器" */
    0x3f, 0x7e, 0x33, 0x62, 0x33, 0x62, 0x3f, 0x7e,
    0x0, 0x8, 0x1, 0x98, 0x7f, 0xff, 0x3, 0x60,
    0xfe, 0x3f, 0x70, 0x7, 0x3f, 0x7e, 0x33, 0x42,
    0x33, 0x42, 0x3f, 0x7e, 0x33, 0x42,

    /* U+566A "噪" */
    0x1, 0xfd, 0xe2, 0x1a, 0x44, 0x34, 0x8f, 0xe9,
    0x0, 0x12, 0xf7, 0xe5, 0x28, 0xcb, 0xdf, 0x90,
    0x1, 0xe0, 0x82, 0x7f, 0xfc, 0x8f, 0x8, 0x35,
    0x0, 0xcb, 0x87, 0x11, 0x80, 0x20,

    /* U+56DB "四" */
    0xff, 0xfe, 0x32, 0x38, 0xc8, 0xe3, 0x23, 0x8c,
    0x8e, 0x32, 0x39, 0xc8, 0xe6, 0x23, 0xb0, 0xee,
    0x80, 0x38, 0x0, 0xff, 0xff, 0x80, 0xc,

    /* U+56DE "回" */
    0xff, 0xfc, 0x0, 0xe0, 0x7, 0x0, 0x39, 0xf9,
    0xc8, 0x4e, 0x42, 0x72, 0x13, 0x9f, 0x9c, 0x0,
    0xe0, 0x7, 0x0, 0x3f, 0xff, 0xc0, 0xc,

    /* U+56E0 "因" */
    0xff, 0xff, 0x0, 0x3c, 0x20, 0xf0, 0x83, 0xdf,
    0xef, 0x8, 0x3c, 0x20, 0xf1, 0x43, 0xcc, 0xcf,
    0x61, 0xbd, 0x4, 0xf0, 0x3, 0xff, 0xff, 0x0,
    0x30,

    /* U+56E2 "团" */
    0xff, 0xff, 0x0, 0x1c, 0x8, 0x70, 0x21, 0xdf,
    0xe7, 0x6, 0x1c, 0x38, 0x70, 0xa1, 0xc4, 0x87,
    0x62, 0x1d, 0x8, 0x70, 0xe1, 0xc0, 0x7, 0xff,
    0xfc, 0x0, 0x40,

    /* U+56F4 "围" */
    0xff, 0xfc, 0x0, 0x60, 0x83, 0x3f, 0xd8, 0x20,
    0xcf, 0xf6, 0x8, 0x30, 0x41, 0xbf, 0xec, 0x11,
    0x60, 0xbb, 0x5, 0x98, 0x20, 0xff, 0xfe, 0x0,
    0x30, 0x0,

    /* U+56FA "固" */
    0xff, 0xfe, 0x8, 0x18, 0x20, 0x6f, 0xf9, 0x82,
    0x6, 0x8, 0x18, 0x20, 0x67, 0xf1, 0x90, 0x46,
    0x41, 0x19, 0xfc, 0x60, 0x1, 0xff, 0xfe, 0x0,
    0x18, 0x0, 0x40,

    /* U+56FE "图" */
    0xff, 0xfe, 0x0, 0x38, 0xc0, 0xe3, 0xf3, 0x98,
    0xce, 0xd6, 0x38, 0x30, 0xe3, 0xf3, 0xb8, 0xee,
    0x9c, 0x38, 0x10, 0xe3, 0x83, 0x83, 0x8e, 0x0,
    0x3f, 0xff, 0xc0,

    /* U+5706 "圆" */
    0xff, 0xfc, 0x0, 0x67, 0xf3, 0x20, 0x99, 0xfc,
    0xc0, 0x6, 0x7f, 0x32, 0x9, 0x92, 0x4c, 0x9a,
    0x60, 0xe3, 0x1d, 0x9b, 0xc2, 0xc0, 0x17, 0xff,
    0xf0, 0x1,

    /* U+5708 "圈" */
    0xff, 0xfc, 0x92, 0x60, 0xa3, 0x3f, 0x98, 0x40,
    0xdf, 0xf6, 0x22, 0x33, 0xff, 0xa8, 0xac, 0x58,
    0x62, 0x1b, 0x1f, 0x98, 0x0, 0xff, 0xfc,

    /* U+5728 "在" */
    0x0, 0x80, 0x1, 0xc0, 0x1, 0x80, 0x3f, 0xff,
    0x3, 0x0, 0x6, 0x30, 0xe, 0x30, 0xc, 0x30,
    0x18, 0x30, 0x39, 0xff, 0x68, 0x30, 0x8, 0x30,
    0x8, 0x30, 0x8, 0x30, 0xb, 0xff, 0x8, 0x0,

    /* U+5730 "地" */
    0x20, 0x20, 0x20, 0x20, 0x21, 0x20, 0x21, 0x26,
    0x21, 0x3e, 0xf9, 0xe2, 0x2f, 0xa2, 0x25, 0x22,
    0x21, 0x22, 0x21, 0x2e, 0x21, 0x24, 0x39, 0x20,
    0xf1, 0x1, 0x41, 0x3, 0x1, 0xfe,

    /* U+5733 "圳" */
    0x21, 0x4, 0x84, 0x92, 0x12, 0x48, 0x49, 0xf9,
    0x27, 0xe4, 0x92, 0x12, 0x48, 0x49, 0x21, 0x24,
    0x84, 0x93, 0x92, 0x7c, 0xc9, 0xc2, 0x24, 0x18,
    0x90, 0xe0, 0x43, 0x1,

    /* U+573A "场" */
    0x23, 0xfc, 0x40, 0x30, 0x80, 0xc1, 0x3, 0xf,
    0x8c, 0x1f, 0x30, 0x8, 0xff, 0x90, 0x69, 0x20,
    0x92, 0x41, 0x24, 0xa6, 0xc9, 0xd9, 0x1e, 0x66,
    0x78, 0x18, 0xc0, 0x67, 0x80, 0x84,

    /* U+5740 "址" */
    0x0, 0x38, 0x20, 0x30, 0x20, 0x30, 0x20, 0x30,
    0x21, 0x30, 0x21, 0x30, 0xf9, 0x3e, 0x21, 0x30,
    0x21, 0x30, 0x21, 0x30, 0x21, 0x30, 0x21, 0x30,
    0x39, 0x30, 0x79, 0x30, 0xc1, 0x30, 0x87, 0xff,

    /* U+5747 "均" */
    0x0, 0x20, 0xc, 0x18, 0x6, 0x18, 0x3, 0xf,
    0xf1, 0x87, 0xfb, 0xf6, 0xc, 0x66, 0x86, 0x33,
    0x63, 0x18, 0x19, 0x8c, 0x0, 0xc6, 0x7, 0x63,
    0xdf, 0x37, 0xec, 0x1b, 0x80, 0xc, 0x0, 0xe,
    0x0, 0x1f, 0x0, 0x8, 0x0,

    /* U+574A "坊" */
    0x0, 0x10, 0xc, 0x18, 0x6, 0xc, 0x3, 0x0,
    0x1, 0x9f, 0xfb, 0xe2, 0x0, 0x61, 0x0, 0x30,
    0xfc, 0x18, 0x42, 0xc, 0x21, 0x6, 0x90, 0x87,
    0xd0, 0xc7, 0x8, 0x62, 0xc, 0x30, 0xc, 0x78,
    0x4, 0x38,

    /* U+5750 "坐" */
    0x1, 0x0, 0x2, 0x0, 0x64, 0x61, 0x88, 0x83,
    0x13, 0x7, 0x27, 0x1b, 0x5b, 0x62, 0xa3, 0x81,
    0x0, 0x2, 0x1, 0xff, 0xf0, 0x8, 0x0, 0x10,
    0x0, 0x20, 0x3f, 0xff, 0x80,

    /* U+5751 "坑" */
    0x0, 0x60, 0x20, 0x60, 0x20, 0x20, 0x23, 0xff,
    0x20, 0x0, 0xf8, 0x0, 0xf8, 0x0, 0x20, 0xf8,
    0x20, 0x88, 0x20, 0x88, 0x20, 0x88, 0x29, 0x88,
    0x79, 0x88, 0xc1, 0x9, 0x83, 0x9, 0x1c, 0xf,
    0x10, 0x0,

    /* U+5757 "块" */
    0x20, 0xc0, 0x20, 0xc0, 0x20, 0xc0, 0x27, 0xfc,
    0x24, 0xc4, 0xf8, 0xc4, 0x20, 0xc4, 0x20, 0xc4,
    0x20, 0xc4, 0x27, 0xff, 0x20, 0xe0, 0x29, 0xa0,
    0xf9, 0xb0, 0xc3, 0x18, 0x7, 0xe, 0x1c, 0x6,
    0x8, 0x2,

    /* U+5764 "坤" */
    0x0, 0x20, 0x40, 0x40, 0x80, 0x81, 0x1f, 0xf2,
    0x22, 0x3f, 0x44, 0x48, 0x88, 0x91, 0xff, 0x22,
    0x22, 0x44, 0x44, 0x88, 0x89, 0xdf, 0xff, 0x22,
    0x38, 0x44, 0x0, 0x8, 0x0, 0x10, 0x0, 0x20,

    /* U+578B "型" */
    0x41, 0x82, 0x7f, 0xa2, 0x12, 0x22, 0x12, 0x22,
    0xff, 0xa2, 0xff, 0xa2, 0x12, 0x22, 0x22, 0x2,
    0x60, 0x1e, 0xc1, 0xc, 0x1, 0x0, 0x3f, 0xfc,
    0x1, 0x0, 0x1, 0x0, 0xff, 0xff,

    /* U+57CE "城" */
    0x20, 0x34, 0x10, 0x1b, 0x8, 0xc, 0x4, 0x7f,
    0xe2, 0x21, 0x7, 0x90, 0xb0, 0x8f, 0x58, 0x44,
    0xac, 0x22, 0x54, 0x11, 0x2a, 0xe, 0x97, 0x1e,
    0xf9, 0xc, 0x49, 0xd8, 0x61, 0xb8, 0x61, 0x8c,

    /* U+57DF "域" */
    0x0, 0x20, 0x20, 0x2e, 0x20, 0x24, 0x2f, 0xfe,
    0x20, 0x20, 0x20, 0x20, 0xf7, 0xa6, 0x24, 0xa4,
    0x24, 0xa4, 0x24, 0xa4, 0x27, 0xbc, 0x24, 0x98,
    0x30, 0x98, 0xe3, 0xfe, 0x84, 0x6e, 0x0, 0x46,

    /* U+57F9 "培" */
    0x0, 0x20, 0x20, 0x60, 0x20, 0x20, 0x23, 0xfe,
    0x20, 0x0, 0xf8, 0x88, 0x20, 0x98, 0x23, 0xff,
    0x20, 0x0, 0x20, 0x0, 0x21, 0xfe, 0x29, 0x6,
    0x3d, 0x6, 0xe1, 0x6, 0x81, 0xfe, 0x1, 0x6,
    0x1, 0x0,

    /* U+57FA "基" */
    0x0, 0x10, 0x8, 0x10, 0x7f, 0xfe, 0x8, 0x10,
    0xf, 0xf0, 0x8, 0x10, 0xf, 0xf0, 0x8, 0x10,
    0x8, 0x10, 0xff, 0xff, 0xc, 0x90, 0x18, 0x8c,
    0xf7, 0xf6, 0x40, 0x80, 0x0, 0x80, 0x3f, 0xfe,

    /* U+5806 "堆" */
    0x0, 0x0, 0x21, 0x90, 0x21, 0x98, 0x21, 0x0,
    0x23, 0xff, 0xfb, 0x10, 0xa7, 0x10, 0x2d, 0xfe,
    0x29, 0x10, 0x21, 0x10, 0x21, 0x10, 0x29, 0xfe,
    0xf9, 0x10, 0xc1, 0x10, 0x1, 0xff, 0x1, 0x0,
    0x1, 0x0,

    /* U+585E "塞" */
    0x1, 0x0, 0x1, 0x80, 0x7f, 0xfe, 0x44, 0x22,
    0x44, 0x22, 0x3f, 0xfc, 0x4, 0x20, 0x3f, 0xfc,
    0x4, 0x20, 0xff, 0xfe, 0x9, 0x30, 0x31, 0x1e,
    0xff, 0xe6, 0x1, 0x0, 0x1, 0x0, 0x7f, 0xfc,

    /* U+586B "填" */
    0x0, 0x60, 0x20, 0x40, 0x27, 0xfe, 0x20, 0x40,
    0x23, 0xfc, 0xfa, 0x4, 0x23, 0xfc, 0x22, 0x4,
    0x23, 0xfc, 0x22, 0x4, 0x23, 0xfc, 0x3a, 0x4,
    0xe7, 0xff, 0x81, 0x8, 0x3, 0x8e, 0xe, 0x7,
    0x4, 0x0,

    /* U+5883 "境" */
    0x0, 0x60, 0x20, 0x20, 0x27, 0xfe, 0x21, 0x88,
    0x21, 0x98, 0xf7, 0xff, 0x20, 0x0, 0x23, 0xfe,
    0x22, 0x6, 0x23, 0xfe, 0x22, 0x6, 0x3b, 0xfe,
    0xe0, 0x90, 0x81, 0x91, 0x3, 0x13, 0x1e, 0x1e,
    0x0, 0x0,

    /* U+589E "增" */
    0x20, 0x88, 0x41, 0xb0, 0x8f, 0xf9, 0x11, 0x12,
    0x2a, 0xbf, 0x55, 0x48, 0x88, 0x91, 0xff, 0x20,
    0x0, 0x43, 0xf8, 0xa4, 0x17, 0xcf, 0xee, 0x10,
    0x50, 0x20, 0x80, 0x7f, 0x0, 0x82,

    /* U+58F0 "声" */
    0x1, 0x80, 0x1, 0x80, 0xff, 0xff, 0x1, 0x80,
    0x1, 0x80, 0x3f, 0xfe, 0x0, 0x0, 0x0, 0x0,
    0x1f, 0xfe, 0x11, 0x86, 0x11, 0x86, 0x11, 0x86,
    0x1f, 0xfe, 0x30, 0x0, 0x30, 0x0, 0xe0, 0x0,
    0x40, 0x0,

    /* U+5904 "处" */
    0x18, 0x20, 0x18, 0x20, 0x10, 0x20, 0x3f, 0xa0,
    0x31, 0xa8, 0x21, 0x2c, 0x61, 0x26, 0xd3, 0x22,
    0xd2, 0x20, 0x1a, 0x20, 0xc, 0x20, 0xc, 0x20,
    0x1f, 0x20, 0xf3, 0xff, 0x60, 0x7e,

    /* U+5907 "备" */
    0x7, 0x0, 0x6, 0x0, 0xf, 0xf8, 0x1c, 0x10,
    0x36, 0x30, 0x23, 0x60, 0x1, 0xc0, 0x1f, 0x7f,
    0xf8, 0xe, 0x1f, 0xf8, 0x10, 0x88, 0x10, 0x88,
    0x1f, 0xf8, 0x10, 0x88, 0x10, 0x88, 0x1f, 0xf8,
    0x10, 0x0,

    /* U+590D "复" */
    0x8, 0x0, 0x30, 0x0, 0x7f, 0xf9, 0x0, 0xd,
    0xff, 0x82, 0x1, 0x7, 0xfe, 0x8, 0x4, 0x10,
    0x8, 0x3f, 0xf0, 0x30, 0x0, 0xff, 0xc7, 0x43,
    0x8, 0xec, 0x0, 0x70, 0x3, 0xfc, 0x78, 0x1e,

    /* U+5916 "外" */
    0x10, 0x60, 0x18, 0x60, 0x10, 0x60, 0x30, 0x60,
    0x3f, 0x60, 0x23, 0x70, 0x62, 0x68, 0x52, 0x6e,
    0xda, 0x67, 0xe, 0x63, 0x4, 0x60, 0xc, 0x60,
    0x18, 0x60, 0x70, 0x60, 0xe0, 0x60, 0x0, 0x60,

    /* U+591A "多" */
    0x6, 0x0, 0xc, 0x0, 0x3f, 0xe0, 0xc0, 0xc3,
    0x83, 0xd, 0x9c, 0x1, 0xe0, 0x7, 0x80, 0x7d,
    0x80, 0xcf, 0xf8, 0x30, 0x31, 0xf8, 0xc3, 0x1b,
    0x0, 0x1c, 0x0, 0xe0, 0x3e, 0x0,

    /* U+591F "够" */
    0x10, 0x10, 0xc, 0xc, 0x4, 0xf, 0xc7, 0xe7,
    0xe2, 0x16, 0x22, 0xa, 0xf1, 0xe4, 0x30, 0x52,
    0x70, 0x29, 0xec, 0x14, 0x8f, 0xca, 0x4c, 0x67,
    0x2e, 0x62, 0x90, 0xf1, 0x8, 0x30, 0x3c, 0x70,
    0x1d, 0xe0, 0x0, 0x40, 0x0,

    /* U+5927 "大" */
    0x0, 0x0, 0x1, 0x80, 0x1, 0x80, 0x1, 0x80,
    0x1, 0x80, 0x7f, 0xff, 0x1, 0x80, 0x1, 0x80,
    0x3, 0xc0, 0x3, 0x40, 0x2, 0x60, 0x6, 0x30,
    0xc, 0x38, 0x38, 0x1e, 0xf0, 0x7, 0x40, 0x2,

    /* U+5929 "天" */
    0x1f, 0xfe, 0x0, 0x60, 0x0, 0x30, 0x0, 0x18,
    0x0, 0xc, 0x3, 0xff, 0xf8, 0x3, 0x0, 0x3,
    0xc0, 0x1, 0xa0, 0x1, 0x98, 0x1, 0xc6, 0x1,
    0xc1, 0xc7, 0xc0, 0x73, 0x80, 0x18,

    /* U+592A "太" */
    0x1, 0x80, 0x1, 0x80, 0x1, 0x80, 0x1, 0x80,
    0x1, 0x80, 0x7f, 0xfe, 0x1, 0x80, 0x3, 0x80,
    0x3, 0x40, 0x3, 0x40, 0x6, 0x60, 0x6, 0x30,
    0xd, 0x18, 0x19, 0x9e, 0x71, 0x87, 0x60, 0x2,

    /* U+592E "央" */
    0x3, 0x0, 0x3, 0x0, 0x3, 0x0, 0x3f, 0xf8,
    0x23, 0x8, 0x23, 0x8, 0x23, 0x8, 0x23, 0x8,
    0x23, 0x8, 0xff, 0xfe, 0x7, 0x80, 0x5, 0x80,
    0xc, 0xc0, 0x18, 0x70, 0x70, 0x3e, 0xe0, 0x1e,
    0x0, 0x2,

    /* U+5931 "失" */
    0x0, 0xc0, 0xc, 0x40, 0x6, 0x20, 0x3, 0xff,
    0x83, 0x8, 0x3, 0x4, 0x0, 0x2, 0x0, 0xff,
    0xfe, 0x1, 0x80, 0x0, 0xa0, 0x0, 0xd8, 0x0,
    0xc6, 0x0, 0xc1, 0xe3, 0xc0, 0x79, 0x80, 0x8,

    /* U+5934 "头" */
    0x0, 0x80, 0x1, 0x80, 0x63, 0x0, 0x76, 0x0,
    0xc, 0x4, 0x18, 0xe, 0x20, 0xc, 0x40, 0x0,
    0x81, 0xff, 0xfc, 0x6, 0x0, 0x9, 0x0, 0x37,
    0x1, 0xc3, 0x1f, 0x3, 0x38, 0x2,

    /* U+5957 "套" */
    0x3, 0x80, 0x3, 0x0, 0xff, 0xfe, 0xc, 0x20,
    0xc, 0x30, 0x18, 0x18, 0x7f, 0xfe, 0xe8, 0x6,
    0xf, 0xf0, 0x8, 0x0, 0xf, 0xf0, 0xff, 0xfe,
    0xc, 0x20, 0x8, 0x18, 0x3f, 0xfc, 0x0, 0x4,

    /* U+597D "好" */
    0x10, 0x0, 0x10, 0xff, 0x10, 0xff, 0x10, 0x6,
    0x7e, 0xc, 0x36, 0x18, 0x26, 0x18, 0x26, 0x18,
    0x27, 0xff, 0x64, 0x18, 0x74, 0x18, 0x1c, 0x18,
    0xe, 0x18, 0x1e, 0x18, 0x30, 0x18, 0xe0, 0x78,
    0x40, 0x20,

    /* U+5982 "如" */
    0x18, 0x0, 0x60, 0x1, 0x0, 0x4, 0x1f, 0xff,
    0x44, 0xcd, 0x13, 0x34, 0x48, 0x91, 0x22, 0x44,
    0x99, 0x13, 0x64, 0x47, 0x11, 0x1f, 0x44, 0x4d,
    0xf6, 0x4, 0x70, 0x11,

    /* U+59CB "始" */
    0x0, 0x40, 0x30, 0x60, 0x20, 0x40, 0x20, 0xc8,
    0xfd, 0x8c, 0xfd, 0x6, 0x6f, 0xfe, 0x48, 0x0,
    0x48, 0x0, 0x49, 0xfc, 0x79, 0x4, 0x39, 0x4,
    0x19, 0x4, 0x3d, 0x4, 0x65, 0xfc, 0xc1, 0x4,
    0x41, 0x4,

    /* U+59D4 "委" */
    0x0, 0xc, 0x7f, 0xf8, 0x2, 0x3, 0xff, 0xf0,
    0x2e, 0x1, 0x96, 0x1e, 0x27, 0xb0, 0x81, 0x3,
    0x1, 0xff, 0xfc, 0x10, 0xc0, 0x7b, 0x0, 0x1e,
    0x3, 0xf7, 0xdf, 0x1, 0x0,

    /* U+59DA "姚" */
    0x30, 0x90, 0x20, 0x90, 0x26, 0x92, 0xfa, 0x96,
    0x6b, 0x94, 0x48, 0x90, 0x48, 0x90, 0x48, 0x98,
    0x5b, 0x9c, 0xf6, 0x96, 0x30, 0x92, 0x38, 0x90,
    0x29, 0x10, 0x43, 0x13, 0x8e, 0x1e, 0x0, 0x0,

    /* U+59DC "姜" */
    0x0, 0x20, 0x6, 0x30, 0x0, 0x60, 0x7f, 0xfe,
    0x1, 0x80, 0x3f, 0xfc, 0x1, 0x80, 0x1, 0x80,
    0x7f, 0xfe, 0x3, 0x0, 0x2, 0x0, 0xff, 0xff,
    0xc, 0x30, 0xe, 0x60, 0x1, 0xe0, 0x7f, 0x3c,
    0x70, 0x6,

    /* U+5A1C "娜" */
    0x30, 0x0, 0x23, 0xcf, 0x21, 0x49, 0xf9, 0x4b,
    0xf9, 0x4a, 0x6b, 0xca, 0x69, 0x4a, 0x49, 0x4a,
    0x4b, 0xcb, 0x79, 0x49, 0x1a, 0x49, 0x3a, 0x49,
    0x22, 0x4b, 0x67, 0xc8, 0xcc, 0x88, 0x0, 0x8,

    /* U+5A77 "婷" */
    0x0, 0x60, 0x60, 0x40, 0x8f, 0xf9, 0x0, 0x2,
    0x1f, 0xdf, 0xa0, 0x9b, 0x7f, 0x26, 0x0, 0x4b,
    0xff, 0x94, 0x5, 0xe0, 0x1, 0x9f, 0xe3, 0x82,
    0x5, 0x84, 0x12, 0x8, 0x60, 0x70, 0x0, 0x40,

    /* U+5A92 "媒" */
    0x10, 0xc2, 0xc, 0x41, 0x4, 0x7f, 0xe2, 0x10,
    0x47, 0xc8, 0x23, 0xe7, 0xf0, 0xd2, 0x8, 0x49,
    0xfc, 0x24, 0x10, 0x16, 0x8, 0x1e, 0x7f, 0xe3,
    0xf, 0x81, 0xcd, 0x60, 0xa6, 0xb8, 0xc6, 0x4f,
    0xc6, 0x22, 0x0, 0x10, 0x0,

    /* U+5B50 "子" */
    0x3f, 0xfc, 0x0, 0x38, 0x0, 0x60, 0x1, 0xc0,
    0x1, 0x80, 0x1, 0x80, 0xff, 0xff, 0x1, 0x80,
    0x1, 0x80, 0x1, 0x80, 0x1, 0x80, 0x1, 0x80,
    0x7, 0x80, 0x7, 0x0,

    /* U+5B54 "孔" */
    0x0, 0x30, 0x7f, 0xb0, 0x3, 0x30, 0x6, 0x30,
    0xc, 0x30, 0x8, 0x30, 0x8, 0x30, 0xf, 0x30,
    0x7c, 0x30, 0x68, 0x30, 0x8, 0x30, 0x8, 0x30,
    0x8, 0x31, 0x8, 0x33, 0x38, 0x3e,

    /* U+5B57 "字" */
    0x3, 0x80, 0x1, 0x80, 0xff, 0xfe, 0xc0, 0x6,
    0xc0, 0x6, 0xdf, 0xf0, 0x0, 0x60, 0x1, 0xc0,
    0x1, 0x80, 0xff, 0xff, 0x1, 0x80, 0x1, 0x80,
    0x1, 0x80, 0x1, 0x80, 0x7, 0x80,

    /* U+5B58 "存" */
    0x0, 0x0, 0x1, 0x80, 0x3, 0x0, 0x7f, 0xff,
    0x6, 0x0, 0xc, 0x0, 0xb, 0xfe, 0x18, 0xc,
    0x38, 0x18, 0x78, 0x10, 0xd8, 0x10, 0x1f, 0xff,
    0x18, 0x10, 0x18, 0x10, 0x18, 0x30, 0x18, 0x70,

    /* U+5B66 "学" */
    0x1, 0x88, 0x31, 0x8c, 0x19, 0x98, 0x10, 0x10,
    0xff, 0xff, 0xc0, 0x3, 0xc0, 0x3, 0x1f, 0xf8,
    0x0, 0x70, 0x1, 0xc0, 0x1, 0x80, 0xff, 0xff,
    0x1, 0x80, 0x1, 0x80, 0x1, 0x80, 0x3, 0x80,

    /* U+5B87 "宇" */
    0x0, 0xc0, 0x0, 0x60, 0x1f, 0xff, 0xcc, 0x0,
    0x66, 0x0, 0x30, 0x7f, 0xe0, 0x3, 0x0, 0x1,
    0x80, 0x0, 0xc0, 0x7f, 0xff, 0xc0, 0x30, 0x0,
    0x18, 0x0, 0xc, 0x0, 0x6, 0x0, 0xf, 0x0,
    0x4, 0x0,

    /* U+5B89 "安" */
    0x0, 0x0, 0x6, 0x0, 0x4, 0x3, 0xff, 0xe4,
    0x0, 0x48, 0xc0, 0x81, 0x80, 0x2, 0x0, 0xff,
    0xfe, 0x10, 0xc0, 0x41, 0x81, 0xe6, 0x0, 0x78,
    0x0, 0x7c, 0xf, 0x8f, 0x3c, 0x6, 0x0, 0x0,

    /* U+5B8B "宋" */
    0x1, 0x80, 0x1, 0x80, 0x7f, 0xfe, 0x60, 0x6,
    0x61, 0x86, 0x1, 0x80, 0x1, 0x80, 0x7f, 0xfe,
    0x3, 0xc0, 0x5, 0xa0, 0xd, 0xb0, 0x19, 0x98,
    0x31, 0x8f, 0xe1, 0x86, 0x41, 0x80, 0x1, 0x80,

    /* U+5B8C "完" */
    0x1, 0x80, 0x1, 0x1, 0xff, 0xfb, 0x0, 0x36,
    0x0, 0x60, 0x0, 0x3, 0xfc, 0x0, 0x0, 0x0,
    0x0, 0xff, 0xfc, 0x9, 0x0, 0x12, 0x0, 0x24,
    0x0, 0x88, 0xc7, 0x11, 0xf8, 0x3e, 0x40, 0x0,

    /* U+5B98 "官" */
    0x1, 0x80, 0x3, 0x3, 0xff, 0xfc, 0x0, 0x38,
    0x0, 0x67, 0xfe, 0xc, 0x4, 0x18, 0x8, 0x3f,
    0xf0, 0x60, 0x0, 0xc0, 0x1, 0xff, 0xc3, 0x1,
    0x86, 0x3, 0xc, 0x6, 0x1f, 0xfc, 0x30, 0x0,

    /* U+5B9A "定" */
    0x0, 0x80, 0x0, 0x40, 0x0, 0x20, 0xf, 0xff,
    0xe6, 0x0, 0x33, 0x0, 0x18, 0x3f, 0xe0, 0x1,
    0x0, 0x0, 0x80, 0x6, 0x40, 0x6, 0x3f, 0x3,
    0x10, 0x3, 0x88, 0x1, 0xa4, 0x1, 0x8e, 0x1,
    0x80, 0xfe,

    /* U+5B9E "实" */
    0x1, 0x80, 0x3, 0x3, 0xff, 0xfe, 0x0, 0x3c,
    0xc, 0x61, 0x98, 0x1, 0xa0, 0x18, 0x40, 0x1c,
    0x80, 0x11, 0x3, 0xff, 0xf8, 0xc, 0x0, 0x36,
    0x1, 0xcf, 0xf, 0x7, 0x38, 0x2,

    /* U+5BA1 "审" */
    0x3, 0x80, 0x3, 0x3, 0xff, 0xfe, 0xc, 0x1c,
    0x18, 0x27, 0xff, 0x88, 0x63, 0x10, 0xc6, 0x3f,
    0xfc, 0x43, 0x18, 0x86, 0x31, 0xff, 0xe2, 0x18,
    0xc0, 0x30, 0x0, 0x60, 0x0, 0xc0,

    /* U+5BA2 "客" */
    0x1, 0x80, 0x1, 0x80, 0x7f, 0xfe, 0x40, 0x2,
    0x46, 0x2, 0xf, 0xf0, 0x18, 0x20, 0x36, 0xc0,
    0x3, 0x80, 0xe, 0xf8, 0xf8, 0x3e, 0x5f, 0xf0,
    0x18, 0x10, 0x18, 0x10, 0x18, 0x10, 0x1f, 0xf0,
    0x18, 0x10,

    /* U+5BA3 "宣" */
    0x3, 0x0, 0x2, 0x3, 0xff, 0xfe, 0x0, 0x3c,
    0x0, 0x63, 0xfe, 0x0, 0x0, 0x1f, 0xfc, 0x30,
    0x18, 0x60, 0x30, 0xff, 0xe1, 0x80, 0xc3, 0xff,
    0x80, 0x0, 0x0, 0x0, 0x7f, 0xff,

    /* U+5BA4 "室" */
    0x1, 0x0, 0x2, 0x3, 0xff, 0xf4, 0x0, 0x28,
    0x0, 0x47, 0xfe, 0x1, 0x80, 0x6, 0x30, 0x18,
    0x30, 0xff, 0xf1, 0xc4, 0x20, 0x8, 0x3, 0xff,
    0xc0, 0x20, 0x0, 0x40, 0x7f, 0xff,

    /* U+5BB9 "容" */
    0x3, 0x0, 0x0, 0xc0, 0x1f, 0xff, 0x88, 0x0,
    0x44, 0x6, 0x20, 0x63, 0x80, 0x64, 0x70, 0xc6,
    0x8, 0x6, 0xc0, 0x6, 0x38, 0xe, 0x7, 0xdb,
    0xff, 0x61, 0x81, 0x80, 0xc0, 0xc0, 0x7f, 0xe0,
    0x30, 0x30, 0x18, 0x0, 0x0,

    /* U+5BBD "宽" */
    0x1, 0x80, 0x0, 0x40, 0x1f, 0xff, 0xc8, 0x0,
    0x24, 0x26, 0x10, 0xff, 0xe0, 0x9, 0x80, 0x4,
    0xc0, 0x1f, 0xf8, 0xc, 0x4, 0x6, 0x62, 0x3,
    0x21, 0x1, 0x94, 0x80, 0x1a, 0x8, 0x39, 0x4,
    0xf0, 0xfe,

    /* U+5BC4 "寄" */
    0x3, 0x0, 0x6, 0x3, 0xff, 0xf4, 0x18, 0x23,
    0xff, 0x0, 0xc0, 0x1, 0xe0, 0x7e, 0xf8, 0x40,
    0x11, 0xff, 0xfc, 0x0, 0x43, 0xfc, 0x86, 0x19,
    0xf, 0xf2, 0x18, 0x64, 0x30, 0x8, 0x0, 0x70,

    /* U+5BC6 "密" */
    0x1, 0x80, 0x0, 0x80, 0x7f, 0xff, 0x60, 0x3,
    0x63, 0x9b, 0x1, 0xb0, 0x14, 0x64, 0x34, 0xc6,
    0x35, 0x9b, 0xe, 0x18, 0xff, 0xf0, 0x40, 0x80,
    0x10, 0x84, 0x10, 0x84, 0x10, 0x84, 0x1f, 0xfc,
    0x0, 0x4,

    /* U+5BF9 "对" */
    0x0, 0x6, 0x0, 0x3, 0x1f, 0xc1, 0x8f, 0xe0,
    0xc0, 0x2f, 0xf8, 0x10, 0x30, 0xd8, 0x18, 0x6c,
    0xc, 0x1c, 0x66, 0x6, 0x33, 0x3, 0x9, 0x81,
    0xc4, 0xc1, 0xe0, 0x61, 0xd8, 0x30, 0xcc, 0x18,
    0xc4, 0xc, 0x0, 0x1c, 0x0,

    /* U+5BFC "导" */
    0x1f, 0xfc, 0x8, 0x2, 0x4, 0x1, 0x3, 0xff,
    0x81, 0x0, 0x0, 0x80, 0x8, 0x40, 0xc, 0x3f,
    0xfc, 0x0, 0x10, 0x0, 0xc, 0x3f, 0xff, 0xe0,
    0x3, 0x0, 0xc1, 0x80, 0x60, 0xc0, 0x10, 0x60,
    0x0, 0xe0,

    /* U+5C01 "封" */
    0x0, 0x4, 0x8, 0x4, 0x8, 0x4, 0x7f, 0x4,
    0x8, 0x7f, 0x8, 0x4, 0xff, 0x84, 0x0, 0x24,
    0x8, 0x24, 0x8, 0x24, 0x7f, 0x34, 0x8, 0x4,
    0x8, 0x4, 0xf, 0x84, 0xfe, 0xc, 0x0, 0x1c,

    /* U+5C04 "射" */
    0x30, 0x0, 0x60, 0x11, 0xf8, 0x22, 0x10, 0x44,
    0x20, 0x8f, 0xdf, 0xd0, 0x82, 0x21, 0x4, 0x7e,
    0xc8, 0x84, 0x93, 0xf9, 0x20, 0x50, 0x41, 0x20,
    0x86, 0x41, 0x38, 0x86, 0x43, 0x1c,

    /* U+5C06 "将" */
    0x0, 0x0, 0x8, 0x40, 0x8, 0xff, 0x48, 0x86,
    0x69, 0xc6, 0x69, 0x6c, 0x28, 0x38, 0x8, 0x30,
    0x8, 0xe4, 0x28, 0x84, 0x29, 0xff, 0x68, 0x4,
    0x48, 0xc4, 0x48, 0x44, 0x8, 0x4, 0x8, 0x3c,
    0x8, 0x18,

    /* U+5C0F "小" */
    0x1, 0x80, 0x1, 0x80, 0x1, 0x80, 0x1, 0x80,
    0x19, 0x98, 0x31, 0x8c, 0x31, 0x8c, 0x21, 0x86,
    0x61, 0x86, 0x41, 0x83, 0xc1, 0x83, 0x1, 0x80,
    0x1, 0x80, 0x3, 0x80, 0x7, 0x80,

    /* U+5C11 "少" */
    0x1, 0x80, 0x1, 0x80, 0x1, 0x90, 0x19, 0x98,
    0x11, 0x8c, 0x31, 0x86, 0x21, 0x83, 0x61, 0x80,
    0xc1, 0x88, 0x1, 0x8c, 0x1, 0x98, 0x0, 0x30,
    0x0, 0x60, 0x3, 0xc0, 0x7f, 0x0, 0x38, 0x0,

    /* U+5C1A "尚" */
    0x3, 0x80, 0x8c, 0x27, 0x31, 0xcc, 0xcc, 0x13,
    0x60, 0xc, 0xf, 0xff, 0xf0, 0x3, 0xc0, 0xf,
    0x3f, 0x3c, 0x84, 0xf2, 0x13, 0xcf, 0xcf, 0x0,
    0x3c, 0x3, 0xf0, 0xf,

    /* U+5C1D "尝" */
    0x1, 0x80, 0x63, 0x38, 0x64, 0x60, 0x89, 0x8f,
    0xff, 0xf8, 0x0, 0x70, 0x0, 0xef, 0xf8, 0x0,
    0x0, 0x0, 0x3, 0xff, 0xf8, 0x30, 0x0, 0xc3,
    0x3, 0x3, 0xc, 0xff, 0x1f, 0x86,

    /* U+5C31 "就" */
    0xc, 0x18, 0x3, 0xd, 0x0, 0x6, 0x8f, 0xfb,
    0x60, 0x1, 0x81, 0xfb, 0xfc, 0xc4, 0x40, 0x62,
    0x28, 0x31, 0x14, 0x1f, 0x8a, 0x1, 0x5, 0x6,
    0xa6, 0x82, 0x5a, 0x43, 0x23, 0x24, 0x33, 0x12,
    0x33, 0x8f,

    /* U+5C3D "尽" */
    0x1f, 0xfc, 0x10, 0xc, 0x10, 0xc, 0x10, 0xc,
    0x1f, 0xfc, 0x10, 0xc0, 0x10, 0x60, 0x20, 0x30,
    0x27, 0x1c, 0x61, 0xcf, 0xc0, 0x2, 0x4, 0x0,
    0xf, 0x80, 0x1, 0xe0, 0x0, 0x60,

    /* U+5C3E "尾" */
    0x3f, 0xfe, 0x18, 0x3, 0xc, 0x1, 0x87, 0xff,
    0xc3, 0x0, 0x1, 0xbf, 0xf0, 0xdf, 0x0, 0x60,
    0x80, 0x37, 0xfe, 0x18, 0x20, 0xc, 0xff, 0xc5,
    0xf8, 0x6, 0x4, 0x13, 0x2, 0xb, 0x1, 0xfc,

    /* U+5C40 "局" */
    0x3f, 0xfc, 0x60, 0x8, 0xc0, 0x11, 0xff, 0xe3,
    0x0, 0x6, 0x0, 0xf, 0xff, 0x98, 0x1, 0x37,
    0xe2, 0xc8, 0x45, 0x90, 0x8b, 0x3f, 0x1c, 0x40,
    0x68, 0x1, 0xc0, 0x2, 0x0,

    /* U+5C42 "层" */
    0x3f, 0xfc, 0x40, 0x8, 0x80, 0x11, 0xff, 0xe2,
    0x0, 0x4, 0x0, 0x9, 0xff, 0x10, 0x0, 0x20,
    0x0, 0x7f, 0xfc, 0x86, 0x3, 0x8, 0x84, 0x21,
    0x89, 0xff, 0x91, 0xe1, 0x80,

    /* U+5C4A "届" */
    0x3f, 0xfc, 0x80, 0x13, 0xff, 0xc8, 0x0, 0x20,
    0x40, 0x81, 0x2, 0x7f, 0xc9, 0x11, 0x24, 0x44,
    0x9f, 0xf4, 0x44, 0x51, 0x11, 0xc7, 0xfd, 0x10,
    0x10,

    /* U+5C4F "屏" */
    0x3f, 0xfe, 0x18, 0x1, 0xc, 0x0, 0x87, 0xff,
    0xc3, 0x0, 0x81, 0x98, 0x60, 0xc4, 0x60, 0x7f,
    0xfe, 0x31, 0x8, 0x18, 0x84, 0xf, 0xff, 0xec,
    0x21, 0x6, 0x10, 0x83, 0x10, 0x41, 0x18, 0x20,
    0x8, 0x10,

    /* U+5C55 "展" */
    0x3f, 0xfc, 0x10, 0x2, 0x8, 0x1, 0x7, 0xff,
    0x82, 0x11, 0x1, 0x8, 0x80, 0xbf, 0xf0, 0x42,
    0x20, 0x21, 0x10, 0x1f, 0xff, 0x88, 0x90, 0x4,
    0x4d, 0x86, 0x23, 0x83, 0x14, 0xe1, 0x1e, 0x3c,
    0x4, 0x2,

    /* U+5C5E "属" */
    0x3f, 0xfe, 0x40, 0x4, 0xff, 0xf9, 0x0, 0x22,
    0xff, 0xc4, 0x8, 0x9, 0xff, 0x12, 0x22, 0x27,
    0xfc, 0x40, 0x81, 0xbf, 0xfa, 0x42, 0x14, 0xbf,
    0xb9, 0x21, 0x42, 0x3, 0x80, 0x0,

    /* U+5C71 "山" */
    0x3, 0x0, 0xc, 0x0, 0x30, 0x30, 0xc3, 0xc3,
    0xf, 0xc, 0x3c, 0x30, 0xf0, 0xc3, 0xc3, 0xf,
    0xc, 0x3c, 0x30, 0xf0, 0xc3, 0xc3, 0xf, 0xff,
    0xf0, 0x0, 0xc0,

    /* U+5CF0 "峰" */
    0x0, 0x0, 0x41, 0x80, 0x83, 0xf1, 0xc, 0x42,
    0x35, 0x15, 0x4, 0x2a, 0x77, 0xd5, 0x93, 0xa8,
    0x21, 0x53, 0xfa, 0xa0, 0x85, 0x4f, 0xea, 0x82,
    0x1f, 0x7f, 0xc2, 0xeb, 0x80, 0x10, 0x0, 0x20,

    /* U+5D29 "崩" */
    0x31, 0x84, 0x63, 0x8, 0xff, 0xf0, 0x0, 0x3,
    0xe7, 0xe4, 0x48, 0x48, 0x90, 0x9f, 0x3f, 0x22,
    0x42, 0x44, 0x84, 0xf9, 0xf9, 0x12, 0x16, 0x2c,
    0x29, 0xd0, 0xf0, 0x63, 0x80,

    /* U+5DCD "巍" */
    0x1, 0x8, 0x42, 0x10, 0xff, 0xe0, 0x62, 0x7,
    0x1f, 0xd2, 0x25, 0x1f, 0xfe, 0x2a, 0x94, 0xd3,
    0x28, 0x23, 0xfb, 0xfd, 0x21, 0x23, 0x63, 0xca,
    0x83, 0xf4, 0x59, 0xcf, 0x80,

    /* U+5DDE "州" */
    0x18, 0x4, 0x62, 0x11, 0x88, 0x46, 0x21, 0x5c,
    0xa5, 0x7a, 0x95, 0xeb, 0x54, 0xad, 0xd2, 0xb7,
    0x42, 0x11, 0x8, 0x4c, 0x21, 0x30, 0x85, 0x82,
    0x1e, 0x8, 0x50, 0x1,

    /* U+5DE5 "工" */
    0x7f, 0xfe, 0x1, 0x80, 0x1, 0x80, 0x1, 0x80,
    0x1, 0x80, 0x1, 0x80, 0x1, 0x80, 0x1, 0x80,
    0x1, 0x80, 0x1, 0x80, 0x1, 0x80, 0xff, 0xff,

    /* U+5DE6 "左" */
    0x3, 0x80, 0x3, 0x0, 0x3, 0x0, 0x7f, 0xff,
    0x6, 0x0, 0x6, 0x0, 0x4, 0x0, 0xc, 0x0,
    0xf, 0xfe, 0x18, 0x40, 0x10, 0x40, 0x30, 0x40,
    0x60, 0x40, 0xe0, 0x40, 0x40, 0x40, 0x1f, 0xff,

    /* U+5DF1 "己" */
    0xff, 0xf0, 0x0, 0xc0, 0x3, 0x0, 0xc, 0x0,
    0x31, 0xff, 0xc6, 0x3, 0x18, 0x0, 0x60, 0x1,
    0x80, 0x6, 0x0, 0x98, 0x3, 0x60, 0x1d, 0xff,
    0xe0,

    /* U+5DF2 "已" */
    0xff, 0xf8, 0x0, 0x30, 0x0, 0x63, 0x0, 0xc6,
    0x1, 0x8f, 0xff, 0x18, 0x6, 0x30, 0xc, 0x60,
    0x0, 0xc0, 0x1, 0x80, 0x13, 0x0, 0x36, 0x0,
    0xcf, 0xff, 0x80,

    /* U+5E02 "市" */
    0x0, 0x0, 0x1, 0x80, 0x1, 0x80, 0xff, 0xff,
    0x1, 0x80, 0x1, 0x80, 0x1, 0x80, 0x3f, 0xfc,
    0x31, 0x8c, 0x31, 0x8c, 0x31, 0x8c, 0x31, 0x8c,
    0x31, 0x8c, 0x31, 0x8c, 0x31, 0x9c, 0x1, 0x80,
    0x1, 0x80,

    /* U+5E03 "布" */
    0x0, 0xc0, 0x0, 0xc0, 0x0, 0x60, 0xf, 0xff,
    0xf0, 0x30, 0x0, 0x32, 0x0, 0x31, 0x0, 0x18,
    0x80, 0x1f, 0xfe, 0x1e, 0x21, 0x3b, 0x10, 0x89,
    0x88, 0x40, 0xc4, 0x20, 0x62, 0x10, 0x31, 0x38,
    0x18, 0x90, 0x0, 0x40, 0x0,

    /* U+5E08 "师" */
    0x8, 0x0, 0x17, 0xfd, 0x20, 0x82, 0x41, 0x4,
    0x82, 0x9, 0x7f, 0xd2, 0xc8, 0xa5, 0x91, 0x4b,
    0x22, 0x96, 0x45, 0x2c, 0x8a, 0xd9, 0x11, 0x32,
    0xe6, 0x4, 0x18, 0x8, 0x20, 0x10,

    /* U+5E16 "帖" */
    0x10, 0x20, 0x20, 0x40, 0x40, 0x87, 0xe1, 0xf9,
    0x42, 0x12, 0x84, 0x25, 0x8, 0x4a, 0x10, 0x95,
    0xfd, 0x2b, 0xa, 0x56, 0x14, 0xec, 0x29, 0x18,
    0x42, 0x3f, 0x84, 0x61, 0x8, 0xc2,

    /* U+5E26 "带" */
    0x11, 0x20, 0x44, 0x8f, 0xff, 0xc4, 0x48, 0x11,
    0x23, 0xff, 0xf8, 0x0, 0x60, 0x41, 0x1, 0x1,
    0xff, 0xe2, 0x11, 0x88, 0x46, 0x21, 0x19, 0x85,
    0xe0, 0x13, 0x0, 0x40,

    /* U+5E27 "帧" */
    0x0, 0x60, 0x60, 0x80, 0xc1, 0xf9, 0x82, 0xf,
    0xc4, 0x16, 0xbf, 0xad, 0x41, 0x5a, 0xb2, 0xb5,
    0x25, 0x6a, 0x4a, 0xd5, 0x95, 0xab, 0x2b, 0xd4,
    0x17, 0xb, 0xc, 0x37, 0x18, 0xc3, 0x33, 0x4,

    /* U+5E38 "常" */
    0x11, 0x0, 0x62, 0x60, 0x44, 0x87, 0xff, 0xf8,
    0x0, 0x33, 0xfe, 0x44, 0xc, 0x8, 0x18, 0x1f,
    0xf0, 0x2, 0x1, 0xff, 0xf3, 0x8, 0x66, 0x10,
    0xcc, 0x27, 0x98, 0x4e, 0x0, 0x80,

    /* U+5E42 "幂" */
    0x3f, 0xff, 0x10, 0x1, 0x8b, 0xfe, 0xc1, 0x1,
    0x0, 0xff, 0x80, 0x40, 0x40, 0x3f, 0xe0, 0x4,
    0x0, 0x7f, 0xff, 0x6, 0x8, 0x6, 0x23, 0xf,
    0xff, 0xe4, 0x88, 0x80, 0x44, 0x40, 0x22, 0x60,
    0x1, 0x0,

    /* U+5E45 "幅" */
    0x30, 0x0, 0x40, 0x0, 0x87, 0xf9, 0x0, 0xf,
    0xcf, 0xd4, 0x90, 0xa9, 0x21, 0x52, 0x7e, 0xa4,
    0x1, 0x4b, 0xfe, 0x94, 0x8d, 0x29, 0x1a, 0xdf,
    0xf4, 0x24, 0x48, 0x48, 0x90, 0xff, 0x21, 0x2,

    /* U+5E55 "幕" */
    0x4, 0x20, 0x7f, 0xff, 0x4, 0x20, 0x1f, 0xfc,
    0x10, 0xc, 0x1f, 0xfc, 0x10, 0xc, 0xf, 0xf0,
    0x7f, 0xff, 0xc, 0x98, 0x18, 0x8c, 0x7f, 0xff,
    0x68, 0x89, 0x8, 0x88, 0x8, 0x98, 0x0, 0x80,

    /* U+5E72 "干" */
    0x7f, 0xfc, 0x1, 0x80, 0x1, 0x80, 0x1, 0x80,
    0x1, 0x80, 0x1, 0x80, 0xff, 0xff, 0x1, 0x80,
    0x1, 0x80, 0x1, 0x80, 0x1, 0x80, 0x1, 0x80,
    0x1, 0x80, 0x1, 0x80, 0x1, 0x80,

    /* U+5E73 "平" */
    0x7f, 0xfe, 0x1, 0x80, 0x1, 0x80, 0x31, 0x8c,
    0x19, 0x88, 0x19, 0x98, 0x9, 0xb0, 0x1, 0x80,
    0xff, 0xff, 0x1, 0x80, 0x1, 0x80, 0x1, 0x80,
    0x1, 0x80, 0x1, 0x80, 0x1, 0x80,

    /* U+5E74 "年" */
    0x8, 0x0, 0x30, 0x0, 0x7f, 0xf1, 0x8c, 0x6,
    0x18, 0x18, 0x30, 0x7, 0xff, 0x8, 0xc0, 0x11,
    0x80, 0x23, 0x3, 0xff, 0xf8, 0xc, 0x0, 0x18,
    0x0, 0x30, 0x0, 0x60, 0x0, 0xc0,

    /* U+5E76 "并" */
    0x0, 0x0, 0xc, 0x30, 0x4, 0x20, 0x4, 0x60,
    0x7f, 0xfe, 0x4, 0x20, 0x4, 0x20, 0x4, 0x20,
    0x4, 0x20, 0xff, 0xff, 0x4, 0x20, 0x4, 0x20,
    0x8, 0x20, 0x18, 0x20, 0x30, 0x20, 0x60, 0x20,
    0x0, 0x20,

    /* U+5E7F "广" */
    0x0, 0x80, 0x0, 0xc0, 0x0, 0xc0, 0x3f, 0xff,
    0x30, 0x0, 0x30, 0x0, 0x30, 0x0, 0x30, 0x0,
    0x30, 0x0, 0x30, 0x0, 0x30, 0x0, 0x30, 0x0,
    0x60, 0x0, 0x60, 0x0, 0x60, 0x0, 0xc0, 0x0,
    0x40, 0x0,

    /* U+5E8F "序" */
    0x0, 0x40, 0x0, 0x30, 0xf, 0xff, 0xe6, 0x0,
    0x3, 0x0, 0x1, 0x9f, 0xf0, 0xc0, 0x30, 0x61,
    0xa0, 0x30, 0x60, 0x1b, 0xff, 0x8c, 0x8, 0xc6,
    0x4, 0x43, 0x2, 0x3, 0x81, 0x1, 0x80, 0x80,
    0xc0, 0x40, 0x40, 0xe0, 0x0,

    /* U+5E93 "库" */
    0x0, 0xc0, 0x0, 0x30, 0xf, 0xff, 0xe6, 0x0,
    0x3, 0xc, 0x1, 0x86, 0x0, 0xdf, 0xfc, 0x62,
    0x0, 0x33, 0x30, 0x1b, 0xff, 0x8c, 0xc, 0xc,
    0x6, 0x6, 0x3, 0x3, 0x7f, 0xff, 0x0, 0xc1,
    0x80, 0x60, 0x40, 0x30, 0x0,

    /* U+5E94 "应" */
    0x0, 0x0, 0x1, 0x80, 0x0, 0xc0, 0x3f, 0xfe,
    0x20, 0x0, 0x20, 0x0, 0x20, 0x86, 0x2c, 0xcc,
    0x2c, 0xcc, 0x26, 0x4c, 0x26, 0x58, 0x22, 0x18,
    0x60, 0x10, 0x60, 0x30, 0xdf, 0xff, 0x40, 0x0,

    /* U+5E95 "底" */
    0x0, 0xc0, 0x0, 0x20, 0xf, 0xff, 0xe6, 0x0,
    0x3, 0x0, 0x61, 0x9f, 0xf8, 0xc8, 0x80, 0x64,
    0x40, 0x32, 0x20, 0x19, 0xff, 0x8c, 0x8c, 0x4,
    0x42, 0x6, 0x25, 0x83, 0x1e, 0x6f, 0x1c, 0x9e,
    0x84, 0x46,

    /* U+5EA6 "度" */
    0x1, 0x80, 0x1, 0x80, 0x3f, 0xfe, 0x20, 0x0,
    0x22, 0x10, 0x2f, 0xfe, 0x22, 0x10, 0x22, 0x10,
    0x23, 0xf0, 0x20, 0x0, 0x2f, 0xf8, 0x22, 0x10,
    0x63, 0x30, 0x41, 0xe0, 0x43, 0xf8, 0xde, 0x1e,
    0x0, 0x0,

    /* U+5EA7 "座" */
    0x0, 0x40, 0x0, 0x30, 0xf, 0xff, 0xe6, 0x0,
    0x3, 0x32, 0x61, 0x99, 0x30, 0xcc, 0x90, 0x6f,
    0x5e, 0x34, 0xe9, 0x9a, 0x54, 0xc, 0x8, 0x6,
    0x7f, 0xe2, 0x2, 0x3, 0x1, 0x1, 0x80, 0x80,
    0x9f, 0xff,

    /* U+5EB7 "康" */
    0x0, 0x40, 0x0, 0x40, 0x3f, 0xff, 0x20, 0x40,
    0x20, 0x40, 0x27, 0xfc, 0x20, 0x44, 0x3f, 0xff,
    0x20, 0x44, 0x27, 0xfc, 0x20, 0x60, 0x26, 0x6c,
    0x62, 0xd8, 0x47, 0x4c, 0x5c, 0x47, 0x41, 0xc1,
    0x0, 0x0,

    /* U+5ECA "廊" */
    0x1, 0x0, 0x2, 0x1, 0xff, 0xfa, 0x20, 0x4,
    0x43, 0xeb, 0xe7, 0x94, 0x49, 0x28, 0x92, 0x5f,
    0x2c, 0xa2, 0x51, 0x7c, 0x92, 0x81, 0x15, 0x32,
    0x3a, 0xe4, 0x77, 0x4b, 0x48, 0x10, 0x0, 0x20,

    /* U+5ED3 "廓" */
    0x0, 0x80, 0x0, 0xc0, 0x3f, 0xff, 0x20, 0x0,
    0x21, 0x0, 0x2f, 0xdf, 0x20, 0x1b, 0x27, 0xda,
    0x24, 0x5a, 0x23, 0x9a, 0x2f, 0xdb, 0x20, 0xd9,
    0x21, 0x19, 0x7f, 0xdf, 0x41, 0x1a, 0xc7, 0x18,
    0x6, 0x18,

    /* U+5EF6 "延" */
    0x0, 0x1c, 0x7b, 0xf0, 0x18, 0x20, 0x10, 0x20,
    0x31, 0x20, 0x21, 0x3c, 0x79, 0x3c, 0x9, 0x20,
    0x49, 0x20, 0x79, 0x20, 0x31, 0xfc, 0x18, 0x0,
    0x3c, 0x0, 0x66, 0x0, 0xc1, 0xfe,

    /* U+5EFA "建" */
    0x0, 0x40, 0x0, 0x40, 0x7b, 0xfc, 0x10, 0x44,
    0x37, 0xff, 0x30, 0x44, 0x20, 0x44, 0x7b, 0xfc,
    0x58, 0x40, 0x5b, 0xfc, 0x50, 0x40, 0x70, 0x40,
    0x37, 0xfe, 0x30, 0x40, 0x7c, 0x40, 0xc3, 0xfe,

    /* U+5F00 "开" */
    0x7f, 0xfe, 0x6, 0x30, 0x6, 0x30, 0x6, 0x30,
    0x6, 0x30, 0x6, 0x30, 0xff, 0xff, 0x6, 0x30,
    0x6, 0x30, 0xc, 0x30, 0xc, 0x30, 0x1c, 0x30,
    0x38, 0x30, 0x70, 0x30, 0x20, 0x30,

    /* U+5F0F "式" */
    0x0, 0xc8, 0x0, 0x5c, 0x0, 0x48, 0xff, 0xfe,
    0x0, 0x40, 0x0, 0x40, 0x0, 0x40, 0x7f, 0x60,
    0x8, 0x60, 0x8, 0x20, 0x8, 0x30, 0x9, 0x92,
    0x3f, 0x9b, 0x70, 0xf, 0x0, 0x6,

    /* U+5F15 "引" */
    0x0, 0x1b, 0xf8, 0x60, 0x21, 0x80, 0x86, 0x2,
    0x19, 0xf8, 0x64, 0x1, 0xb0, 0x6, 0xc0, 0x1b,
    0xf8, 0x60, 0x61, 0x81, 0x86, 0x6, 0x18, 0x10,
    0x63, 0xc1, 0x8e, 0x6,

    /* U+5F20 "张" */
    0x1, 0x19, 0xe2, 0x20, 0x44, 0xc0, 0x8b, 0xf,
    0x14, 0x10, 0x20, 0xa1, 0xff, 0x40, 0xb0, 0xf1,
    0x20, 0x22, 0x40, 0x44, 0xc0, 0x8a, 0xc1, 0x1c,
    0xee, 0x30, 0x98, 0x40, 0x0,

    /* U+5F26 "弦" */
    0x0, 0x70, 0xf8, 0x30, 0xb, 0xff, 0x8, 0x40,
    0x78, 0xc0, 0x40, 0xcc, 0x41, 0x8c, 0x43, 0x18,
    0xfb, 0xf0, 0x8, 0x20, 0x8, 0x64, 0x8, 0xc6,
    0x19, 0x86, 0x1b, 0xff, 0x33, 0x3,

    /* U+5F3A "强" */
    0xf9, 0xfc, 0x32, 0x8, 0x64, 0x10, 0xcf, 0xef,
    0x84, 0x10, 0x7f, 0xa0, 0x91, 0x79, 0x22, 0x92,
    0x44, 0x27, 0xf8, 0x49, 0x0, 0x82, 0x21, 0x4,
    0x7e, 0xff, 0xd0, 0x0, 0x80,

    /* U+5F53 "当" */
    0x3, 0x1, 0x8c, 0x36, 0x31, 0x8c, 0xcc, 0x13,
    0x20, 0xc, 0xf, 0xff, 0xc0, 0x3, 0x0, 0xc,
    0x0, 0x37, 0xff, 0xc0, 0x3, 0x0, 0xf, 0xff,
    0xf0, 0x0, 0xc0, 0x3,

    /* U+5F55 "录" */
    0x3f, 0xf8, 0x0, 0x30, 0x0, 0x41, 0xff, 0x80,
    0x1, 0x0, 0x2, 0x3f, 0xff, 0x80, 0x80, 0x21,
    0x8, 0x73, 0x30, 0x47, 0x80, 0x7b, 0x7, 0x13,
    0x1c, 0x23, 0xc1, 0xc1, 0x3, 0x0,

    /* U+5F62 "形" */
    0x0, 0x2, 0x3f, 0xe3, 0x4, 0x43, 0x2, 0x23,
    0x1, 0x13, 0x0, 0x88, 0x18, 0x44, 0x18, 0xff,
    0x98, 0x11, 0x18, 0x8, 0x98, 0x84, 0x40, 0xc6,
    0x20, 0xc2, 0x10, 0xc3, 0x9, 0xc1, 0x5, 0x80,

    /* U+5F70 "彰" */
    0x18, 0x0, 0x8, 0xc, 0xff, 0x8c, 0x2, 0x18,
    0x32, 0x30, 0xff, 0xa4, 0x0, 0xc, 0x7f, 0xc,
    0x41, 0x18, 0x7f, 0x70, 0x41, 0x3, 0x7f, 0x6,
    0x8, 0xc, 0xff, 0x98, 0x8, 0x30, 0x8, 0xe0,
    0x8, 0x40,

    /* U+5F71 "影" */
    0x7f, 0x8c, 0x61, 0x8c, 0x7f, 0x98, 0x61, 0xb0,
    0x7f, 0xe0, 0xc, 0x6, 0xff, 0xc4, 0x0, 0xc,
    0x7f, 0xb8, 0x61, 0xa2, 0x7f, 0x83, 0xc, 0x6,
    0x6d, 0xc, 0xcc, 0x98, 0x1c, 0x70, 0x18, 0x40,

    /* U+5F84 "径" */
    0x10, 0x0, 0x33, 0xfc, 0x60, 0x18, 0xc0, 0x30,
    0x90, 0x60, 0x30, 0xdc, 0x23, 0x8e, 0x66, 0x2,
    0xe0, 0x0, 0xa7, 0xfe, 0x20, 0x60, 0x20, 0x60,
    0x20, 0x60, 0x20, 0x60, 0x2f, 0xff, 0x20, 0x0,

    /* U+5F85 "待" */
    0x8, 0x30, 0x6, 0x18, 0x6, 0xc, 0x6, 0x3f,
    0xe6, 0x3, 0x0, 0x61, 0x80, 0x2f, 0xfe, 0x30,
    0x8, 0x38, 0x4, 0x3c, 0x2, 0x16, 0xff, 0xe3,
    0x0, 0x81, 0x98, 0x40, 0xc4, 0x20, 0x62, 0x10,
    0x30, 0x78, 0x18, 0x1c, 0x0,

    /* U+5F88 "很" */
    0x8, 0x0, 0x1d, 0xfc, 0x31, 0x4, 0x61, 0x4,
    0x49, 0xfc, 0xd, 0x4, 0x19, 0x4, 0x31, 0xfc,
    0x71, 0x60, 0xd1, 0x26, 0x11, 0x3c, 0x11, 0x30,
    0x11, 0x18, 0x11, 0x4c, 0x11, 0xc6, 0x13, 0x2,
    0x0, 0x0,

    /* U+5F8B "律" */
    0x0, 0x40, 0x30, 0x80, 0xdf, 0xf3, 0x2, 0x2c,
    0x4, 0x46, 0xff, 0xcc, 0x11, 0x30, 0x22, 0x67,
    0xfd, 0xc0, 0x80, 0x9f, 0xf1, 0x2, 0x2, 0x4,
    0x5, 0xff, 0xc8, 0x10, 0x10, 0x20, 0x20, 0x40,

    /* U+5F90 "徐" */
    0x0, 0x0, 0x31, 0x80, 0xc3, 0x3, 0xd, 0xc,
    0x11, 0x83, 0x61, 0xcd, 0xfd, 0x32, 0x20, 0x60,
    0x41, 0xcf, 0xfe, 0x81, 0x1, 0x12, 0x42, 0x34,
    0x84, 0xc9, 0x8b, 0x11, 0x12, 0x60, 0x20, 0x80,

    /* U+5FAA "循" */
    0x0, 0x0, 0x30, 0x3c, 0x27, 0xf0, 0x44, 0x20,
    0xd5, 0xff, 0x14, 0x20, 0x24, 0x20, 0x25, 0xfc,
    0x65, 0x84, 0xe5, 0x84, 0xa5, 0xfc, 0x25, 0x84,
    0x2d, 0xfc, 0x29, 0x84, 0x29, 0xfc, 0x29, 0x84,

    /* U+5FC3 "心" */
    0x0, 0x80, 0x0, 0xe0, 0x0, 0x38, 0x0, 0xe,
    0x0, 0x2, 0x0, 0x0, 0x0, 0xcc, 0x18, 0x66,
    0x6, 0x23, 0x3, 0x11, 0x80, 0xd8, 0xc0, 0x6c,
    0x60, 0x0, 0x30, 0x60, 0x18, 0x20, 0xf, 0xf0,

    /* U+5FC5 "必" */
    0x3, 0x0, 0x1, 0xc4, 0x0, 0x73, 0x0, 0x11,
    0x0, 0x61, 0x80, 0x30, 0x80, 0x98, 0xd8, 0x4c,
    0x4c, 0x66, 0x63, 0x33, 0x60, 0xd1, 0xe0, 0x40,
    0xe0, 0x0, 0xe0, 0xc1, 0xf0, 0x61, 0x9f, 0xe0,

    /* U+5FD7 "志" */
    0x1, 0x80, 0x0, 0xc0, 0x0, 0x60, 0x1f, 0xff,
    0xe0, 0x18, 0x0, 0xc, 0x0, 0x6, 0x0, 0x7f,
    0xf8, 0x0, 0x0, 0x0, 0xc0, 0x10, 0x33, 0xc,
    0x98, 0xc4, 0x40, 0x36, 0x20, 0xdf, 0x10, 0x60,
    0xf, 0xe0,

    /* U+5FD9 "忙" */
    0x0, 0x0, 0x18, 0x10, 0x18, 0x18, 0x18, 0x0,
    0x19, 0xff, 0x5c, 0xc0, 0x5a, 0xc0, 0x5a, 0xc0,
    0x58, 0xc0, 0xd8, 0xc0, 0x18, 0xc0, 0x18, 0xc0,
    0x18, 0xc0, 0x18, 0xc0, 0x18, 0xc0, 0x18, 0xff,
    0x18, 0x0,

    /* U+5FE0 "忠" */
    0x1, 0x80, 0x1, 0x80, 0x3f, 0xfc, 0x21, 0x84,
    0x21, 0x84, 0x21, 0x84, 0x3f, 0xfc, 0x1, 0x80,
    0x1, 0x80, 0x0, 0x84, 0x6c, 0xc6, 0x6c, 0x62,
    0x4c, 0xb, 0xcc, 0x18, 0xf, 0xf0,

    /* U+5FEB "快" */
    0x18, 0x20, 0x8, 0x10, 0x4, 0xbf, 0x8a, 0xc4,
    0x45, 0x62, 0x22, 0x99, 0x11, 0x40, 0x88, 0xa0,
    0x44, 0x11, 0xff, 0x88, 0x18, 0x4, 0x14, 0x2,
    0xb, 0x1, 0xc, 0xc0, 0x8c, 0x70, 0x4c, 0x1c,
    0x2c, 0x2,

    /* U+5FFD "忽" */
    0xc, 0x0, 0xc, 0x0, 0x7, 0xff, 0x84, 0x64,
    0xc6, 0x26, 0x66, 0x32, 0x30, 0x33, 0x18, 0x33,
    0x8, 0x73, 0x9c, 0x33, 0x8e, 0x0, 0x80, 0x8,
    0x10, 0x86, 0xcc, 0x62, 0x60, 0x99, 0x30, 0x65,
    0x8f, 0xe0,

    /* U+6001 "态" */
    0x2, 0x0, 0x3, 0x0, 0x3, 0x0, 0xff, 0xfe,
    0x6, 0x40, 0x4, 0x60, 0xd, 0x30, 0x1b, 0x1e,
    0x71, 0x8e, 0xc0, 0x0, 0x1, 0x80, 0x4d, 0x8c,
    0x6c, 0x86, 0x4c, 0x23, 0xcc, 0x32, 0x7, 0xf0,

    /* U+601D "思" */
    0x3f, 0xfc, 0x18, 0x42, 0xc, 0x21, 0x6, 0x10,
    0x83, 0xff, 0xc1, 0x84, 0x20, 0xc2, 0x10, 0x7f,
    0xf8, 0x0, 0x0, 0x0, 0x60, 0x19, 0x91, 0x88,
    0xcc, 0x64, 0x60, 0xb6, 0x30, 0x40, 0x1f, 0xe0,

    /* U+6027 "性" */
    0x0, 0x30, 0x20, 0x30, 0x21, 0xb0, 0x21, 0x30,
    0xa9, 0xff, 0xaf, 0x30, 0xa3, 0x30, 0xa0, 0x30,
    0xa0, 0x30, 0x21, 0xfe, 0x20, 0x30, 0x20, 0x30,
    0x20, 0x30, 0x20, 0x30, 0x20, 0x30, 0x27, 0xff,
    0x20, 0x0,

    /* U+603B "总" */
    0x0, 0x0, 0x8, 0x30, 0xc, 0x20, 0x4, 0x60,
    0x1f, 0xf8, 0x10, 0x8, 0x10, 0x8, 0x10, 0x8,
    0x1f, 0xf8, 0x0, 0x0, 0x1, 0x80, 0x6c, 0xcc,
    0x64, 0xc6, 0x64, 0xb, 0x64, 0x1a, 0x7, 0xf0,

    /* U+6052 "恒" */
    0x10, 0x0, 0x8, 0xff, 0xc4, 0x0, 0x2, 0x0,
    0x5, 0x4f, 0xf2, 0xb4, 0x19, 0x52, 0xc, 0xa1,
    0xfe, 0x10, 0x83, 0x8, 0x41, 0x84, 0x3f, 0xc2,
    0x0, 0x1, 0x0, 0x0, 0x80, 0x0, 0x4f, 0xfe,
    0x20, 0x0,

    /* U+6062 "恢" */
    0x10, 0x40, 0x8, 0x60, 0x4, 0xff, 0xca, 0x90,
    0x5, 0x48, 0x2, 0xac, 0x81, 0x46, 0x4c, 0xa2,
    0xa4, 0x13, 0xd6, 0x9, 0x5a, 0x5, 0xac, 0x2,
    0x85, 0x1, 0x6, 0xc0, 0x86, 0x30, 0x4e, 0x1c,
    0x26, 0x2,

    /* U+606F "息" */
    0x3, 0x0, 0x2, 0x0, 0x1f, 0xfc, 0x10, 0x4,
    0x10, 0x4, 0x1f, 0xfc, 0x10, 0x4, 0x1f, 0xfc,
    0x10, 0x4, 0x1f, 0xfc, 0x0, 0x0, 0x8, 0xc0,
    0x2c, 0xc6, 0x6c, 0x43, 0x6c, 0x19, 0xc7, 0xf0,

    /* U+60AC "悬" */
    0x1f, 0xf8, 0x10, 0x8, 0x1f, 0xf8, 0x10, 0x8,
    0x10, 0x8, 0x1f, 0xf8, 0x10, 0x8, 0xff, 0xff,
    0xc, 0x10, 0x3f, 0xfc, 0x0, 0x0, 0xc, 0xc4,
    0x2c, 0xd6, 0x6c, 0x1b, 0x47, 0xf0,

    /* U+60C5 "情" */
    0x10, 0x20, 0x10, 0x20, 0x13, 0xfe, 0x10, 0x20,
    0x55, 0xfe, 0x54, 0x20, 0x53, 0xff, 0x50, 0x0,
    0x10, 0x0, 0x11, 0xfe, 0x11, 0x6, 0x11, 0xfe,
    0x11, 0x6, 0x11, 0xfe, 0x11, 0x6, 0x11, 0x6,
    0x0, 0xe,

    /* U+60F3 "想" */
    0x10, 0x0, 0x11, 0xfc, 0x11, 0x4, 0xfd, 0x4,
    0xb1, 0xfc, 0x35, 0x4, 0x75, 0xfc, 0x55, 0x4,
    0x91, 0x4, 0x11, 0xfc, 0x1, 0x0, 0xd, 0x80,
    0x48, 0x8c, 0x48, 0x6, 0xc8, 0x32, 0x4f, 0xf0,

    /* U+610F "意" */
    0x0, 0x0, 0x2, 0x1, 0xff, 0xf0, 0x61, 0x0,
    0xc6, 0x1f, 0xff, 0xc0, 0x0, 0x1f, 0xfc, 0x30,
    0x18, 0x7f, 0xf0, 0xc0, 0x61, 0xff, 0xc0, 0x18,
    0xd, 0x30, 0xb2, 0xd, 0xe7, 0xf0,

    /* U+611F "感" */
    0x0, 0x68, 0x0, 0x60, 0x3f, 0xfe, 0x20, 0x20,
    0x20, 0x24, 0x2f, 0xa4, 0x20, 0x2c, 0x2f, 0xb8,
    0x28, 0x98, 0x4f, 0xbb, 0x40, 0x66, 0xc, 0x80,
    0x2c, 0xc4, 0x2c, 0x46, 0x6c, 0xb, 0x4c, 0x1b,
    0x47, 0xf0,

    /* U+6162 "慢" */
    0x23, 0xfc, 0x22, 0x4, 0x23, 0xfc, 0x3a, 0x4,
    0xab, 0xfc, 0xa8, 0x0, 0xa7, 0xfe, 0xa4, 0x92,
    0x27, 0xfe, 0x20, 0x0, 0x27, 0xfc, 0x21, 0x8,
    0x20, 0x98, 0x20, 0x70, 0x27, 0xff, 0x26, 0x6,

    /* U+6210 "成" */
    0x0, 0xd8, 0x0, 0xcc, 0x0, 0xc8, 0x3f, 0xfe,
    0x20, 0xc0, 0x20, 0xcc, 0x3e, 0x4c, 0x22, 0x48,
    0x22, 0x58, 0x22, 0x78, 0x22, 0x30, 0x2e, 0x30,
    0x6c, 0x72, 0x40, 0xdb, 0xc3, 0x8f, 0x0, 0x6,

    /* U+6211 "我" */
    0x2, 0x60, 0x7, 0x36, 0x1e, 0x19, 0x81, 0xc,
    0x40, 0x86, 0x3, 0xff, 0xf8, 0x21, 0x80, 0x10,
    0xcc, 0xe, 0x66, 0x7f, 0x16, 0x1a, 0xe, 0x1,
    0x3, 0x0, 0x87, 0x90, 0x4e, 0x6c, 0xec, 0x1c,
    0x60, 0x6,

    /* U+6216 "或" */
    0x0, 0xc0, 0x0, 0xcc, 0x0, 0xc0, 0xff, 0xfe,
    0x0, 0x40, 0x0, 0x40, 0x7f, 0x4c, 0x62, 0x4c,
    0x62, 0x4c, 0x62, 0x68, 0x7f, 0x28, 0x60, 0x30,
    0x7, 0x38, 0xfe, 0x79, 0xc1, 0xcf, 0x1, 0x82,

    /* U+6218 "战" */
    0x30, 0xc0, 0x30, 0xcc, 0x20, 0xcc, 0x3c, 0xc0,
    0x20, 0xff, 0x23, 0xe0, 0x20, 0x44, 0xfc, 0x64,
    0x84, 0x6c, 0x84, 0x68, 0x84, 0x38, 0x84, 0x30,
    0xfc, 0x78, 0x81, 0xcf, 0x7, 0x6,

    /* U+622A "截" */
    0x8, 0x40, 0x10, 0xb1, 0xfd, 0x30, 0x42, 0xf,
    0xff, 0xe4, 0x8, 0x19, 0x13, 0x3f, 0xa4, 0xc4,
    0x49, 0xfe, 0x91, 0x11, 0xe2, 0x21, 0x87, 0xf3,
    0x8, 0x86, 0x1f, 0xd7, 0xa0, 0xc6,

    /* U+6233 "戳" */
    0x0, 0x10, 0x7b, 0x90, 0x8, 0x96, 0x6a, 0x92,
    0xa, 0x90, 0x7f, 0x93, 0x48, 0xbc, 0x34, 0x30,
    0x34, 0x12, 0x7f, 0x92, 0x64, 0x14, 0xff, 0x94,
    0xa4, 0x8, 0x3f, 0x98, 0x24, 0x7d, 0x3f, 0x87,
    0x20, 0x3,

    /* U+6237 "户" */
    0x1, 0x80, 0x3, 0x0, 0x0, 0x0, 0xff, 0xf1,
    0x0, 0x62, 0x0, 0xc4, 0x1, 0x88, 0x3, 0x10,
    0x6, 0x3f, 0xfc, 0x40, 0x18, 0x80, 0x3, 0x0,
    0x4, 0x0, 0x18, 0x0, 0x30, 0x0,

    /* U+6240 "所" */
    0x2, 0x0, 0xf, 0x87, 0x8c, 0x1f, 0x4, 0x8,
    0x2, 0x4, 0x1, 0xf2, 0x0, 0x89, 0xfe, 0x44,
    0x8c, 0x22, 0x46, 0x11, 0x23, 0xf, 0x91, 0x84,
    0x8, 0xc2, 0x8, 0x61, 0x4, 0x31, 0x6, 0x18,
    0x86, 0xc, 0x2, 0x6, 0x0,

    /* U+624D "才" */
    0x0, 0x60, 0x0, 0x60, 0x0, 0x60, 0x0, 0x60,
    0xff, 0xff, 0x0, 0xe0, 0x1, 0xe0, 0x1, 0x60,
    0x3, 0x60, 0x6, 0x60, 0xc, 0x60, 0x38, 0x60,
    0x60, 0x60, 0xc0, 0x60, 0x1, 0xe0, 0x1, 0xc0,

    /* U+6253 "打" */
    0x10, 0x0, 0x10, 0x0, 0x13, 0xff, 0x13, 0xdb,
    0xfe, 0x18, 0x10, 0x18, 0x10, 0x18, 0x10, 0x18,
    0x1e, 0x18, 0x78, 0x18, 0xf0, 0x18, 0x10, 0x18,
    0x10, 0x18, 0x10, 0x18, 0x10, 0x18, 0x70, 0x78,
    0x60, 0x70,

    /* U+6267 "执" */
    0x10, 0x60, 0x8, 0x30, 0x4, 0x18, 0x2, 0xf,
    0xcf, 0xdf, 0xe0, 0x83, 0x60, 0x41, 0xb0, 0x3a,
    0xd8, 0x79, 0xcc, 0x78, 0x36, 0x24, 0x3f, 0x2,
    0x19, 0x81, 0x18, 0xd0, 0x98, 0x7d, 0xdc, 0x1e,
    0xc4, 0x6,

    /* U+6269 "扩" */
    0x10, 0x10, 0x10, 0x10, 0x10, 0x10, 0x11, 0xff,
    0x7d, 0x81, 0x11, 0x80, 0x11, 0x80, 0x15, 0x80,
    0x1d, 0x80, 0x71, 0x80, 0xd1, 0x80, 0x11, 0x80,
    0x13, 0x0, 0x13, 0x0, 0x13, 0x0, 0x76, 0x0,
    0x40, 0x0,

    /* U+626B "扫" */
    0x10, 0x0, 0x23, 0xfc, 0x47, 0xff, 0xe0, 0x31,
    0x0, 0x62, 0x0, 0xc4, 0x1, 0x8a, 0x7f, 0x38,
    0x7, 0xe0, 0xc, 0x40, 0x18, 0x80, 0x31, 0x3f,
    0xee, 0x0, 0xdc, 0x1, 0x80,

    /* U+627E "找" */
    0x18, 0xc0, 0x10, 0xcc, 0x10, 0xce, 0x10, 0xc0,
    0xfc, 0xc7, 0x13, 0xf8, 0x13, 0x40, 0x1c, 0x66,
    0x38, 0x6c, 0xf0, 0x38, 0x90, 0x30, 0x10, 0x78,
    0x11, 0xcd, 0x73, 0x8f, 0x72, 0x7,

    /* U+627F "承" */
    0x3f, 0xf8, 0x0, 0x70, 0x1, 0xc0, 0x1, 0x90,
    0x7f, 0xd7, 0x19, 0x94, 0x19, 0x9c, 0x17, 0xd8,
    0x11, 0x90, 0x37, 0xe8, 0x61, 0x86, 0xc1, 0x87,
    0x41, 0x82, 0x3, 0x0,

    /* U+6280 "技" */
    0x18, 0x30, 0x8, 0x18, 0x4, 0xc, 0x2, 0x7f,
    0xe7, 0xc3, 0x0, 0x81, 0x80, 0x40, 0xc0, 0x27,
    0xfc, 0x1d, 0x86, 0x7c, 0x46, 0x14, 0x33, 0x2,
    0xb, 0x1, 0x7, 0x0, 0x83, 0xc0, 0xc7, 0x3e,
    0xee, 0xe, 0x0, 0x0, 0x0,

    /* U+628A "把" */
    0x18, 0x0, 0x8, 0x0, 0x4, 0x7f, 0x82, 0x22,
    0x47, 0xd1, 0x20, 0x88, 0x90, 0x44, 0x48, 0x22,
    0x24, 0x1d, 0xfe, 0x38, 0x81, 0x1c, 0x40, 0x82,
    0x20, 0x1, 0x10, 0x0, 0x88, 0x8, 0x44, 0xc,
    0xe1, 0xfc,

    /* U+6295 "投" */
    0x18, 0x0, 0x10, 0x78, 0x10, 0x48, 0x10, 0x48,
    0x7c, 0xc8, 0x11, 0x8f, 0x11, 0x80, 0x10, 0x0,
    0x1d, 0xfc, 0xf8, 0xcc, 0x50, 0x48, 0x10, 0x58,
    0x10, 0x30, 0x10, 0x30, 0x31, 0xdf, 0x77, 0x86,
    0x0, 0x0,

    /* U+6296 "抖" */
    0x10, 0xc, 0x8, 0x46, 0x4, 0x33, 0x1f, 0xc9,
    0x81, 0x0, 0xc0, 0x84, 0x60, 0x53, 0x30, 0x39,
    0x98, 0xf0, 0xd, 0xe8, 0x1f, 0xc4, 0xff, 0x2,
    0x61, 0x81, 0x0, 0xc0, 0x80, 0x61, 0xc0, 0x30,
    0x40, 0x18,

    /* U+6297 "抗" */
    0x18, 0x60, 0x10, 0x20, 0x10, 0x20, 0x13, 0xff,
    0x7f, 0xff, 0x10, 0x0, 0x10, 0x0, 0x11, 0xf8,
    0x1d, 0x98, 0x79, 0x98, 0x71, 0x98, 0x11, 0x98,
    0x11, 0x98, 0x13, 0x19, 0x13, 0x19, 0x76, 0xf,
    0x0, 0x0,

    /* U+62A4 "护" */
    0x18, 0x30, 0x20, 0x20, 0x40, 0x40, 0x87, 0xf7,
    0xe8, 0x22, 0x10, 0x44, 0x20, 0x89, 0x41, 0x3e,
    0xff, 0xe1, 0x5, 0x42, 0x8, 0x84, 0x1, 0x18,
    0x2, 0x20, 0x4, 0xc0, 0x3b, 0x0, 0x2, 0x0,

    /* U+62A5 "报" */
    0x18, 0x0, 0x11, 0xfe, 0x11, 0x86, 0x11, 0x86,
    0xfd, 0x9c, 0x11, 0x98, 0x11, 0x80, 0x15, 0xfe,
    0x3d, 0xa6, 0xf1, 0xa4, 0xd1, 0xa4, 0x11, 0x9c,
    0x11, 0x98, 0x11, 0x9c, 0x11, 0xb6, 0x71, 0xe3,
    0x61, 0x80,

    /* U+62C6 "拆" */
    0x0, 0x0, 0x10, 0x1e, 0x10, 0xfe, 0x10, 0x80,
    0xfc, 0x80, 0xfc, 0x80, 0x10, 0xff, 0x10, 0x88,
    0x1c, 0x88, 0x78, 0x88, 0x70, 0xb8, 0x10, 0x8c,
    0x11, 0x8e, 0x11, 0xb, 0x11, 0x8, 0x73, 0x8,
    0x22, 0x8,

    /* U+62C9 "拉" */
    0x10, 0x60, 0x10, 0x30, 0x10, 0x30, 0x11, 0xff,
    0x7d, 0xcf, 0x10, 0x0, 0x11, 0x8c, 0x14, 0x8c,
    0x1c, 0x88, 0xf0, 0xc8, 0x50, 0xd8, 0x10, 0xd8,
    0x10, 0x10, 0x10, 0x10, 0x37, 0xff, 0x70, 0x0,

    /* U+62DF "拟" */
    0x10, 0x0, 0x10, 0x44, 0x10, 0x64, 0x11, 0x24,
    0x7d, 0x24, 0x11, 0x24, 0x11, 0x4, 0x15, 0x4,
    0x1d, 0x4, 0xf1, 0x24, 0x51, 0x4c, 0x11, 0xcc,
    0x13, 0x9e, 0x11, 0x36, 0x70, 0xe2, 0x31, 0x80,

    /* U+62E2 "拢" */
    0x30, 0xc0, 0x20, 0xd8, 0x20, 0x8c, 0x20, 0x80,
    0xff, 0xfe, 0x20, 0x80, 0x20, 0x80, 0x20, 0xa4,
    0x39, 0xa6, 0xf1, 0x2c, 0xa1, 0x28, 0x23, 0x38,
    0x22, 0x30, 0x26, 0x63, 0x2d, 0xe3, 0xf8, 0x3e,
    0x0, 0x0,

    /* U+62E8 "拨" */
    0x20, 0x60, 0x23, 0x6c, 0x22, 0x4c, 0x26, 0x40,
    0xff, 0xfe, 0x20, 0xc0, 0x20, 0x80, 0x39, 0xfc,
    0xe1, 0x8c, 0xa2, 0x88, 0x26, 0xd8, 0x2c, 0x50,
    0x20, 0x60, 0x20, 0xfe, 0x67, 0x8e, 0x0, 0x0,

    /* U+62E9 "择" */
    0x20, 0x0, 0x21, 0xfc, 0x20, 0xc, 0x20, 0x98,
    0xf8, 0x98, 0x20, 0xf0, 0x20, 0x70, 0x21, 0xdf,
    0x3b, 0x6, 0xe0, 0x20, 0xa1, 0xfc, 0x20, 0x20,
    0x20, 0x20, 0x23, 0xfe, 0x20, 0x20, 0xe0, 0x20,
    0x80, 0x20,

    /* U+62EC "括" */
    0x18, 0x0, 0x11, 0xfe, 0x11, 0xe0, 0x10, 0x20,
    0x78, 0x20, 0x13, 0xff, 0x10, 0x20, 0x14, 0x20,
    0x1c, 0x20, 0x71, 0xfe, 0x51, 0x6, 0x11, 0x6,
    0x11, 0x6, 0x11, 0x6, 0x11, 0xfe, 0x71, 0x6,

    /* U+62F7 "拷" */
    0x10, 0x40, 0x10, 0x42, 0x11, 0xf6, 0x7c, 0x4c,
    0x7c, 0x58, 0x13, 0xff, 0x10, 0x20, 0x1c, 0x40,
    0x70, 0xff, 0x73, 0x20, 0x16, 0x60, 0x14, 0x7e,
    0x10, 0x6, 0x10, 0x4, 0x10, 0x4, 0x60, 0x38,

    /* U+62FC "拼" */
    0x30, 0x98, 0x41, 0x20, 0x83, 0x41, 0x11, 0x2f,
    0xbf, 0xc4, 0x12, 0x8, 0x24, 0x1c, 0x48, 0xf3,
    0xff, 0xc1, 0x20, 0x82, 0x41, 0x4, 0x82, 0x19,
    0x4, 0x62, 0x39, 0x84, 0x63, 0x8,

    /* U+62FF "拿" */
    0x1, 0x0, 0x1, 0x80, 0x3, 0x40, 0xe, 0x30,
    0x1f, 0xfe, 0xf0, 0x7, 0x4f, 0xf8, 0x8, 0x8,
    0x7, 0xf8, 0x3f, 0xfc, 0x0, 0x80, 0x1f, 0xfc,
    0x0, 0x80, 0x7f, 0xff, 0x0, 0x80, 0x3, 0x80,

    /* U+6301 "持" */
    0x20, 0x60, 0x40, 0xc0, 0x89, 0x99, 0x1f, 0xff,
    0x86, 0x4, 0xc, 0x9, 0xff, 0x94, 0x4, 0x38,
    0x9, 0xcf, 0xfe, 0x84, 0x21, 0x8, 0x42, 0x18,
    0x84, 0x21, 0x38, 0xe, 0x20, 0x1c,

    /* U+6307 "指" */
    0x0, 0x0, 0x11, 0x2, 0x11, 0x1e, 0x11, 0xe0,
    0x7d, 0x0, 0x11, 0x2, 0x11, 0xfe, 0x10, 0x0,
    0x1c, 0x0, 0x39, 0xfe, 0x51, 0x2, 0x11, 0xfe,
    0x11, 0x2, 0x11, 0x2, 0x11, 0xfe, 0x71, 0x2,
    0x21, 0x2,

    /* U+6309 "按" */
    0x10, 0x20, 0x10, 0x30, 0x10, 0x20, 0x13, 0xff,
    0x7f, 0x3, 0x13, 0x33, 0x10, 0x60, 0x10, 0x60,
    0x1f, 0xff, 0x38, 0xcc, 0xf0, 0x88, 0x51, 0x98,
    0x10, 0xf8, 0x10, 0x70, 0x10, 0x7c, 0x11, 0xc6,
    0x63, 0x3,

    /* U+6324 "挤" */
    0x0, 0x0, 0x20, 0x60, 0x22, 0x22, 0x23, 0xfe,
    0xf8, 0x18, 0x20, 0x90, 0x20, 0xf0, 0x28, 0x70,
    0x39, 0xfe, 0xef, 0x6, 0xe0, 0x98, 0x20, 0x98,
    0x21, 0x98, 0x21, 0x98, 0x21, 0x18, 0x23, 0x18,
    0x6e, 0x18,

    /* U+632F "振" */
    0x20, 0x0, 0x40, 0x0, 0x8f, 0xf1, 0x10, 0xf,
    0xaf, 0xc4, 0x40, 0x8, 0x80, 0x15, 0xff, 0x72,
    0xa1, 0xc5, 0x48, 0x8a, 0x71, 0x34, 0xc2, 0x49,
    0x84, 0x95, 0xbb, 0x31, 0xb0, 0x40,

    /* U+6346 "捆" */
    0x20, 0x0, 0x40, 0x0, 0x8f, 0xf9, 0x10, 0x1f,
    0xa2, 0x3f, 0x44, 0x48, 0xbe, 0x91, 0x11, 0x3a,
    0x63, 0xc4, 0xd6, 0x8a, 0xa9, 0x1d, 0x12, 0x22,
    0x24, 0x44, 0x78, 0xff, 0xf1, 0x1, 0x62, 0x0,

    /* U+6362 "换" */
    0x0, 0x80, 0x41, 0x80, 0x87, 0xe1, 0x18, 0xcf,
    0xa1, 0x15, 0x7f, 0x88, 0x89, 0x11, 0x12, 0x3a,
    0x24, 0x64, 0x4b, 0x9f, 0xfd, 0x3, 0x82, 0x5,
    0x4, 0x1b, 0x8, 0xe3, 0xf3, 0x3, 0x0, 0x0,

    /* U+636E "据" */
    0x10, 0x0, 0x11, 0xfe, 0x11, 0x2, 0x11, 0x2,
    0xfd, 0xfe, 0x11, 0x10, 0x11, 0x10, 0x1d, 0xff,
    0x7d, 0x10, 0xf1, 0x10, 0x91, 0xfe, 0x12, 0xc2,
    0x12, 0xc2, 0x16, 0xc2, 0x74, 0xfe,

    /* U+6389 "掉" */
    0x20, 0x40, 0x20, 0x7e, 0x20, 0x40, 0xfb, 0xfc,
    0x22, 0x4, 0x22, 0x4, 0x2b, 0xfc, 0x3a, 0x4,
    0x72, 0x4, 0xe3, 0xfc, 0x20, 0x60, 0x20, 0x60,
    0x2f, 0xff, 0x20, 0x60, 0xe0, 0x60, 0x80, 0x60,

    /* U+6392 "排" */
    0x20, 0x90, 0x41, 0x20, 0x82, 0x41, 0x1c, 0xff,
    0x89, 0x4, 0x12, 0x8, 0x24, 0x1d, 0xcf, 0xf0,
    0x91, 0xc1, 0x20, 0x82, 0x41, 0x3c, 0xf2, 0x9,
    0xc, 0x12, 0x10, 0x24, 0x0,

    /* U+63A2 "探" */
    0x30, 0x0, 0x40, 0x0, 0x9f, 0xf9, 0x20, 0x1f,
    0xc3, 0x24, 0x33, 0x8, 0x83, 0x12, 0x22, 0x30,
    0x40, 0xef, 0xff, 0x87, 0x85, 0xa, 0x82, 0x35,
    0x84, 0xc9, 0x8b, 0x11, 0xf6, 0x21, 0x40, 0x40,

    /* U+63A5 "接" */
    0x0, 0x10, 0x8, 0x18, 0x4, 0xff, 0xc2, 0x7f,
    0xe7, 0xc8, 0xc0, 0x86, 0x60, 0x40, 0x20, 0x27,
    0xfe, 0x1c, 0x40, 0x1c, 0x30, 0x1c, 0xff, 0xe2,
    0x11, 0x81, 0x18, 0xc0, 0x83, 0xc0, 0x41, 0xf0,
    0xef, 0x8e, 0x22, 0x1, 0x0,

    /* U+63A7 "控" */
    0x0, 0x0, 0x40, 0x40, 0x8f, 0xf9, 0x1f, 0xff,
    0xa0, 0x24, 0x5b, 0x48, 0x23, 0x14, 0x83, 0x3b,
    0x5, 0xc0, 0x2, 0x87, 0xf9, 0x1, 0x2, 0x2,
    0x4, 0x4, 0x8, 0x8, 0x33, 0xff, 0x40, 0x0,

    /* U+63A8 "推" */
    0x21, 0x20, 0x46, 0x60, 0x88, 0x81, 0x1f, 0xef,
    0xa2, 0x4, 0xc4, 0xb, 0x88, 0x11, 0xfe, 0x3a,
    0x20, 0xf4, 0x43, 0x88, 0x85, 0x1f, 0xe2, 0x22,
    0x4, 0x44, 0x8, 0xff, 0xb1, 0x0,

    /* U+63CF "描" */
    0x20, 0x98, 0x41, 0x30, 0x9f, 0xf9, 0x3f, 0xff,
    0x89, 0x84, 0x13, 0x8, 0x0, 0x11, 0xfe, 0x3a,
    0x25, 0xe4, 0x4b, 0x88, 0x91, 0x1f, 0xe2, 0x22,
    0x44, 0x44, 0xb8, 0xff, 0x71, 0x2, 0x2, 0x0,

    /* U+63D0 "提" */
    0x30, 0x0, 0x21, 0xfc, 0x21, 0x4, 0x21, 0xfc,
    0xf9, 0x4, 0x21, 0xfc, 0x21, 0xfc, 0x28, 0x0,
    0x3b, 0xfe, 0xe0, 0x20, 0xa1, 0x20, 0x21, 0x3c,
    0x23, 0x20, 0x23, 0xa0, 0x26, 0xe0, 0x6c, 0x1e,

    /* U+6444 "摄" */
    0x20, 0x0, 0x4f, 0xfc, 0x84, 0x27, 0xcf, 0xcf,
    0x90, 0x84, 0x3f, 0x8, 0x42, 0x10, 0x84, 0x3f,
    0xff, 0xc0, 0x12, 0xbf, 0xf1, 0x5, 0x22, 0x7a,
    0xc4, 0x33, 0x8, 0xe6, 0x36, 0x37, 0x0, 0x42,

    /* U+6447 "摇" */
    0x30, 0x1c, 0x27, 0xf0, 0x20, 0x24, 0xfa, 0x26,
    0x21, 0x2c, 0x21, 0x88, 0x2b, 0x0, 0x3b, 0xfe,
    0xe6, 0x20, 0x27, 0xff, 0x20, 0x20, 0x20, 0x20,
    0x22, 0x26, 0x22, 0x26, 0xe3, 0xfe, 0x0, 0x6,

    /* U+6491 "撑" */
    0x0, 0x20, 0x23, 0x26, 0x21, 0xac, 0x27, 0xff,
    0xfc, 0x3, 0x25, 0xff, 0x21, 0x4, 0x29, 0xfc,
    0x38, 0x4, 0xe3, 0xfe, 0xa0, 0x20, 0x23, 0xfe,
    0x20, 0x20, 0x27, 0xff, 0x20, 0x20, 0xe0, 0x20,
    0x40, 0xe0,

    /* U+64AD "播" */
    0x0, 0x4, 0x20, 0x1c, 0x23, 0xf0, 0x21, 0x2c,
    0xf1, 0x28, 0xf3, 0xff, 0x20, 0xb0, 0x21, 0xac,
    0x7a, 0x27, 0xef, 0xff, 0x22, 0x24, 0x22, 0x24,
    0x23, 0xfc, 0x22, 0x24, 0x22, 0x24, 0xe3, 0xfc,
    0x42, 0x4,

    /* U+64CE "擎" */
    0x12, 0x30, 0x7f, 0xa0, 0x12, 0x3f, 0x32, 0x44,
    0x3f, 0xc4, 0x40, 0xfc, 0xfc, 0x98, 0x3c, 0xff,
    0x25, 0xc2, 0x3f, 0xf8, 0x0, 0x80, 0x3f, 0xfc,
    0x0, 0x80, 0xff, 0xff, 0x0, 0x80, 0x0, 0x80,
    0x3, 0x80,

    /* U+6500 "攀" */
    0x12, 0x8, 0x11, 0x88, 0xfb, 0xfe, 0x30, 0x18,
    0x5b, 0x9e, 0xd5, 0xaa, 0x92, 0x48, 0xff, 0xfe,
    0xc, 0x20, 0x33, 0xdc, 0xc0, 0x86, 0xf, 0xf0,
    0x7f, 0xfe, 0x0, 0x80, 0x3, 0x80,

    /* U+652F "支" */
    0x1, 0x80, 0x1, 0x80, 0x1, 0x80, 0xff, 0xff,
    0x1, 0x80, 0x1, 0x80, 0x1, 0x80, 0x3f, 0xf8,
    0x8, 0x18, 0xc, 0x30, 0x6, 0x70, 0x7, 0xe0,
    0x3, 0xc0, 0x7, 0xf0, 0x7c, 0x3f, 0xf0, 0x6,

    /* U+6536 "收" */
    0x8, 0xc0, 0x8, 0xc0, 0x48, 0x80, 0x49, 0xff,
    0x49, 0xc, 0x49, 0xc, 0x4a, 0x8c, 0x4a, 0x88,
    0x48, 0x98, 0x58, 0xd8, 0xf8, 0x70, 0x48, 0x70,
    0x8, 0xf8, 0x9, 0xde, 0xf, 0x7, 0xa, 0x2,

    /* U+6539 "改" */
    0x0, 0x60, 0x0, 0x60, 0xfc, 0x40, 0x4, 0xff,
    0x4, 0x8c, 0x5, 0x8c, 0x5, 0xc, 0x7c, 0x8,
    0x40, 0x88, 0x40, 0xd8, 0x40, 0x58, 0x4c, 0x70,
    0x5c, 0x30, 0x70, 0x7c, 0x61, 0xcf, 0x47, 0x3,
    0x4, 0x0,

    /* U+653E "放" */
    0x18, 0x30, 0xc, 0x20, 0x8, 0x60, 0x7f, 0x7f,
    0x10, 0x44, 0x10, 0xc4, 0x10, 0x84, 0x1f, 0x44,
    0x13, 0x64, 0x13, 0x6c, 0x33, 0x28, 0x23, 0x38,
    0x23, 0x18, 0x67, 0x3e, 0x4f, 0xe7, 0x0, 0x80,

    /* U+653F "政" */
    0x0, 0x38, 0x10, 0x5c, 0xf, 0xec, 0x0, 0x87,
    0xf0, 0x46, 0x20, 0x22, 0x10, 0x93, 0x88, 0x4e,
    0x44, 0x24, 0x26, 0x12, 0x12, 0x9, 0xd, 0x4,
    0x83, 0x83, 0xf1, 0xc3, 0xc3, 0xf1, 0x7, 0x9e,
    0x3, 0x2,

    /* U+6548 "效" */
    0xc, 0x18, 0x3, 0x8, 0x10, 0x2c, 0xf, 0xf7,
    0xf1, 0x26, 0x60, 0x9a, 0x30, 0x86, 0x18, 0xc4,
    0x4c, 0x12, 0x26, 0xf, 0x1e, 0x3, 0x7, 0x1,
    0xc3, 0x1, 0xb1, 0xc1, 0x8b, 0x39, 0x87, 0xc,
    0x3, 0x0,

    /* U+6559 "教" */
    0xc, 0x18, 0x8, 0x98, 0x7e, 0x90, 0x9, 0x3f,
    0xb, 0x3f, 0xff, 0xe4, 0x8, 0x44, 0x3f, 0x24,
    0xc6, 0x24, 0x4, 0x18, 0x1f, 0x98, 0xfc, 0x18,
    0x4, 0x3c, 0x1c, 0xe7, 0x19, 0x82,

    /* U+655B "敛" */
    0xe, 0x18, 0x7, 0xc, 0x6, 0xe4, 0x6, 0x1f,
    0xf6, 0x2, 0x22, 0xfb, 0x10, 0x3, 0x48, 0x8,
    0x64, 0x2d, 0x96, 0x12, 0xcb, 0x9, 0x45, 0x6,
    0x21, 0x80, 0x39, 0xc7, 0xfd, 0xb9, 0xc7, 0x8e,
    0x1, 0x0,

    /* U+6570 "数" */
    0x8, 0x20, 0x6b, 0x30, 0x6a, 0x30, 0x8, 0x3e,
    0xff, 0x7e, 0x18, 0x64, 0x2a, 0x44, 0x6b, 0xe4,
    0xc0, 0xa4, 0x18, 0x2c, 0xff, 0x28, 0x12, 0x38,
    0x32, 0x18, 0x1e, 0x38, 0x1f, 0x6e, 0xf3, 0xc6,
    0x1, 0x0,

    /* U+6574 "整" */
    0xc, 0x20, 0x8, 0x30, 0x7f, 0x3f, 0x8, 0x7f,
    0x7f, 0x44, 0x49, 0x2c, 0x7f, 0x18, 0x1a, 0x1c,
    0x2b, 0xe7, 0xcc, 0x0, 0x3f, 0xfc, 0x1, 0x0,
    0x9, 0xfc, 0x9, 0x0, 0x9, 0x0, 0x7f, 0xff,

    /* U+6587 "文" */
    0x1, 0x0, 0x1, 0x0, 0x1, 0x80, 0xff, 0xfe,
    0x18, 0x20, 0x18, 0x20, 0x8, 0x60, 0xc, 0x60,
    0x4, 0x40, 0x6, 0xc0, 0x3, 0x80, 0x3, 0x80,
    0xe, 0xe0, 0x7c, 0x7f, 0xf0, 0x1e,

    /* U+659C "斜" */
    0x0, 0x0, 0xc, 0x4, 0x1c, 0x4, 0x17, 0x64,
    0x23, 0xb4, 0x61, 0x14, 0xfe, 0x4, 0x8, 0x44,
    0x8, 0x64, 0x7f, 0x24, 0x8, 0x5, 0x6a, 0x7f,
    0x4b, 0x44, 0x49, 0x4, 0xc8, 0x4, 0x18, 0x4,
    0x0, 0x4,

    /* U+65AD "断" */
    0x8, 0x0, 0x16, 0xfe, 0xa9, 0x5, 0x52, 0x8,
    0x84, 0x17, 0xef, 0xe6, 0x12, 0x4d, 0x24, 0xba,
    0x49, 0x56, 0x93, 0xa1, 0x26, 0x42, 0x48, 0x88,
    0x90, 0x11, 0x3f, 0x42, 0x1, 0x4,

    /* U+65B0 "新" */
    0xc, 0x0, 0xc, 0x3e, 0x7f, 0xb8, 0x2, 0x20,
    0x33, 0x20, 0x12, 0x20, 0xff, 0xbf, 0xc, 0x24,
    0xc, 0x24, 0x7f, 0xa4, 0xc, 0x24, 0x2f, 0x24,
    0x6d, 0x64, 0x4d, 0x64, 0xcc, 0x44, 0x1c, 0xc4,
    0x10, 0x44,

    /* U+65B9 "方" */
    0x3, 0x0, 0x6, 0x0, 0x4, 0x7, 0xff, 0xf0,
    0x60, 0x0, 0xc0, 0x1, 0xfe, 0x2, 0xc, 0x4,
    0x18, 0x18, 0x20, 0x20, 0x40, 0xc0, 0x83, 0x3,
    0x1c, 0x1e, 0x0, 0x18, 0x0,

    /* U+65E0 "无" */
    0x3f, 0xfc, 0x3, 0x0, 0x3, 0x0, 0x3, 0x0,
    0x3, 0x0, 0x7f, 0xfe, 0x6, 0x40, 0x6, 0x40,
    0x6, 0x40, 0xc, 0x40, 0xc, 0x40, 0x18, 0x43,
    0x30, 0x43, 0xe0, 0x7e, 0x0, 0x0,

    /* U+65E5 "日" */
    0xff, 0xf8, 0xf, 0x1, 0xe0, 0x3c, 0x7, 0x80,
    0xff, 0xfe, 0x3, 0xc0, 0x78, 0xf, 0x1, 0xff,
    0xfc, 0x7, 0x80, 0xc0,

    /* U+65E7 "旧" */
    0xcf, 0xff, 0x30, 0x3c, 0xc0, 0xf3, 0x3, 0xcc,
    0xf, 0x30, 0x3c, 0xff, 0xf3, 0x3, 0xcc, 0xf,
    0x30, 0x3c, 0xc0, 0xf3, 0x3, 0xcf, 0xff, 0x30,
    0x30, 0xc0, 0x0,

    /* U+65ED "旭" */
    0x18, 0x0, 0x10, 0x0, 0x10, 0x7e, 0x10, 0x42,
    0x7e, 0x42, 0x12, 0x42, 0x12, 0x7e, 0x12, 0x42,
    0x12, 0x42, 0x12, 0x42, 0x12, 0x42, 0x32, 0x7e,
    0x22, 0x40, 0x22, 0x2, 0x62, 0x3, 0xc3, 0xfe,

    /* U+65F6 "时" */
    0x0, 0x9, 0xf0, 0x12, 0x20, 0x24, 0x40, 0x48,
    0xbf, 0xf1, 0x1, 0x3e, 0x22, 0x44, 0x44, 0x88,
    0xc9, 0x10, 0x92, 0x20, 0x27, 0xc0, 0x48, 0x80,
    0x91, 0xb, 0x0, 0xe, 0x0,

    /* U+660A "昊" */
    0x1f, 0xfc, 0x20, 0x10, 0x40, 0x20, 0xff, 0xc1,
    0x0, 0x87, 0xff, 0x0, 0x0, 0x1f, 0xfe, 0x1,
    0x0, 0x2, 0x3, 0xff, 0xf8, 0x1c, 0x0, 0x66,
    0x3, 0x87, 0xdc, 0x3, 0xa0, 0x0,

    /* U+660E "明" */
    0xf8, 0xff, 0x22, 0x3c, 0x88, 0xf2, 0x3f, 0xf8,
    0xff, 0x22, 0x3c, 0x88, 0xf2, 0x3f, 0xc8, 0xff,
    0xe2, 0x3c, 0x98, 0xf0, 0x43, 0xc3, 0xc, 0x18,
    0xf0, 0x41, 0x80,

    /* U+6615 "昕" */
    0x0, 0x1d, 0xf3, 0xfe, 0x24, 0x4, 0x48, 0x8,
    0x90, 0x11, 0x3f, 0xfe, 0x7f, 0xc4, 0x8c, 0x89,
    0x19, 0x12, 0x32, 0x24, 0x67, 0xd8, 0xc8, 0xa1,
    0x90, 0x43, 0x1, 0x6, 0x2, 0xc,

    /* U+661F "星" */
    0x3f, 0xf8, 0x40, 0x10, 0x80, 0x21, 0xff, 0xc2,
    0x0, 0x87, 0xff, 0x0, 0x40, 0x18, 0x80, 0x3f,
    0xf8, 0x82, 0x3, 0x4, 0x0, 0xff, 0xc0, 0x10,
    0x0, 0x20, 0x3f, 0xff, 0x80,

    /* U+6620 "映" */
    0x0, 0x20, 0x0, 0x20, 0xf0, 0x20, 0x93, 0xfc,
    0x92, 0x24, 0x92, 0x24, 0x92, 0x24, 0xf2, 0x24,
    0x92, 0x24, 0x97, 0xff, 0x90, 0x70, 0x90, 0x50,
    0xf0, 0xd8, 0x91, 0x88, 0x83, 0xe, 0x8e, 0x6,
    0x4, 0x0,

    /* U+6625 "春" */
    0x0, 0xc0, 0x1c, 0x47, 0xf, 0xff, 0x80, 0x30,
    0x3, 0xff, 0xe0, 0x8, 0x0, 0xc, 0x0, 0xff,
    0xfe, 0x6, 0x10, 0xe, 0xe, 0xf, 0xff, 0xfd,
    0x81, 0x20, 0xff, 0x80, 0x60, 0x40, 0x30, 0x20,
    0x1f, 0xf0, 0xc, 0x0, 0x0,

    /* U+662F "是" */
    0x1f, 0xf8, 0x20, 0x10, 0x40, 0x20, 0xff, 0xc1,
    0x0, 0x83, 0xff, 0x0, 0x0, 0x7f, 0xff, 0x1,
    0x0, 0x32, 0x0, 0x47, 0xe1, 0x88, 0x2, 0x90,
    0xd, 0xe0, 0x30, 0xff, 0x80,

    /* U+663E "显" */
    0x1f, 0xfc, 0x10, 0x4, 0x10, 0x4, 0x1f, 0xfc,
    0x10, 0x4, 0x10, 0x4, 0x1f, 0xfc, 0x2, 0x20,
    0x22, 0x20, 0x32, 0x27, 0x12, 0x26, 0x1a, 0x2c,
    0x12, 0x28, 0x2, 0x20, 0xff, 0xff,

    /* U+6653 "晓" */
    0x1, 0x81, 0xf3, 0xfa, 0x3e, 0x24, 0x64, 0xe8,
    0x8f, 0x11, 0xc, 0x3e, 0x7d, 0x45, 0xe, 0x88,
    0x1, 0x1f, 0xfa, 0x24, 0x87, 0xc9, 0x8, 0x12,
    0x30, 0xc4, 0x41, 0x8f, 0x0,

    /* U+6656 "晖" */
    0x3, 0x8f, 0xe7, 0xfe, 0x49, 0x9c, 0x82, 0x9,
    0xc, 0x12, 0x7f, 0xfc, 0x78, 0x49, 0xb0, 0x97,
    0xfd, 0x20, 0xc2, 0x41, 0x87, 0x9f, 0xf9, 0x6,
    0x10, 0xc, 0x0, 0x18, 0x0, 0x30,

    /* U+6668 "晨" */
    0x1f, 0xfc, 0x10, 0x4, 0x1f, 0xfc, 0x10, 0x4,
    0x1f, 0xfc, 0x0, 0x0, 0x3f, 0xfe, 0x20, 0x0,
    0x27, 0xfc, 0x20, 0x0, 0x3f, 0xfe, 0x24, 0x88,
    0x24, 0xdc, 0x44, 0x70, 0x47, 0x1f, 0x44, 0x6,

    /* U+666E "普" */
    0x1c, 0x60, 0x19, 0x83, 0xff, 0xf0, 0x24, 0x2,
    0x49, 0x86, 0x92, 0x1, 0x20, 0x7f, 0xff, 0x0,
    0x0, 0x7f, 0xe0, 0x80, 0x41, 0xff, 0x82, 0x1,
    0x4, 0x2, 0xf, 0xfc, 0x10, 0x8,

    /* U+666F "景" */
    0x3f, 0xfc, 0x30, 0xc, 0x3f, 0xfc, 0x30, 0xc,
    0x3f, 0xfc, 0x1, 0x80, 0xff, 0xff, 0x0, 0x0,
    0x1f, 0xf8, 0x10, 0x8, 0x10, 0x8, 0x1f, 0xf8,
    0x9, 0x80, 0x19, 0xbc, 0x31, 0x86, 0x63, 0x82,

    /* U+6670 "晰" */
    0x2, 0xf, 0xe4, 0x72, 0x48, 0x84, 0x91, 0x9,
    0xfa, 0x12, 0x47, 0xfc, 0x89, 0x4b, 0x92, 0x96,
    0xa5, 0x2d, 0x4a, 0x68, 0x94, 0xd3, 0x2f, 0x24,
    0x50, 0x58, 0x80, 0xa1, 0x1, 0x0,

    /* U+6674 "晴" */
    0x0, 0x40, 0x0, 0x83, 0xdf, 0xf4, 0x82, 0x9,
    0x3f, 0xd2, 0x8, 0x25, 0xff, 0xf8, 0x0, 0xf0,
    0x1, 0x27, 0xf2, 0x48, 0x24, 0x9f, 0xc9, 0x20,
    0x9e, 0x7f, 0x20, 0x82, 0x1, 0xc,

    /* U+667A "智" */
    0x10, 0x0, 0x60, 0x1, 0xff, 0xfe, 0x23, 0x10,
    0xc6, 0x3f, 0xfc, 0x43, 0x18, 0x8d, 0xbf, 0x31,
    0x81, 0xc0, 0x1, 0x7f, 0xe0, 0xc0, 0xc1, 0xff,
    0x83, 0x3, 0x6, 0x6, 0xf, 0xfc, 0x18, 0x18,

    /* U+66A8 "暨" */
    0xfd, 0xfe, 0xc4, 0x30, 0xfd, 0xb0, 0xc5, 0xfe,
    0xfc, 0x60, 0xc8, 0x52, 0xfd, 0x9e, 0xc1, 0x0,
    0x3f, 0xf8, 0x20, 0x18, 0x3f, 0xf8, 0x20, 0x18,
    0x3f, 0xf8, 0x0, 0x0, 0xff, 0xfe,

    /* U+66B4 "暴" */
    0x1f, 0xfc, 0x10, 0x4, 0x1f, 0xfc, 0x10, 0x4,
    0x1f, 0xfc, 0x6, 0x20, 0x7f, 0xfe, 0x6, 0x20,
    0xff, 0xff, 0xc, 0x18, 0x38, 0x8f, 0xe4, 0x93,
    0x7, 0xf0, 0x38, 0x8c, 0x3, 0x84,

    /* U+66E6 "曦" */
    0x1, 0x10, 0x1, 0xa0, 0xff, 0xfc, 0x90, 0x40,
    0x97, 0xfc, 0x90, 0x40, 0x9f, 0xfc, 0xf0, 0xa8,
    0x97, 0x28, 0x9f, 0xfe, 0x93, 0x20, 0x99, 0x6c,
    0x97, 0x98, 0xf2, 0x10, 0x97, 0xba, 0x7, 0x66,

    /* U+66F2 "曲" */
    0x8, 0x80, 0x88, 0x8, 0x8f, 0xff, 0x88, 0x98,
    0x89, 0x88, 0x9f, 0xff, 0x88, 0x98, 0x89, 0x88,
    0x98, 0x89, 0x88, 0x9f, 0xff, 0x80, 0x18, 0x0,

    /* U+66F4 "更" */
    0x7f, 0xff, 0x0, 0x80, 0x0, 0x80, 0x1f, 0xfe,
    0x10, 0x82, 0x10, 0x82, 0x1f, 0xfe, 0x10, 0x82,
    0x10, 0x82, 0x1f, 0xfe, 0x0, 0x80, 0xd, 0x80,
    0x7, 0x0, 0x7, 0xc0, 0x7c, 0x3f,

    /* U+66FE "曾" */
    0x0, 0x0, 0x63, 0x1, 0x88, 0x3f, 0xff, 0x82,
    0xe, 0x49, 0x39, 0xa4, 0xe0, 0x83, 0xff, 0xfc,
    0x0, 0x7, 0xff, 0x18, 0x4, 0x7f, 0xf1, 0x80,
    0x46, 0x1, 0x1f, 0xfc, 0x60, 0x10,

    /* U+6700 "最" */
    0x1f, 0xf8, 0x20, 0x10, 0x7f, 0xe0, 0x80, 0x41,
    0xff, 0x80, 0x0, 0x3f, 0xff, 0x91, 0x0, 0x3e,
    0xfc, 0x44, 0x18, 0x89, 0x21, 0xf2, 0x42, 0x27,
    0x1f, 0xe6, 0x10, 0x9b, 0x81, 0x62,

    /* U+6708 "月" */
    0x1f, 0xfc, 0x60, 0x31, 0x80, 0xc7, 0xff, 0x18,
    0xc, 0x60, 0x31, 0x80, 0xc7, 0xff, 0x18, 0xc,
    0x60, 0x33, 0x0, 0xcc, 0x3, 0x60, 0x3d, 0x0,
    0x60,

    /* U+6709 "有" */
    0x3, 0x0, 0x2, 0x0, 0xff, 0xff, 0x4, 0x0,
    0xc, 0x0, 0x1f, 0xfc, 0x18, 0x8, 0x38, 0x8,
    0x6f, 0xf8, 0xc8, 0x8, 0x8, 0x8, 0xf, 0xf8,
    0x8, 0x8, 0x8, 0x8, 0x18, 0x38,

    /* U+671B "望" */
    0x18, 0x0, 0x8, 0x7e, 0xfe, 0x42, 0x20, 0x7e,
    0x20, 0x42, 0x20, 0x42, 0x2e, 0xfe, 0x31, 0xce,
    0x1, 0x0, 0x3f, 0xfe, 0x0, 0x80, 0x0, 0x80,
    0x3f, 0xfc, 0x0, 0x80, 0x0, 0x80, 0xff, 0xff,

    /* U+671F "期" */
    0x22, 0x66, 0x44, 0xff, 0xfd, 0x9, 0x12, 0x12,
    0x24, 0x27, 0xcf, 0xc8, 0x90, 0x9f, 0x21, 0x22,
    0x42, 0x44, 0xff, 0xfd, 0x8, 0x2, 0x13, 0x68,
    0x2c, 0x50, 0x70, 0x63, 0x80, 0x0,

    /* U+6728 "木" */
    0x1, 0x80, 0x1, 0x80, 0x1, 0x80, 0x1, 0x80,
    0xff, 0xfe, 0x3, 0xc0, 0x7, 0xe0, 0x5, 0xa0,
    0xd, 0xb0, 0x19, 0x90, 0x19, 0x98, 0x31, 0x8c,
    0x61, 0x8e, 0xe1, 0x87, 0x41, 0x82, 0x1, 0x80,
    0x1, 0x80,

    /* U+672A "未" */
    0x1, 0x80, 0x1, 0x80, 0x1, 0x80, 0x3f, 0xfc,
    0x1, 0x80, 0x1, 0x80, 0x1, 0x80, 0x1, 0x80,
    0xff, 0xff, 0x3, 0xc0, 0x7, 0xe0, 0xd, 0xb0,
    0x19, 0x98, 0x31, 0x8e, 0xe1, 0x87, 0x41, 0x80,
    0x1, 0x80,

    /* U+672B "末" */
    0x1, 0x80, 0x1, 0x80, 0x1, 0x80, 0x7f, 0xfe,
    0x1, 0x80, 0x1, 0x80, 0x1, 0x80, 0x1, 0x80,
    0x7f, 0xfc, 0x3, 0xc0, 0x5, 0xe0, 0xd, 0xb0,
    0x19, 0x98, 0x71, 0x8e, 0xe1, 0x87, 0x1, 0x80,
    0x1, 0x80,

    /* U+672C "本" */
    0x0, 0xe0, 0x0, 0x60, 0x0, 0x30, 0x0, 0x18,
    0x7, 0xff, 0xf8, 0xf, 0x0, 0xb, 0xc0, 0x5,
    0xa0, 0x6, 0xd0, 0x2, 0x6c, 0x2, 0x33, 0x3,
    0x18, 0xc3, 0xc, 0x33, 0x3f, 0xcc, 0x3, 0x0,
    0x1, 0x80, 0x0, 0xc0, 0x0,

    /* U+6731 "朱" */
    0x1, 0x80, 0x11, 0x80, 0x31, 0x80, 0x3f, 0xfc,
    0x61, 0x80, 0x1, 0x80, 0xff, 0xff, 0x7, 0xc0,
    0x5, 0xa0, 0xd, 0xb0, 0x19, 0xb0, 0x31, 0x9c,
    0x71, 0x8f, 0xe1, 0x86, 0x41, 0x80, 0x1, 0x80,

    /* U+6735 "朵" */
    0xf, 0xf0, 0x18, 0x60, 0x30, 0xc0, 0x61, 0x80,
    0xc3, 0x3, 0x6, 0x1c, 0xf, 0x20, 0x80, 0x1,
    0x1, 0xff, 0xfc, 0xf, 0x0, 0x2b, 0x1, 0x93,
    0x8e, 0x23, 0xf8, 0x41, 0x80, 0x80,

    /* U+673A "机" */
    0x10, 0x0, 0x10, 0x0, 0x10, 0xf8, 0x10, 0x88,
    0xfe, 0x88, 0x10, 0x88, 0x10, 0x88, 0x34, 0x88,
    0x34, 0x88, 0x76, 0x88, 0x50, 0x88, 0xd0, 0x88,
    0x91, 0x88, 0x11, 0xb, 0x13, 0xb, 0x16, 0xe,

    /* U+6743 "权" */
    0x10, 0x0, 0x10, 0x0, 0x11, 0xfe, 0x10, 0x84,
    0xfc, 0x84, 0x10, 0x84, 0x30, 0x8c, 0x30, 0x8c,
    0x3c, 0xc8, 0x54, 0x58, 0xd4, 0x70, 0xd0, 0x70,
    0x90, 0x70, 0x10, 0xdc, 0x13, 0x8f, 0x17, 0x6,
    0x10, 0x0,

    /* U+6749 "杉" */
    0x10, 0x8, 0x10, 0xc, 0x10, 0x18, 0x10, 0x30,
    0xfe, 0x60, 0x11, 0xc4, 0x30, 0xe, 0x34, 0xc,
    0x34, 0x38, 0x76, 0x60, 0x51, 0xc0, 0xd0, 0x87,
    0x90, 0xc, 0x10, 0x18, 0x10, 0x70, 0x13, 0xc0,
    0x11, 0x0,

    /* U+674E "李" */
    0x1, 0x80, 0x1, 0x80, 0x7f, 0xfe, 0x3, 0xe0,
    0x5, 0xb0, 0x19, 0x9e, 0xe1, 0x83, 0x1f, 0xf8,
    0x0, 0x70, 0x0, 0xc0, 0x0, 0x80, 0xff, 0xff,
    0x0, 0x80, 0x0, 0x80, 0x3, 0x80, 0x2, 0x0,

    /* U+675F "束" */
    0x0, 0x80, 0x0, 0x80, 0x7f, 0xff, 0x0, 0x80,
    0x0, 0x80, 0x1f, 0xfc, 0x10, 0x84, 0x10, 0x84,
    0x1f, 0xfc, 0x3, 0xe0, 0x6, 0xa0, 0xc, 0xb0,
    0x1c, 0x9c, 0x38, 0x8f, 0x60, 0x82, 0x0, 0x80,

    /* U+6761 "条" */
    0x3, 0x0, 0x3, 0x0, 0x3, 0xff, 0x83, 0xc1,
    0x83, 0x31, 0x81, 0xf, 0x80, 0x7, 0x80, 0x3e,
    0x7f, 0x78, 0xc7, 0x80, 0x60, 0xf, 0xff, 0xc0,
    0x18, 0x0, 0xec, 0x80, 0xc6, 0x71, 0xc3, 0xe,
    0x87, 0x82, 0x2, 0x0, 0x0,

    /* U+6765 "来" */
    0x0, 0x80, 0x0, 0x60, 0x0, 0x30, 0x7, 0xff,
    0xe0, 0xc, 0x0, 0xc6, 0x60, 0x33, 0x20, 0x1,
    0x80, 0x7f, 0xff, 0x81, 0xf0, 0x1, 0xbc, 0x0,
    0x9b, 0x1, 0xcc, 0xc1, 0xc6, 0x79, 0xc3, 0xe,
    0x41, 0x82, 0x0, 0xc0, 0x0,

    /* U+6768 "杨" */
    0x10, 0x0, 0x11, 0xfe, 0x10, 0x18, 0x10, 0x10,
    0x7e, 0x20, 0x10, 0x60, 0x31, 0xff, 0x3c, 0x6b,
    0x36, 0x4b, 0x70, 0xdb, 0x50, 0x93, 0x51, 0x92,
    0x17, 0x32, 0x10, 0x62, 0x10, 0xc6, 0x13, 0x8e,
    0x11, 0x8,

    /* U+676D "杭" */
    0x18, 0x30, 0x8, 0x18, 0x4, 0xc, 0x2, 0x3f,
    0xe7, 0xde, 0xf0, 0x80, 0x0, 0x40, 0x0, 0x61,
    0xf8, 0x3c, 0xcc, 0x3a, 0x66, 0x15, 0xb3, 0x1a,
    0x19, 0x85, 0x8, 0xc0, 0x84, 0x68, 0x46, 0x36,
    0x2e, 0x1e, 0x13, 0x0, 0x0,

    /* U+6770 "杰" */
    0x1, 0x0, 0x2, 0x0, 0x4, 0x3, 0xff, 0xf0,
    0x78, 0x0, 0xb8, 0x3, 0x58, 0xc, 0x98, 0x31,
    0x3f, 0xc2, 0x19, 0x4, 0x0, 0x0, 0x2, 0x4c,
    0xcc, 0x98, 0xd1, 0x91, 0xe2, 0x0,

    /* U+677E "松" */
    0x10, 0x0, 0x10, 0x68, 0x10, 0xc8, 0x10, 0xc8,
    0x7c, 0x8c, 0x11, 0x8c, 0x31, 0x6, 0x33, 0x33,
    0x3c, 0x60, 0x74, 0x60, 0x54, 0x40, 0xd0, 0xcc,
    0x90, 0x8c, 0x11, 0x86, 0x11, 0xfe, 0x11, 0x82,
    0x10, 0x0,

    /* U+677F "板" */
    0x10, 0x6, 0x8, 0x7f, 0x84, 0x20, 0x2, 0x10,
    0x3, 0x8f, 0xe0, 0x85, 0x30, 0xc2, 0x98, 0x79,
    0x4c, 0x74, 0xa4, 0x28, 0x5a, 0x14, 0x67, 0x2,
    0x23, 0x1, 0x11, 0xc0, 0x91, 0xb8, 0x59, 0x8c,
    0x28, 0x82,

    /* U+6784 "构" */
    0x10, 0xc0, 0x21, 0x80, 0x43, 0x0, 0x8f, 0xf7,
    0xd8, 0x22, 0x60, 0x4c, 0x98, 0x98, 0x61, 0x3c,
    0xc2, 0xe9, 0x27, 0x46, 0x6e, 0x8b, 0xd1, 0x1e,
    0xa2, 0x0, 0x44, 0x0, 0x88, 0xf, 0x10, 0x1c,

    /* U+6790 "析" */
    0x10, 0x0, 0x8, 0x1f, 0x4, 0x3f, 0x82, 0x10,
    0xf, 0xe8, 0x7, 0xf4, 0x0, 0x43, 0xfe, 0x79,
    0x18, 0x34, 0x8c, 0x3a, 0x46, 0x15, 0x23, 0x1a,
    0x11, 0x89, 0x10, 0xc0, 0x88, 0x60, 0x4c, 0x30,
    0x2c, 0x18, 0x12, 0xc, 0x0,

    /* U+6795 "枕" */
    0x10, 0x30, 0x8, 0x18, 0x4, 0x8, 0x2, 0x35,
    0xe7, 0xdf, 0xf0, 0x89, 0x8, 0xc4, 0x84, 0x60,
    0xc0, 0x3c, 0x70, 0x3b, 0x28, 0x14, 0x34, 0xa,
    0x1a, 0x1, 0x19, 0x0, 0x8c, 0x88, 0x5c, 0x44,
    0x2c, 0x3e,

    /* U+679A "枚" */
    0x10, 0x40, 0x10, 0x40, 0x10, 0x40, 0x10, 0xc0,
    0xfc, 0xff, 0x11, 0x8c, 0x31, 0x8c, 0x33, 0x4c,
    0x3c, 0x4c, 0x54, 0x48, 0xd4, 0x58, 0xd0, 0x38,
    0x90, 0x30, 0x10, 0x78, 0x11, 0xde, 0x17, 0x87,
    0x12, 0x2,

    /* U+679C "果" */
    0x1f, 0xfc, 0x10, 0x84, 0x10, 0x84, 0x1f, 0xfc,
    0x10, 0x84, 0x10, 0x84, 0x1f, 0xfc, 0x0, 0x80,
    0x0, 0x80, 0x7f, 0xff, 0x2, 0xa0, 0x6, 0xb0,
    0x1c, 0x9c, 0x70, 0x8f, 0x60, 0x82, 0x0, 0x80,

    /* U+67B6 "架" */
    0x18, 0x0, 0x30, 0xfb, 0xfd, 0xf0, 0x9a, 0x23,
    0x24, 0x44, 0x48, 0x9b, 0x9f, 0x62, 0x0, 0x1,
    0x1, 0xff, 0xfc, 0x1f, 0x0, 0x6b, 0x1, 0x93,
    0xe, 0x27, 0xf8, 0x43, 0x0, 0x80,

    /* U+67C4 "柄" */
    0x10, 0x0, 0x9, 0xff, 0xc4, 0xc, 0xb, 0x86,
    0x7, 0xc3, 0x0, 0x8f, 0xf0, 0xc4, 0xc8, 0x72,
    0x64, 0x35, 0x32, 0x2a, 0xb5, 0x34, 0x53, 0x82,
    0x38, 0x41, 0x10, 0x20, 0x88, 0x70, 0x44, 0x38,
    0x20, 0x8,

    /* U+67D3 "染" */
    0x0, 0x80, 0xe1, 0x0, 0x43, 0xc4, 0x1f, 0x8e,
    0x9, 0xc, 0x32, 0x2, 0x44, 0x99, 0x89, 0xe6,
    0x1e, 0x2, 0x3, 0xff, 0xf8, 0x3e, 0x0, 0xd6,
    0x3, 0x27, 0x1c, 0x47, 0xf0, 0x86, 0x1, 0x0,

    /* U+67E5 "查" */
    0x0, 0xc0, 0x0, 0x40, 0x1f, 0xff, 0xc0, 0x54,
    0x0, 0x6b, 0x0, 0x64, 0xc0, 0x62, 0x3c, 0xe1,
    0x7, 0x7f, 0xfc, 0xc, 0x6, 0x7, 0xff, 0x3,
    0x1, 0x81, 0xff, 0xc0, 0x0, 0x0, 0x0, 0x0,
    0xff, 0xfe,

    /* U+67F4 "柴" */
    0x8, 0xc0, 0x11, 0x81, 0x23, 0x32, 0x77, 0xc4,
    0x8e, 0x9, 0x18, 0x12, 0x31, 0xa7, 0x63, 0xf9,
    0x7c, 0x2, 0x3, 0xff, 0xf8, 0x3a, 0x0, 0xd6,
    0x7, 0x27, 0x1c, 0x47, 0xe0, 0x82, 0x1, 0x0,

    /* U+6807 "标" */
    0x10, 0x0, 0x8, 0x0, 0x4, 0x7f, 0x82, 0x0,
    0xf, 0xc0, 0x7, 0xe0, 0x0, 0x4f, 0xfc, 0x60,
    0x60, 0x3c, 0x30, 0x2a, 0xfa, 0x35, 0x6d, 0x8a,
    0x26, 0x61, 0x33, 0x10, 0xb1, 0x88, 0x48, 0xc0,
    0x20, 0xc0,

    /* U+6808 "栈" */
    0x10, 0x60, 0x10, 0x6c, 0x10, 0x64, 0x10, 0x62,
    0xfc, 0x7e, 0x13, 0xe0, 0x10, 0x21, 0x3c, 0x2f,
    0x34, 0xf8, 0x73, 0xf4, 0x50, 0x16, 0xd0, 0x1c,
    0x90, 0x18, 0x10, 0x38, 0x10, 0xed, 0x13, 0x87,
    0x10, 0x2,

    /* U+680F "栏" */
    0x10, 0x8e, 0x10, 0x8c, 0x10, 0xc8, 0x10, 0x18,
    0xfd, 0xff, 0x10, 0x0, 0x30, 0x0, 0x30, 0x0,
    0x3c, 0x0, 0x77, 0xfe, 0x50, 0x0, 0xd0, 0x0,
    0x10, 0x0, 0x10, 0x0, 0x13, 0xff, 0x10, 0x0,
    0x10, 0x0,

    /* U+6811 "树" */
    0x20, 0x4, 0x20, 0x4, 0x20, 0x4, 0x27, 0xc4,
    0xf0, 0xff, 0x20, 0x84, 0x26, 0x84, 0x63, 0xa4,
    0x69, 0xb4, 0x6d, 0x94, 0xe1, 0x84, 0xa3, 0xc4,
    0xa6, 0x64, 0x26, 0x4, 0x24, 0x4, 0x20, 0xc,
    0x20, 0x8,

    /* U+6821 "校" */
    0x10, 0x10, 0x10, 0x30, 0x10, 0x20, 0x11, 0xff,
    0x7c, 0x0, 0x10, 0x6c, 0x10, 0xc6, 0x31, 0x83,
    0x3d, 0x8, 0x74, 0xc8, 0x50, 0x48, 0xd0, 0x78,
    0x10, 0x30, 0x10, 0x30, 0x10, 0xfe, 0x17, 0x8f,
    0x16, 0x3,

    /* U+6837 "样" */
    0x10, 0x84, 0x10, 0xcc, 0x10, 0x88, 0x11, 0xff,
    0xfd, 0x33, 0x10, 0x30, 0x30, 0x30, 0x30, 0x30,
    0x3d, 0xfe, 0x74, 0x30, 0x54, 0x30, 0xd0, 0x30,
    0x93, 0xff, 0x10, 0x30, 0x10, 0x30, 0x10, 0x30,
    0x10, 0x30,

    /* U+6839 "根" */
    0x18, 0x0, 0x18, 0xfe, 0x18, 0x82, 0x18, 0x82,
    0x7e, 0xfe, 0x18, 0x82, 0x18, 0x82, 0x3e, 0xfe,
    0x3a, 0x92, 0x7a, 0x93, 0x58, 0x96, 0xd8, 0x9c,
    0x58, 0x8c, 0x18, 0xac, 0x18, 0xe7, 0x18, 0xc3,
    0x18, 0x80,

    /* U+683C "格" */
    0x10, 0x40, 0x10, 0x60, 0x10, 0x7e, 0x10, 0xfc,
    0x7e, 0xc4, 0x11, 0xc8, 0x11, 0x38, 0x3c, 0x30,
    0x34, 0xee, 0x73, 0x86, 0xd0, 0xfc, 0xd0, 0x84,
    0x10, 0x84, 0x10, 0x84, 0x10, 0xfc, 0x10, 0x84,
    0x10, 0x0,

    /* U+6846 "框" */
    0x10, 0x0, 0x10, 0x0, 0x11, 0xff, 0x11, 0x0,
    0x7d, 0x3f, 0x11, 0x8, 0x11, 0x8, 0x31, 0x8,
    0x3d, 0x3e, 0x37, 0x8, 0x75, 0x8, 0x51, 0x8,
    0x51, 0x7f, 0x11, 0x0, 0x11, 0x0, 0x11, 0xff,
    0x10, 0x0,

    /* U+6848 "案" */
    0x0, 0x80, 0x1, 0x80, 0x7f, 0xfe, 0x62, 0x6,
    0x3, 0x0, 0x7f, 0xfe, 0xc, 0x30, 0xf, 0xe0,
    0x3, 0xf8, 0x3e, 0xc, 0x1, 0x80, 0xff, 0xff,
    0x7, 0xe0, 0xd, 0xb0, 0x39, 0x9f, 0xf1, 0x87,
    0x41, 0x80,

    /* U+684C "桌" */
    0x3, 0x0, 0x3, 0xfe, 0x3, 0x0, 0x3f, 0xfc,
    0x30, 0xc, 0x3f, 0xfc, 0x30, 0xc, 0x3f, 0xfc,
    0x1, 0x0, 0x1, 0x0, 0xff, 0xff, 0x5, 0x40,
    0x19, 0x30, 0x71, 0x1f, 0xc1, 0x2,

    /* U+6863 "档" */
    0x10, 0x10, 0x10, 0x12, 0x11, 0x92, 0x10, 0x96,
    0x7c, 0x94, 0x10, 0x10, 0x10, 0x10, 0x31, 0xff,
    0x34, 0x3, 0x76, 0x3, 0x50, 0x3, 0x51, 0xff,
    0x10, 0x3, 0x10, 0x3, 0x13, 0xff, 0x10, 0x3,
    0x10, 0x3,

    /* U+6865 "桥" */
    0x10, 0xe, 0x13, 0xfe, 0x10, 0x60, 0x10, 0x60,
    0x7b, 0xff, 0x10, 0x48, 0x30, 0xc8, 0x38, 0x8c,
    0x35, 0x86, 0x73, 0xcf, 0xd6, 0xc8, 0x50, 0xc8,
    0x10, 0x88, 0x11, 0x88, 0x13, 0x88, 0x11, 0xc,

    /* U+6881 "梁" */
    0x20, 0x0, 0x33, 0xf8, 0x10, 0xc8, 0xe2, 0xc8,
    0x62, 0x8e, 0x1a, 0x8a, 0x31, 0x18, 0x67, 0x38,
    0x45, 0x30, 0x1, 0x0, 0xff, 0xfe, 0x5, 0xc0,
    0xd, 0x60, 0x71, 0x3e, 0xe1, 0xc, 0x1, 0x0,

    /* U+6893 "梓" */
    0x0, 0x0, 0x10, 0x30, 0x10, 0x10, 0x11, 0xff,
    0x7c, 0x4, 0x10, 0xc4, 0x10, 0x4c, 0x38, 0x48,
    0x35, 0xff, 0x70, 0x30, 0xd0, 0x30, 0x91, 0xfe,
    0x10, 0x30, 0x10, 0x30, 0x10, 0x30, 0x10, 0x30,
    0x10, 0x30,

    /* U+68B0 "械" */
    0x20, 0x10, 0x20, 0x16, 0x20, 0x14, 0x27, 0xff,
    0xf7, 0x17, 0x22, 0x50, 0x22, 0x56, 0x62, 0x56,
    0x7f, 0xf4, 0xea, 0x54, 0xa2, 0x5c, 0xa2, 0x48,
    0x26, 0x48, 0x24, 0x55, 0x2c, 0x27, 0x20, 0x43,
    0x20, 0x0,

    /* U+68C0 "检" */
    0x10, 0x0, 0x8, 0x30, 0x4, 0x1c, 0x2, 0xb,
    0x7, 0xc8, 0xc0, 0x8c, 0x30, 0x4d, 0xee, 0x64,
    0x2, 0x3c, 0x24, 0x3a, 0x93, 0x15, 0x49, 0x1a,
    0x34, 0x85, 0x1a, 0xc0, 0x88, 0x40, 0x40, 0x20,
    0x27, 0xfe, 0x10, 0x0, 0x0,

    /* U+690D "植" */
    0x20, 0x60, 0x40, 0x80, 0x9f, 0xf9, 0x2, 0xf,
    0x84, 0x4, 0x7f, 0x88, 0x83, 0x39, 0xfe, 0x72,
    0xc, 0xd4, 0x1a, 0x8f, 0xf5, 0x10, 0x62, 0x3f,
    0xc4, 0x41, 0x88, 0x83, 0x17, 0xff, 0x20, 0x0,

    /* U+6960 "楠" */
    0x0, 0x20, 0x10, 0x20, 0x10, 0x20, 0x13, 0xff,
    0x7c, 0x20, 0x7c, 0x20, 0x11, 0xff, 0x11, 0x11,
    0x39, 0x51, 0x3d, 0x51, 0x55, 0xf9, 0x51, 0x21,
    0x11, 0xf9, 0x11, 0x21, 0x11, 0x21, 0x11, 0x27,
    0x11, 0x7,

    /* U+697C "楼" */
    0x20, 0x20, 0x21, 0x2c, 0x21, 0x28, 0x20, 0x20,
    0xfb, 0xfe, 0x20, 0xb8, 0x21, 0x2c, 0x67, 0x26,
    0x78, 0x42, 0xe8, 0x40, 0xa7, 0xfe, 0xa1, 0x98,
    0x21, 0x90, 0x20, 0xf0, 0x20, 0x7c, 0x2f, 0xce,
    0x26, 0x2,

    /* U+6A21 "模" */
    0x10, 0xc8, 0x9, 0xff, 0xc4, 0x32, 0xf, 0x99,
    0x7, 0xdf, 0xf0, 0x88, 0x18, 0xe7, 0xfc, 0x6a,
    0x6, 0x75, 0xff, 0x28, 0x30, 0x14, 0x18, 0x2,
    0x7f, 0xf1, 0x5, 0x0, 0x8c, 0x78, 0x4c, 0xe,

    /* U+6A2A "横" */
    0x20, 0x90, 0x41, 0x20, 0x8f, 0xf9, 0x4, 0x8f,
    0x89, 0x4, 0xff, 0xc8, 0x18, 0x30, 0x30, 0x73,
    0xfd, 0xd4, 0xca, 0x8f, 0xf5, 0x13, 0x22, 0x3f,
    0xc4, 0x0, 0x8, 0x66, 0x13, 0x87, 0x24, 0x0,

    /* U+6B21 "次" */
    0x1, 0xc0, 0x0, 0xc0, 0x18, 0x60, 0x6, 0x7f,
    0xe1, 0x20, 0x30, 0x33, 0x10, 0x11, 0x98, 0x0,
    0xc0, 0x18, 0x60, 0x8, 0x30, 0xc, 0x3c, 0xc,
    0x1b, 0x6, 0x19, 0xc2, 0x18, 0x78, 0x78, 0xe,
    0x10, 0x0,

    /* U+6B62 "止" */
    0x0, 0xe0, 0x0, 0x60, 0x0, 0x30, 0x3, 0x18,
    0x1, 0x8c, 0x0, 0xc7, 0xf0, 0x63, 0x0, 0x31,
    0x80, 0x18, 0xc0, 0xc, 0x60, 0x6, 0x30, 0x3,
    0x18, 0x1, 0x8c, 0x7, 0xff, 0xfc,

    /* U+6B63 "正" */
    0x3f, 0xfe, 0x0, 0x60, 0x0, 0x30, 0x0, 0x18,
    0x1, 0x8c, 0x0, 0xc6, 0x0, 0x63, 0xf8, 0x31,
    0x80, 0x18, 0xc0, 0xc, 0x60, 0x6, 0x30, 0x3,
    0x18, 0xf, 0xff, 0xf8,

    /* U+6B64 "此" */
    0x4, 0x20, 0x4, 0x20, 0x4, 0x20, 0x24, 0x20,
    0x24, 0x26, 0x27, 0x2e, 0x24, 0x38, 0x24, 0x20,
    0x24, 0x20, 0x24, 0x20, 0x24, 0x20, 0x24, 0x20,
    0x27, 0x23, 0x7c, 0x23, 0x60, 0x3e,

    /* U+6B65 "步" */
    0x1, 0x0, 0x22, 0x0, 0x47, 0xe0, 0x88, 0x1,
    0x10, 0x1f, 0xff, 0xc0, 0x0, 0x8, 0x84, 0x19,
    0x18, 0x62, 0x61, 0x84, 0xc0, 0xb, 0x0, 0x1c,
    0x3, 0xe0, 0x1e, 0x0, 0x0,

    /* U+6B66 "武" */
    0x0, 0x60, 0x0, 0x32, 0xf, 0xdb, 0x80, 0xc,
    0xc0, 0x6, 0x3, 0xff, 0xf8, 0x10, 0x80, 0x8,
    0x40, 0x24, 0x20, 0x13, 0xd8, 0x9, 0xc, 0x4,
    0x86, 0x2, 0x41, 0x81, 0x3e, 0xcb, 0xfe, 0x3c,
    0xe0, 0xe, 0x0, 0x3, 0x0,

    /* U+6B7B "死" */
    0x7f, 0xff, 0xc, 0x30, 0x6, 0x18, 0x2, 0xc,
    0x3, 0xf6, 0x61, 0x9b, 0x61, 0x89, 0xe1, 0xb4,
    0xe0, 0x4e, 0x60, 0x2, 0x30, 0x2, 0x18, 0x67,
    0xc, 0x67, 0x7, 0xe0, 0x0, 0x0,

    /* U+6BB5 "段" */
    0x0, 0x0, 0x7, 0x3e, 0xc, 0x11, 0x4, 0x8,
    0x82, 0x4, 0x41, 0xf6, 0x38, 0x82, 0x0, 0x40,
    0x0, 0x20, 0xfe, 0x1f, 0x7f, 0x8, 0x11, 0x4,
    0xd, 0x82, 0x62, 0x87, 0xe1, 0xc1, 0x81, 0xb8,
    0x47, 0x8e, 0x21, 0x1, 0x0,

    /* U+6BC5 "毅" */
    0x18, 0x0, 0x8, 0x3c, 0x7f, 0x24, 0x4, 0x24,
    0x26, 0x24, 0xff, 0x67, 0xff, 0x0, 0x30, 0x7e,
    0xdb, 0x26, 0x3e, 0x24, 0x6e, 0x14, 0x95, 0x98,
    0x34, 0x1c, 0xcc, 0x7f, 0x39, 0xe3, 0x0, 0x80,

    /* U+6BCF "每" */
    0x8, 0x0, 0x18, 0x0, 0x1f, 0xff, 0x30, 0x0,
    0x60, 0x0, 0xdf, 0xfc, 0x51, 0xc, 0x11, 0x8c,
    0x10, 0x8c, 0xff, 0xff, 0x11, 0xc, 0x11, 0x8c,
    0x10, 0xc, 0x1f, 0xff, 0x0, 0xc, 0x0, 0x3c,

    /* U+6BD4 "比" */
    0x60, 0xc0, 0x60, 0xc0, 0x60, 0xc0, 0x60, 0xc0,
    0x60, 0xce, 0x7e, 0xdc, 0x60, 0xf0, 0x60, 0xc0,
    0x60, 0xc0, 0x60, 0xc0, 0x60, 0xc0, 0x62, 0xc2,
    0x6e, 0xc3, 0x78, 0xc2, 0x60, 0xfe,

    /* U+6BD5 "毕" */
    0x0, 0x40, 0x20, 0x40, 0x20, 0x46, 0x3e, 0x5c,
    0x20, 0x70, 0x20, 0x40, 0x20, 0x40, 0x2e, 0x43,
    0x38, 0x7e, 0x20, 0x0, 0x1, 0x80, 0x1, 0x80,
    0xff, 0xff, 0x1, 0x80, 0x1, 0x80, 0x1, 0x80,
    0x1, 0x80,

    /* U+6BDB "毛" */
    0x0, 0x10, 0x3, 0xf1, 0xfc, 0x0, 0x10, 0x0,
    0x23, 0x7, 0xfe, 0x1e, 0x80, 0x1, 0x0, 0x2,
    0xfe, 0xff, 0xc3, 0xc8, 0x0, 0x10, 0x0, 0x20,
    0x60, 0x41, 0x80, 0xff, 0x0,

    /* U+6C14 "气" */
    0xc, 0x0, 0xe, 0x0, 0x7, 0xff, 0xc6, 0x0,
    0xe, 0xff, 0xc2, 0x0, 0x0, 0x0, 0x0, 0xff,
    0xf0, 0x0, 0x8, 0x0, 0x4, 0x0, 0x2, 0x0,
    0x1, 0x80, 0x0, 0xd0, 0x0, 0x2c, 0x0, 0x1e,
    0x0, 0x6,

    /* U+6C34 "水" */
    0x1, 0x80, 0x1, 0x80, 0x1, 0x80, 0x1, 0x80,
    0x1, 0x86, 0xfd, 0xcc, 0xd, 0xd8, 0xd, 0xe0,
    0x9, 0xa0, 0x19, 0xb0, 0x11, 0x98, 0x31, 0x8c,
    0xe1, 0x8f, 0xc1, 0x82, 0x1, 0x80, 0x7, 0x80,
    0x0, 0x0,

    /* U+6C38 "永" */
    0x2, 0x0, 0x7, 0x80, 0x1, 0xc0, 0x0, 0x0,
    0x3f, 0x80, 0x1, 0x84, 0x1, 0x8e, 0x1, 0xcc,
    0xfd, 0xd0, 0xd, 0xe0, 0x9, 0xa0, 0x19, 0xb0,
    0x19, 0x9c, 0x31, 0x8e, 0xe1, 0x86, 0x47, 0x80,
    0x7, 0x0,

    /* U+6C42 "求" */
    0x1, 0x98, 0x1, 0x9c, 0x1, 0x80, 0x7f, 0xff,
    0x1, 0x80, 0x1, 0x84, 0x31, 0xc6, 0x19, 0xcc,
    0x1, 0xb8, 0x7, 0xb0, 0xd, 0x98, 0x39, 0x8c,
    0x61, 0x87, 0x41, 0x82, 0x7, 0x80, 0x3, 0x80,

    /* U+6C47 "汇" */
    0x40, 0x0, 0xef, 0xfc, 0xd8, 0x0, 0x30, 0x8,
    0x60, 0x1c, 0xc0, 0x19, 0x80, 0x13, 0x0, 0x6,
    0x0, 0x4c, 0x0, 0x98, 0x3, 0x30, 0x6, 0x60,
    0x8, 0xc0, 0x31, 0xff, 0xa0, 0x0,

    /* U+6C49 "汉" */
    0x60, 0x0, 0x37, 0xfc, 0x13, 0xc, 0x3, 0xc,
    0xe1, 0xc, 0x21, 0x8, 0x1, 0x98, 0x0, 0x98,
    0x0, 0xf0, 0x30, 0xe0, 0x20, 0x60, 0x60, 0xf0,
    0x61, 0x9c, 0x47, 0xf, 0x4e, 0x3,

    /* U+6C60 "池" */
    0x0, 0x40, 0x60, 0x40, 0x3b, 0x40, 0x12, 0x44,
    0x2, 0x7c, 0xc3, 0xe4, 0x6f, 0x44, 0xe, 0x44,
    0x2, 0x44, 0x22, 0x5c, 0x22, 0x58, 0x62, 0x40,
    0x62, 0x2, 0xc2, 0x6, 0xc3, 0xfc,

    /* U+6CA1 "没" */
    0x21, 0xf0, 0x39, 0x10, 0x9, 0x10, 0x1, 0x10,
    0x43, 0x1e, 0xf6, 0x0, 0x30, 0x0, 0x7, 0xf8,
    0x1, 0x18, 0x31, 0x10, 0x31, 0xb0, 0x20, 0xe0,
    0x60, 0xf0, 0x63, 0xbf, 0x4e, 0xe, 0x0, 0x0,

    /* U+6CBF "沿" */
    0x20, 0x0, 0x71, 0xf8, 0x19, 0x98, 0x1, 0x98,
    0x1, 0x98, 0x61, 0x18, 0x77, 0x1f, 0x4, 0x0,
    0x0, 0x0, 0x23, 0xfc, 0x33, 0x4, 0x23, 0x4,
    0x23, 0x4, 0x63, 0x4, 0x63, 0xfc, 0xc3, 0x4,
    0x3, 0x4,

    /* U+6CCA "泊" */
    0x0, 0x60, 0x40, 0x80, 0xc1, 0x0, 0xdf, 0xf0,
    0x20, 0x28, 0x40, 0x78, 0x80, 0x99, 0x1, 0x12,
    0x2, 0x7, 0xfc, 0x48, 0x9, 0x90, 0x13, 0x20,
    0x24, 0x40, 0x58, 0xff, 0xb1, 0x1, 0x2, 0x2,

    /* U+6CD5 "法" */
    0x0, 0x60, 0x60, 0x60, 0x30, 0x60, 0x13, 0xfe,
    0x0, 0x60, 0x80, 0x60, 0xe0, 0x60, 0x60, 0x60,
    0xf, 0xff, 0x0, 0x80, 0x30, 0xe0, 0x21, 0x88,
    0x21, 0x8c, 0x63, 0xc, 0x67, 0xfe, 0xc7, 0xe3,
    0x0, 0x0,

    /* U+6CE2 "波" */
    0x0, 0x30, 0x20, 0x20, 0x38, 0x20, 0xb, 0xfe,
    0x2, 0x22, 0x42, 0x26, 0xf2, 0x20, 0x32, 0x20,
    0x13, 0xfc, 0x2, 0x84, 0x12, 0x8c, 0x32, 0x48,
    0x36, 0x58, 0x24, 0x30, 0x64, 0x38, 0x6c, 0xcf,
    0x29, 0x82,

    /* U+6CE8 "注" */
    0x0, 0xe0, 0x60, 0x60, 0x30, 0x40, 0x7, 0xff,
    0x0, 0x60, 0xc0, 0x60, 0x60, 0x60, 0x20, 0x60,
    0x7, 0xfe, 0x20, 0x60, 0x20, 0x60, 0x20, 0x60,
    0x60, 0x60, 0x60, 0x60, 0x40, 0x60, 0xcf, 0xff,
    0x0, 0x0,

    /* U+6D0B "洋" */
    0x43, 0xc, 0x71, 0x98, 0x31, 0x18, 0x7, 0xff,
    0x0, 0x60, 0xc0, 0x60, 0xe0, 0x60, 0x27, 0xfe,
    0x0, 0x60, 0x20, 0x60, 0x60, 0x60, 0x6f, 0xff,
    0x40, 0x60, 0xc0, 0x60, 0xc0, 0x60, 0x40, 0x60,

    /* U+6D25 "津" */
    0x0, 0x40, 0x60, 0x40, 0x3f, 0xfc, 0x0, 0x44,
    0x4f, 0xff, 0x60, 0x44, 0x20, 0x44, 0x7, 0xfc,
    0x20, 0x40, 0x37, 0xfc, 0x20, 0x40, 0x20, 0x40,
    0x6f, 0xff, 0x60, 0x40, 0x40, 0x40, 0x0, 0x40,

    /* U+6D41 "流" */
    0x0, 0x60, 0x30, 0x10, 0xd, 0xff, 0xc2, 0x10,
    0x0, 0xc, 0x82, 0xc, 0x63, 0xdd, 0xf8, 0x47,
    0xf4, 0x0, 0x0, 0x11, 0xb6, 0xc, 0xdb, 0x6,
    0x6d, 0x82, 0x36, 0xc3, 0x13, 0x61, 0x99, 0xb6,
    0x38, 0xce,

    /* U+6D45 "浅" */
    0x0, 0xc0, 0x18, 0x66, 0xe, 0x31, 0x1, 0x18,
    0x60, 0xf, 0xf2, 0x3f, 0x3, 0xd3, 0x0, 0x61,
    0xbe, 0x3, 0xf8, 0x13, 0xb3, 0xc, 0x1b, 0x4,
    0x7, 0x6, 0x3, 0x13, 0x7, 0xed, 0x8e, 0x3c,
    0x84, 0x6,

    /* U+6D4B "测" */
    0x0, 0x3, 0xdf, 0x84, 0xbf, 0x48, 0x42, 0x90,
    0xa5, 0x39, 0x4a, 0x7a, 0x94, 0x95, 0x29, 0xa,
    0x52, 0x14, 0xa4, 0xa9, 0x4b, 0x52, 0x96, 0x78,
    0x28, 0x98, 0x73, 0x18, 0xec, 0x7, 0x0, 0x0,

    /* U+6D4E "济" */
    0x20, 0x60, 0x70, 0x60, 0x17, 0xff, 0x0, 0x8,
    0x1, 0x18, 0x61, 0x90, 0x70, 0xf0, 0x20, 0xf0,
    0x3, 0xff, 0xe, 0x7, 0x21, 0x88, 0x31, 0x88,
    0x21, 0x88, 0x61, 0x8, 0x43, 0x8, 0xc6, 0x8,
    0xc, 0x8,

    /* U+6D66 "浦" */
    0x0, 0x40, 0x60, 0x4c, 0x70, 0x40, 0x17, 0xff,
    0x0, 0x40, 0x0, 0x40, 0xe7, 0xfc, 0x24, 0x44,
    0x4, 0x44, 0x7, 0xfc, 0x34, 0x44, 0x24, 0x44,
    0x67, 0xfc, 0x64, 0x44, 0x44, 0x44, 0xc4, 0x44,
    0x4, 0xc,

    /* U+6D6E "浮" */
    0x0, 0x2, 0x60, 0x7e, 0x33, 0xf0, 0x10, 0x26,
    0x3, 0x26, 0xc1, 0x2c, 0x70, 0x0, 0x3, 0xfe,
    0x0, 0xc, 0x20, 0x30, 0x30, 0x30, 0x2f, 0xff,
    0x60, 0x30, 0x60, 0x30, 0xc0, 0x30, 0x40, 0x60,

    /* U+6D77 "海" */
    0x1, 0x80, 0x63, 0x0, 0x33, 0xff, 0x6, 0x0,
    0xc, 0x0, 0x8b, 0xfc, 0xe2, 0x4, 0x22, 0x64,
    0x6, 0x44, 0xf, 0xff, 0x66, 0x44, 0x64, 0x4c,
    0x44, 0x4c, 0xc7, 0xfe, 0xc0, 0xc, 0x80, 0x3c,
    0x0, 0x10,

    /* U+6D88 "消" */
    0x0, 0x41, 0xc8, 0x99, 0xd1, 0x21, 0x32, 0x80,
    0x4, 0x10, 0xff, 0x39, 0x2, 0x2, 0x4, 0x7,
    0xf8, 0x48, 0x10, 0x90, 0x23, 0x3f, 0xc4, 0x40,
    0x98, 0x81, 0x31, 0x6, 0x22, 0xc,

    /* U+6D89 "涉" */
    0x60, 0x20, 0x32, 0x20, 0x12, 0x3e, 0x2, 0x20,
    0x82, 0x20, 0xc2, 0x20, 0x6f, 0xff, 0x0, 0x20,
    0x3, 0x24, 0x32, 0x26, 0x26, 0x2c, 0x64, 0x2c,
    0x60, 0x38, 0x40, 0x30, 0xcf, 0xe0, 0x47, 0x0,

    /* U+6D9B "涛" */
    0x0, 0xc0, 0x60, 0xc0, 0x37, 0xfe, 0x0, 0xc0,
    0x0, 0x80, 0x87, 0xfe, 0xe0, 0x80, 0x20, 0x80,
    0xf, 0xff, 0x1, 0xc, 0x21, 0xfe, 0x22, 0xc,
    0x66, 0xcc, 0x6c, 0x4c, 0xc8, 0xc, 0x40, 0x18,

    /* U+6DC6 "淆" */
    0x0, 0x18, 0x86, 0x61, 0xc7, 0x81, 0xd, 0xc0,
    0xf0, 0xd0, 0x10, 0x3b, 0xff, 0x90, 0x80, 0x3,
    0x0, 0xf, 0xf1, 0xb8, 0x23, 0xdf, 0xc6, 0x20,
    0x88, 0x7f, 0x30, 0x82, 0x61, 0x4, 0x42, 0x18,

    /* U+6DDE "淞" */
    0x2, 0x4, 0x62, 0x34, 0x32, 0x34, 0x12, 0x24,
    0xf, 0xa6, 0xc2, 0x62, 0x72, 0x53, 0x7, 0x5b,
    0x7, 0x98, 0x2e, 0x90, 0x2a, 0x10, 0x3a, 0x34,
    0x6a, 0x24, 0x42, 0x62, 0xc2, 0x5e, 0xc2, 0xf2,
    0x42, 0x2,

    /* U+6DE1 "淡" */
    0x0, 0x40, 0x22, 0x64, 0x32, 0x46, 0x12, 0x4c,
    0x2, 0xe0, 0x0, 0xf8, 0x61, 0x8e, 0x37, 0x62,
    0x6, 0x60, 0x0, 0x46, 0x22, 0x6c, 0x32, 0x60,
    0x20, 0xd0, 0x61, 0xd8, 0x63, 0x8e, 0x4e, 0x6,
    0x4, 0x0,

    /* U+6DF1 "深" */
    0x0, 0x0, 0x77, 0xff, 0x14, 0x3, 0x4, 0x13,
    0x0, 0x98, 0x41, 0x8c, 0x62, 0x6, 0x24, 0x44,
    0x0, 0x40, 0x27, 0xfe, 0x31, 0xe0, 0x31, 0x50,
    0x23, 0x58, 0x66, 0x4c, 0x6c, 0x47, 0xc8, 0x40,
    0x0, 0x40,

    /* U+6DF7 "混" */
    0x67, 0xfc, 0x68, 0x8, 0x50, 0x10, 0x3f, 0xe0,
    0x40, 0x58, 0x80, 0x9d, 0xff, 0x10, 0x0, 0x4,
    0x20, 0x48, 0x48, 0x9e, 0xf1, 0x21, 0x86, 0x4a,
    0x28, 0xf4, 0x71, 0x8f, 0x80,

    /* U+6E05 "清" */
    0x0, 0x0, 0x80, 0x81, 0xdf, 0xf9, 0x82, 0x0,
    0x7f, 0xd0, 0x8, 0x3b, 0xff, 0xb0, 0x0, 0x0,
    0x0, 0x7, 0xf8, 0x88, 0x13, 0x1f, 0xe6, 0x20,
    0x48, 0x7f, 0xb0, 0x81, 0x21, 0xe,

    /* U+6E29 "温" */
    0x0, 0x0, 0x63, 0xfe, 0x3a, 0x6, 0x12, 0x6,
    0x3, 0xfe, 0x42, 0x6, 0x72, 0x6, 0x23, 0xfe,
    0x0, 0x0, 0x27, 0xfe, 0x24, 0x92, 0x24, 0x92,
    0x64, 0x92, 0x64, 0x92, 0x44, 0x92, 0xcf, 0xff,
    0x0, 0x0,

    /* U+6E32 "渲" */
    0x0, 0x60, 0x60, 0x60, 0x3f, 0xff, 0xc, 0x3,
    0x3, 0xfc, 0xe0, 0x0, 0x23, 0xfc, 0x2, 0x4,
    0x2, 0x4, 0x23, 0xfc, 0x32, 0x4, 0x23, 0xfc,
    0x60, 0x0, 0x60, 0x0, 0x4f, 0xff, 0x0, 0x0,

    /* U+6E7F "湿" */
    0x63, 0xfc, 0x32, 0x4, 0x12, 0x4, 0x3, 0xfc,
    0xc2, 0x4, 0xe2, 0x4, 0x23, 0xfc, 0x0, 0x90,
    0x0, 0x90, 0x34, 0x96, 0x26, 0x96, 0x66, 0x94,
    0x60, 0x90, 0x40, 0x90, 0xcf, 0xff, 0x40, 0x0,

    /* U+6E83 "溃" */
    0x0, 0x60, 0x80, 0x81, 0xdf, 0xf0, 0x22, 0x20,
    0x7f, 0xd8, 0x8, 0x38, 0x10, 0x37, 0xff, 0x0,
    0x0, 0xf, 0xf8, 0x90, 0x11, 0x22, 0x26, 0x48,
    0x48, 0x14, 0x30, 0xef, 0x27, 0x7, 0x8, 0x0,

    /* U+6E90 "源" */
    0x0, 0x0, 0x67, 0xff, 0x3e, 0x10, 0x16, 0x10,
    0x6, 0x10, 0x6, 0xfe, 0xe6, 0xc2, 0x26, 0xfe,
    0x6, 0xc2, 0x6, 0xc2, 0x26, 0xfe, 0x24, 0x10,
    0x6c, 0xd2, 0x6d, 0x92, 0x5b, 0x13, 0xd1, 0x70,
    0x0, 0x30,

    /* U+6ED1 "滑" */
    0x23, 0xfc, 0x32, 0x4, 0x12, 0x4, 0x3, 0xe4,
    0x42, 0x24, 0x6f, 0xff, 0x8, 0x1, 0xb, 0xfd,
    0x22, 0x4, 0x32, 0x4, 0x23, 0xfc, 0x62, 0x4,
    0x63, 0xfc, 0xc2, 0x4, 0x42, 0x1c,

    /* U+6EDA "滚" */
    0x0, 0x60, 0x70, 0x60, 0x37, 0xff, 0x0, 0x8,
    0x3, 0xc, 0xc6, 0xc7, 0x64, 0x9a, 0x23, 0xc,
    0x3, 0xf4, 0x20, 0x80, 0x31, 0x26, 0x27, 0x3c,
    0x6d, 0x18, 0x69, 0x4c, 0xe1, 0xc7, 0x1, 0x2,

    /* U+6EDE "滞" */
    0x2, 0x48, 0xc4, 0x90, 0xff, 0xf8, 0x12, 0x44,
    0x24, 0x8c, 0x0, 0x1b, 0xff, 0x84, 0x21, 0x8,
    0x40, 0x4f, 0xf8, 0x99, 0x13, 0x32, 0x26, 0x64,
    0x58, 0xc9, 0x90, 0x10, 0x0, 0x20,

    /* U+6EE1 "满" */
    0x0, 0x90, 0xc1, 0x20, 0xdf, 0xf8, 0x4, 0x80,
    0x9, 0x8, 0x0, 0x3b, 0xff, 0x90, 0x48, 0x7,
    0xfe, 0x49, 0x24, 0x93, 0x4b, 0x27, 0xd6, 0x5a,
    0xe8, 0x84, 0x71, 0x0, 0xa2, 0x7,

    /* U+6EE4 "滤" */
    0x40, 0x80, 0xc1, 0xf8, 0x82, 0x0, 0x7f, 0xf0,
    0x88, 0x79, 0x1e, 0x3a, 0xf8, 0x4, 0x46, 0x8,
    0xf8, 0x90, 0x41, 0xaa, 0x92, 0x55, 0xbd, 0x28,
    0x3a, 0xd3, 0x2c, 0x3c, 0x0,

    /* U+6EE8 "滨" */
    0x0, 0x60, 0x60, 0x60, 0x37, 0xfe, 0x14, 0x2,
    0x4, 0x12, 0x1, 0xf8, 0xc3, 0x0, 0x23, 0x0,
    0x3, 0xfc, 0x3, 0x10, 0x33, 0x10, 0x2f, 0xff,
    0x60, 0x0, 0x61, 0x98, 0xc7, 0xe, 0x4c, 0x6,

    /* U+6EF4 "滴" */
    0x0, 0x60, 0x40, 0x40, 0xff, 0xf8, 0x80, 0x80,
    0x19, 0x80, 0x12, 0x3d, 0xff, 0x92, 0x31, 0x5,
    0xfa, 0x48, 0xc4, 0xd1, 0x89, 0x27, 0x92, 0x49,
    0x2c, 0x9e, 0x59, 0x0, 0xa2, 0x7, 0x4, 0xe,

    /* U+6F0F "漏" */
    0x4f, 0xfd, 0xd0, 0x9, 0xa0, 0x10, 0x7f, 0xe0,
    0x80, 0x1d, 0x7f, 0xda, 0x8, 0x4, 0x10, 0xb,
    0xfe, 0x94, 0x4d, 0xaa, 0xba, 0x51, 0x35, 0x2b,
    0xfa, 0x54, 0xfc, 0x8b, 0x80,

    /* U+6F47 "潇" */
    0x2, 0x10, 0x43, 0x10, 0x7f, 0xfe, 0x3, 0x10,
    0x0, 0x40, 0x7, 0xfc, 0x60, 0x44, 0x2f, 0xff,
    0x0, 0x44, 0x7, 0xfc, 0x20, 0x40, 0x20, 0x40,
    0x6d, 0x44, 0x4b, 0x54, 0x4a, 0x54, 0x58, 0x44,
    0x0, 0x4,

    /* U+6F88 "澈" */
    0x43, 0x18, 0xe1, 0x18, 0x2f, 0xd0, 0x2, 0x1f,
    0x4, 0xa4, 0xef, 0xe4, 0x20, 0x4, 0xf, 0xb4,
    0xc, 0x94, 0x2f, 0x9c, 0x6c, 0x98, 0x6f, 0x98,
    0x4c, 0x9c, 0xcc, 0xb6, 0xcd, 0xe2,

    /* U+7070 "灰" */
    0xc, 0x0, 0x10, 0x3, 0xff, 0xf8, 0xc0, 0x1,
    0x8c, 0x2, 0x18, 0x85, 0xb3, 0x1a, 0x64, 0x34,
    0xd8, 0x41, 0x81, 0x83, 0x83, 0xd, 0xc, 0x33,
    0x99, 0xc3, 0xc7, 0x1, 0x80, 0x0,

    /* U+70B8 "炸" */
    0x10, 0x60, 0x20, 0x80, 0x43, 0x0, 0xa7, 0xf5,
    0x6c, 0xb, 0xb8, 0x16, 0x50, 0x69, 0xa0, 0xd2,
    0x7e, 0x20, 0x80, 0x41, 0x0, 0xc2, 0x3, 0x67,
    0xe4, 0x8, 0x18, 0x10, 0x30, 0x20, 0x0, 0x40,

    /* U+70B9 "点" */
    0x3, 0x0, 0x3, 0x0, 0x3, 0xfe, 0x3, 0x0,
    0x3, 0x0, 0x1f, 0xf8, 0x10, 0x8, 0x10, 0x8,
    0x10, 0x8, 0x1f, 0xf8, 0x0, 0x0, 0x20, 0x4c,
    0x24, 0x66, 0x64, 0x66, 0xc4, 0x42,

    /* U+70E7 "烧" */
    0x0, 0xc0, 0x8, 0x60, 0x4, 0x37, 0xc2, 0x7e,
    0x1, 0x36, 0x62, 0xe3, 0x61, 0x60, 0xe0, 0xa3,
    0xf6, 0x53, 0x87, 0x28, 0x0, 0x4, 0xff, 0xc7,
    0x19, 0x2, 0xcc, 0x81, 0x26, 0x49, 0x86, 0x27,
    0x9e, 0x1e, 0x4, 0x0, 0x0,

    /* U+70ED "热" */
    0x10, 0x60, 0x10, 0x60, 0x10, 0x40, 0xfd, 0xf8,
    0x10, 0x48, 0x10, 0x48, 0x3d, 0xc8, 0xf0, 0xc8,
    0x91, 0xea, 0x11, 0x2b, 0x76, 0x6, 0x0, 0x0,
    0x64, 0xcc, 0x6c, 0x44, 0xc4, 0x46, 0xc4, 0x66,

    /* U+710A "焊" */
    0x30, 0x0, 0x43, 0xf8, 0x84, 0x11, 0x48, 0x22,
    0xdf, 0xd7, 0x20, 0xa8, 0x41, 0x50, 0xfe, 0xa0,
    0x0, 0x47, 0xfc, 0xc0, 0x83, 0x41, 0x4, 0x7f,
    0xe8, 0x4, 0x30, 0x8, 0x40, 0x10, 0x0, 0x20,

    /* U+7136 "然" */
    0x18, 0x20, 0x20, 0x50, 0xfc, 0xb1, 0x19, 0x6,
    0xaf, 0xf9, 0xc4, 0xd, 0x94, 0xe, 0x28, 0xc,
    0xd8, 0x73, 0x1d, 0x8c, 0x8, 0x0, 0x22, 0x64,
    0xcc, 0xcc, 0xd1, 0x99, 0x80,

    /* U+7167 "照" */
    0x7d, 0xfc, 0x88, 0xc9, 0x11, 0x12, 0x26, 0x27,
    0xd9, 0xc8, 0xa0, 0x11, 0x3f, 0x22, 0x42, 0x7c,
    0x84, 0x89, 0xf8, 0x0, 0x3, 0x26, 0x64, 0x44,
    0x78, 0x88, 0xc0, 0x0, 0x0,

    /* U+7206 "爆" */
    0x23, 0xfc, 0x22, 0x4, 0x23, 0xfc, 0x2a, 0x4,
    0xb3, 0xfc, 0xa0, 0x90, 0xa3, 0xfe, 0xa0, 0x90,
    0x27, 0xff, 0x31, 0x98, 0x3b, 0x2f, 0x4f, 0x2b,
    0x40, 0xf8, 0xc3, 0xac, 0x80, 0x24, 0x0, 0x40,

    /* U+723D "爽" */
    0x1, 0x80, 0x1, 0x80, 0xff, 0xff, 0x1, 0x80,
    0x5, 0xbc, 0x39, 0x98, 0x39, 0xbc, 0x65, 0x80,
    0x9, 0x90, 0x29, 0x9e, 0x11, 0x8c, 0x6b, 0xd2,
    0x6, 0x60, 0xc, 0x38, 0x78, 0x1f, 0xe0, 0x6,

    /* U+7247 "片" */
    0x0, 0x60, 0x20, 0xc0, 0x41, 0x80, 0x83, 0x1,
    0x6, 0x3, 0xff, 0xc4, 0x0, 0x8, 0x0, 0x10,
    0x0, 0x3f, 0xe0, 0x40, 0xc1, 0x81, 0x82, 0x3,
    0x4, 0x6, 0x18, 0xc, 0x60, 0x18, 0x0, 0x30,

    /* U+7248 "版" */
    0x8, 0x4, 0x49, 0xfe, 0x49, 0x0, 0x49, 0x0,
    0x49, 0xfe, 0x7d, 0xfe, 0x41, 0x44, 0x41, 0x44,
    0x79, 0x4c, 0x49, 0x6c, 0x49, 0x28, 0x4b, 0x38,
    0x4a, 0x38, 0xca, 0x6e, 0x87, 0xc7, 0x0, 0x80,

    /* U+724C "牌" */
    0x0, 0x30, 0x8, 0x20, 0x49, 0xfe, 0x49, 0x12,
    0x49, 0x12, 0x49, 0x12, 0x7d, 0xfe, 0x41, 0x32,
    0x41, 0xfe, 0x79, 0xfe, 0x48, 0x48, 0x48, 0x88,
    0x4b, 0xff, 0xc8, 0x8, 0x88, 0x8, 0x8, 0x8,
    0x0, 0x8,

    /* U+7269 "物" */
    0x8, 0x40, 0x8, 0xc0, 0x68, 0x80, 0x68, 0xff,
    0x7d, 0x6b, 0x6b, 0x6b, 0x48, 0x4b, 0x48, 0x5b,
    0xa, 0xdb, 0xe, 0x92, 0xf9, 0x92, 0x6b, 0x32,
    0x8, 0x22, 0x8, 0x62, 0x9, 0xde, 0x9, 0x8c,
    0x8, 0x0,

    /* U+72B6 "状" */
    0x8, 0x30, 0x8, 0x36, 0x48, 0x36, 0x68, 0x30,
    0x69, 0xff, 0x8, 0x30, 0x8, 0x30, 0x38, 0x30,
    0x28, 0x30, 0x68, 0x78, 0xc8, 0x78, 0xc8, 0xcc,
    0x8, 0xcc, 0x9, 0x87, 0xb, 0x83, 0x9, 0x0,

    /* U+72EC "独" */
    0x44, 0x20, 0x6c, 0x20, 0x38, 0x20, 0x31, 0xfe,
    0x79, 0x22, 0x49, 0x22, 0x19, 0x22, 0x19, 0x22,
    0x29, 0xfe, 0xe9, 0x22, 0x49, 0x20, 0x8, 0x22,
    0x8, 0x22, 0x1b, 0xff, 0x33, 0xe1, 0x0, 0x0,

    /* U+7387 "率" */
    0x1, 0x0, 0x2, 0x3, 0xff, 0xf8, 0x10, 0x4,
    0x64, 0x4e, 0x9b, 0xc3, 0xe0, 0x1, 0xa4, 0x34,
    0x5d, 0xdf, 0xcd, 0x24, 0x80, 0x8, 0xf, 0xff,
    0xe0, 0x20, 0x0, 0x40, 0x0, 0x80, 0x3, 0x0,

    /* U+738B "王" */
    0x7f, 0xfe, 0x1, 0x80, 0x1, 0x80, 0x1, 0x80,
    0x1, 0x80, 0x1, 0x80, 0x3f, 0xfc, 0x1, 0x80,
    0x1, 0x80, 0x1, 0x80, 0x1, 0x80, 0x1, 0x80,
    0xff, 0xff,

    /* U+73AF "环" */
    0x7d, 0xff, 0x8, 0x18, 0x4, 0xc, 0x2, 0x6,
    0x7, 0xc3, 0x0, 0x83, 0xe0, 0x41, 0xd8, 0x21,
    0xe4, 0x10, 0xb3, 0xe, 0xd8, 0xfe, 0xcc, 0x8,
    0x46, 0x0, 0x3, 0x0, 0x1, 0x80, 0x0, 0xc0,

    /* U+73B0 "现" */
    0x3, 0xfc, 0xfb, 0xfc, 0x22, 0x4, 0x22, 0x24,
    0x22, 0x44, 0x22, 0x44, 0xfa, 0x44, 0x22, 0x44,
    0x22, 0x44, 0x20, 0x60, 0x20, 0xa0, 0x39, 0xa0,
    0xf3, 0x22, 0x86, 0x22, 0x1c, 0x3e,

    /* U+73ED "班" */
    0x0, 0xc0, 0xf8, 0xbe, 0x20, 0x88, 0x20, 0x88,
    0x22, 0x88, 0x22, 0x88, 0x22, 0x88, 0xf2, 0xbe,
    0x22, 0x88, 0x20, 0x88, 0x21, 0x88, 0x21, 0x88,
    0x7b, 0x8, 0xc6, 0x7f, 0x2, 0x0,

    /* U+7406 "理" */
    0x1, 0x2, 0x3e, 0xff, 0x4, 0x44, 0x82, 0x22,
    0x41, 0x1f, 0xe0, 0x88, 0x91, 0xf4, 0x48, 0xfa,
    0x24, 0x11, 0xfe, 0x8, 0x8, 0x5, 0x7f, 0x83,
    0x82, 0x7, 0x81, 0x3, 0x0, 0x80, 0xf, 0xfe,

    /* U+7434 "琴" */
    0x7f, 0x7e, 0x8, 0x10, 0x8, 0x10, 0x3e, 0x7c,
    0x8, 0x10, 0x8, 0x10, 0x7f, 0xfe, 0x3, 0xc0,
    0x4, 0x60, 0x39, 0x9f, 0x60, 0x6, 0x1f, 0xf0,
    0x0, 0x30, 0x0, 0x20, 0x0, 0xe0,

    /* U+7436 "琶" */
    0xfd, 0xfc, 0x60, 0x43, 0xf3, 0xf1, 0x81, 0x3,
    0x2, 0x1f, 0xbf, 0x80, 0x0, 0x3f, 0xfc, 0x42,
    0x18, 0x84, 0x31, 0xff, 0xe2, 0x0, 0x4, 0x0,
    0x67, 0xff, 0x80,

    /* U+751F "生" */
    0x0, 0xc0, 0x10, 0xc0, 0x18, 0xc0, 0x18, 0xc0,
    0x3f, 0xfe, 0x20, 0xc0, 0x60, 0xc0, 0xc0, 0xc0,
    0x0, 0xc0, 0x1f, 0xfc, 0x0, 0xc0, 0x0, 0xc0,
    0x0, 0xc0, 0x0, 0xc0, 0x7f, 0xff,

    /* U+7528 "用" */
    0x3f, 0xfc, 0x84, 0x32, 0x10, 0xc8, 0x43, 0x3f,
    0xfc, 0x84, 0x32, 0x10, 0xc8, 0x43, 0x3f, 0xfc,
    0x84, 0x32, 0x10, 0xd8, 0x43, 0x41, 0xf, 0x0,
    0xf4, 0x1, 0x0,

    /* U+7531 "由" */
    0x6, 0x0, 0x30, 0x1, 0x81, 0xff, 0xf8, 0x61,
    0xc3, 0xe, 0x18, 0x70, 0xc3, 0xff, 0xfc, 0x30,
    0xe1, 0x87, 0xc, 0x38, 0x61, 0xff, 0xfe, 0x0,
    0x60,

    /* U+7535 "电" */
    0x6, 0x0, 0x8, 0x0, 0x10, 0x7, 0xff, 0x88,
    0x43, 0x10, 0x86, 0x21, 0xc, 0x7f, 0xf8, 0x84,
    0x31, 0x8, 0x63, 0xff, 0xc4, 0x21, 0x88, 0x40,
    0x0, 0x80, 0xc1, 0x1, 0x1, 0xfe,

    /* U+753B "画" */
    0xff, 0xf8, 0x0, 0x0, 0x0, 0x7, 0xf0, 0x12,
    0x42, 0x49, 0x29, 0xfc, 0xa4, 0x92, 0x92, 0x4a,
    0x7f, 0x28, 0x0, 0xa0, 0x2, 0xff, 0xf8, 0x0,
    0x20, 0x0, 0x80,

    /* U+754C "界" */
    0x3f, 0xfc, 0x30, 0x84, 0x30, 0x84, 0x3f, 0xfc,
    0x30, 0x84, 0x30, 0x84, 0x30, 0x84, 0x3f, 0xfc,
    0x6, 0x20, 0x1c, 0x18, 0x76, 0x3f, 0xc6, 0x33,
    0x6, 0x30, 0xc, 0x30, 0x38, 0x30, 0x60, 0x30,

    /* U+7559 "留" */
    0xc, 0x0, 0xff, 0xfd, 0x1, 0x9a, 0x63, 0x34,
    0xe6, 0x6f, 0x58, 0xb8, 0x67, 0x20, 0x80, 0x7f,
    0xfc, 0xc2, 0x9, 0xff, 0xf3, 0x8, 0x26, 0x10,
    0x4f, 0xff, 0x98, 0x1, 0x30, 0x0,

    /* U+7565 "略" */
    0x0, 0x40, 0x1, 0x83, 0xf3, 0xe5, 0x2c, 0x4a,
    0x75, 0x94, 0x8a, 0x3f, 0x1c, 0x52, 0xef, 0xa5,
    0x8d, 0x49, 0xf2, 0x92, 0x27, 0xe4, 0x48, 0x48,
    0x90, 0x9f, 0x0, 0x22, 0x0, 0x44,

    /* U+767D "白" */
    0xe, 0x0, 0x60, 0x2, 0x1, 0xff, 0xfc, 0x1,
    0xe0, 0xf, 0x0, 0x78, 0x3, 0xff, 0xfe, 0x0,
    0xf0, 0x7, 0x80, 0x3c, 0x1, 0xff, 0xff, 0x0,
    0x78, 0x3,

    /* U+767E "百" */
    0xff, 0xfe, 0x6, 0x0, 0xc, 0x0, 0x10, 0x3,
    0xff, 0x86, 0x3, 0xc, 0x6, 0x18, 0xc, 0x3f,
    0xf8, 0x60, 0x30, 0xc0, 0x61, 0x80, 0xc3, 0xff,
    0x86, 0x3, 0xc, 0x0, 0x0,

    /* U+7684 "的" */
    0x10, 0x60, 0x60, 0x80, 0xc1, 0x7, 0xf7, 0xfc,
    0x68, 0x78, 0xf0, 0xf1, 0x81, 0xff, 0x23, 0xc6,
    0x67, 0x8c, 0xcf, 0x18, 0x1e, 0x30, 0x3f, 0xe0,
    0x78, 0xc7, 0xf1, 0x87, 0x0,

    /* U+7693 "皓" */
    0x0, 0x0, 0x62, 0x41, 0x84, 0x83, 0x9, 0x6f,
    0xbf, 0xd1, 0x44, 0x22, 0x8, 0x45, 0xff, 0xf8,
    0x1, 0x10, 0x2, 0x27, 0xf4, 0x48, 0x2f, 0x90,
    0x51, 0x20, 0xa2, 0x7f, 0x44, 0x82, 0x1, 0x4,

    /* U+76CA "益" */
    0x4, 0x30, 0xc, 0x30, 0x6, 0x20, 0x7f, 0xfe,
    0x0, 0x0, 0xe, 0x78, 0x38, 0x1e, 0xe0, 0x2,
    0x3f, 0xfc, 0x32, 0x4c, 0x32, 0x4c, 0x32, 0x4c,
    0x32, 0x4c, 0x32, 0x4c, 0xff, 0xff,

    /* U+76D1 "监" */
    0x4, 0x30, 0x24, 0x60, 0x24, 0x60, 0x24, 0x7f,
    0x24, 0xc0, 0x24, 0x98, 0x25, 0x9c, 0x24, 0x4,
    0x0, 0x0, 0x3f, 0xfc, 0x24, 0x44, 0x24, 0x44,
    0x24, 0x44, 0x24, 0x44, 0xff, 0xff,

    /* U+76D6 "盖" */
    0x0, 0x40, 0xc, 0x60, 0x4, 0x40, 0x7f, 0xfc,
    0x1, 0x0, 0x3f, 0xf8, 0x1, 0x0, 0x7f, 0xfe,
    0x7f, 0xfe, 0x0, 0x0, 0x3f, 0xfc, 0x24, 0xcc,
    0x24, 0xcc, 0x24, 0xcc, 0x24, 0xcc, 0xff, 0xff,

    /* U+76DB "盛" */
    0x0, 0xd8, 0x0, 0xc8, 0x3f, 0xfe, 0x20, 0x40,
    0x20, 0x48, 0x3f, 0x5c, 0x21, 0x38, 0x21, 0x30,
    0x67, 0x72, 0x41, 0xce, 0xc0, 0x6, 0x3f, 0xf8,
    0x32, 0x48, 0x32, 0x48, 0x32, 0x48, 0xff, 0xfe,

    /* U+76EE "目" */
    0xff, 0xf8, 0xf, 0x1, 0xe0, 0x3f, 0xff, 0x80,
    0xf0, 0x1e, 0x3, 0xff, 0xf8, 0xf, 0x1, 0xe0,
    0x3f, 0xff, 0x80, 0xc0,

    /* U+76F4 "直" */
    0x1, 0x80, 0x1, 0x0, 0x7f, 0xfe, 0x1, 0x0,
    0x19, 0x38, 0x1f, 0xf8, 0x10, 0x8, 0x1f, 0xf8,
    0x10, 0x8, 0x10, 0x8, 0x1f, 0xf8, 0x10, 0x8,
    0x1f, 0xf8, 0x10, 0x8, 0x10, 0x8, 0xff, 0xff,

    /* U+76F8 "相" */
    0x10, 0x0, 0x20, 0x0, 0x43, 0xf8, 0x84, 0x1f,
    0xe8, 0x3f, 0xd0, 0x44, 0x3f, 0x98, 0x41, 0x3c,
    0x82, 0x6d, 0x5, 0x43, 0xfe, 0x84, 0x19, 0x8,
    0x22, 0x10, 0x44, 0x3f, 0x88, 0x41, 0x10, 0x82,

    /* U+770B "看" */
    0x0, 0x6, 0x1f, 0xff, 0x80, 0x60, 0x3, 0xff,
    0xc0, 0x10, 0x3, 0xff, 0xfc, 0x18, 0x0, 0x1f,
    0xfc, 0x1c, 0x6, 0x1b, 0xff, 0x19, 0x1, 0x80,
    0xff, 0xc0, 0x40, 0x60, 0x20, 0x30, 0x1f, 0xf8,
    0x8, 0xc,

    /* U+771F "真" */
    0x1, 0x80, 0x3, 0x1, 0xff, 0xf8, 0x8, 0x1,
    0xff, 0x82, 0x3, 0x7, 0xfe, 0x8, 0xc, 0x1f,
    0xf8, 0x20, 0x30, 0x7f, 0xe0, 0x80, 0xcf, 0xff,
    0xe0, 0x84, 0x7, 0xf, 0x30, 0x6,

    /* U+77AC "瞬" */
    0x0, 0x1d, 0xef, 0xfe, 0x45, 0x94, 0x8b, 0x4f,
    0x7f, 0xf2, 0x80, 0x64, 0x2, 0xf9, 0x1e, 0xf7,
    0xbf, 0x29, 0x52, 0x5a, 0xa7, 0x9d, 0xf9, 0x10,
    0x92, 0x61, 0x23, 0x82, 0x2, 0x4,

    /* U+77AD "瞭" */
    0x0, 0x60, 0x0, 0x60, 0xf7, 0xfe, 0x90, 0xe0,
    0x94, 0x94, 0x97, 0x9c, 0xf3, 0x8, 0x97, 0xff,
    0x9a, 0x4, 0xf3, 0xfc, 0x92, 0x4, 0x92, 0x4,
    0x93, 0xfc, 0xf3, 0x68, 0x96, 0x6c, 0x9, 0xe2,
    0x0, 0xc0,

    /* U+77E5 "知" */
    0x30, 0x0, 0x40, 0x0, 0x81, 0xfb, 0xf2, 0x14,
    0x84, 0x39, 0x8, 0x42, 0x10, 0x84, 0x21, 0xff,
    0x42, 0x30, 0x84, 0x61, 0x8, 0xe2, 0x13, 0xe4,
    0x26, 0xef, 0xd8, 0xd0, 0xe0, 0x21, 0x0, 0x0,

    /* U+77ED "短" */
    0x60, 0x0, 0x30, 0xff, 0x97, 0x80, 0xf, 0xc0,
    0xd, 0x8f, 0xe0, 0xc4, 0x10, 0x62, 0x9, 0xfd,
    0xfc, 0x10, 0x0, 0xc, 0x21, 0x8f, 0x11, 0x86,
    0xcc, 0xc6, 0x26, 0x43, 0x0, 0x63, 0xf, 0xfe,
    0x0, 0x0,

    /* U+7801 "码" */
    0x0, 0xfd, 0xfd, 0xf8, 0x40, 0x11, 0x80, 0x23,
    0x4, 0xcc, 0x9, 0x9f, 0x93, 0x73, 0x66, 0xe6,
    0xfe, 0xcc, 0x5, 0x98, 0xb, 0xff, 0xd6, 0x60,
    0x2c, 0x0, 0x58, 0x7, 0x80, 0x6,

    /* U+7814 "研" */
    0x7e, 0xff, 0x18, 0x24, 0x10, 0x24, 0x10, 0x24,
    0x3e, 0x24, 0x7e, 0x24, 0x66, 0xff, 0x66, 0x24,
    0x26, 0x24, 0x26, 0x24, 0x3e, 0x64, 0x26, 0x44,
    0x20, 0xc4, 0x23, 0x84, 0x0, 0x84,

    /* U+783A "砺" */
    0x0, 0xff, 0x7e, 0xff, 0x10, 0x80, 0x10, 0x80,
    0x30, 0xff, 0x30, 0x90, 0x7d, 0x90, 0xe5, 0x9e,
    0xa5, 0x92, 0x25, 0x92, 0x25, 0x22, 0x3d, 0x22,
    0x27, 0x62, 0x3, 0x4e, 0x6, 0x8c,

    /* U+786C "硬" */
    0x7d, 0xff, 0x3e, 0x8, 0x4, 0x4, 0x2, 0x3f,
    0xc3, 0x9, 0x21, 0xe4, 0x90, 0xf3, 0xf8, 0xc9,
    0x24, 0x64, 0x92, 0x12, 0xff, 0x9, 0x24, 0x7,
    0x9a, 0x2, 0x46, 0x1, 0x7, 0xc0, 0xf, 0x3c,

    /* U+786E "确" */
    0x0, 0x20, 0x0, 0x60, 0x7e, 0xfe, 0x10, 0x8c,
    0x11, 0x8, 0x30, 0xff, 0x3c, 0x91, 0x24, 0x91,
    0x64, 0xff, 0xe4, 0x91, 0xa4, 0x91, 0x24, 0xff,
    0x3d, 0x91, 0x25, 0x91, 0x25, 0x11, 0x23, 0x17,
    0x0, 0x0,

    /* U+78B0 "碰" */
    0x0, 0x8, 0x0, 0xc8, 0xfc, 0xc8, 0xff, 0xff,
    0x30, 0x48, 0x20, 0x48, 0x61, 0x4b, 0x7d, 0x4a,
    0xed, 0x4a, 0xed, 0x4a, 0xed, 0x4a, 0x6d, 0x4e,
    0x7c, 0x48, 0x6c, 0x48, 0x60, 0x48, 0x63, 0xff,

    /* U+78CA "磊" */
    0x3f, 0xff, 0x1, 0x0, 0x1, 0xff, 0x1, 0x81,
    0x83, 0x40, 0xc1, 0x3f, 0xe0, 0x0, 0x0, 0xfe,
    0xff, 0x18, 0x10, 0xf, 0x9f, 0x8c, 0x98, 0x5e,
    0x54, 0x23, 0xe3, 0xf1, 0x99, 0x8,

    /* U+78E8 "磨" */
    0x0, 0x40, 0x0, 0xc0, 0x3f, 0xff, 0x20, 0x0,
    0x22, 0x8, 0x2f, 0xbf, 0x26, 0x18, 0x26, 0xac,
    0x2a, 0x6b, 0x2a, 0xc8, 0x2f, 0xff, 0x21, 0x0,
    0x63, 0xfc, 0x4e, 0x4, 0x5a, 0x4, 0xc3, 0xfc,
    0x2, 0x4,

    /* U+793A "示" */
    0x3f, 0xfc, 0x0, 0x0, 0x0, 0x0, 0x0, 0x0,
    0xff, 0xff, 0x1, 0x80, 0x1, 0x80, 0x19, 0x98,
    0x11, 0x9c, 0x31, 0x8c, 0x61, 0x86, 0xc1, 0x83,
    0x7, 0x82, 0x7, 0x80,

    /* U+795E "神" */
    0x10, 0x10, 0x20, 0x20, 0x60, 0x40, 0xf, 0xf7,
    0xd1, 0x21, 0x22, 0x46, 0x44, 0x88, 0xff, 0x39,
    0x12, 0xea, 0x27, 0x54, 0x48, 0x8f, 0xf1, 0x11,
    0x22, 0x22, 0x4, 0x4, 0x8, 0x8, 0x10, 0x10,

    /* U+7981 "禁" */
    0x8, 0x10, 0x8, 0x10, 0xff, 0x7f, 0x18, 0x38,
    0x1a, 0x58, 0x2a, 0xd6, 0xc9, 0x93, 0x0, 0x0,
    0x1f, 0xf8, 0x0, 0x0, 0xff, 0xff, 0x0, 0x80,
    0x8, 0x98, 0x1c, 0x9c, 0x70, 0x84, 0x3, 0x80,

    /* U+79BB "离" */
    0x1, 0x80, 0x1, 0x80, 0xff, 0xff, 0x4, 0x20,
    0x33, 0xc4, 0x27, 0x64, 0x24, 0x4, 0x3f, 0xfc,
    0x1, 0x0, 0x1, 0x0, 0x7f, 0xfe, 0x46, 0x6,
    0x4c, 0x26, 0x4f, 0xf6, 0x40, 0x6, 0x40, 0xe,

    /* U+79D1 "科" */
    0x2, 0x4, 0x3f, 0x4, 0x28, 0x64, 0x8, 0x24,
    0x8, 0x24, 0x7e, 0x4, 0x8, 0x44, 0x1c, 0x64,
    0x1a, 0x4, 0x2a, 0x3f, 0x68, 0xf4, 0x48, 0x4,
    0x8, 0x4, 0x8, 0x4, 0x8, 0x4, 0x0, 0x4,

    /* U+79D2 "秒" */
    0x4, 0x20, 0x7c, 0x20, 0x10, 0x20, 0x11, 0xac,
    0xfd, 0xa6, 0xfd, 0x26, 0x11, 0x22, 0x3d, 0x24,
    0x36, 0x2c, 0x52, 0x28, 0xd0, 0x18, 0x90, 0x30,
    0x10, 0x70, 0x11, 0xc0, 0x17, 0x80,

    /* U+79EF "积" */
    0x4, 0x0, 0xfd, 0xfb, 0xc2, 0x10, 0x84, 0x21,
    0x8, 0x5f, 0x90, 0x84, 0x21, 0x18, 0x42, 0x38,
    0xfc, 0xe8, 0x1, 0x50, 0x26, 0x86, 0x49, 0x8,
    0xc2, 0x30, 0xc4, 0xc0, 0x89, 0x0,

    /* U+79F0 "称" */
    0x0, 0xc0, 0x39, 0x81, 0xe3, 0x0, 0x87, 0xf1,
    0x8, 0x42, 0x30, 0xbf, 0x4b, 0x18, 0x10, 0x30,
    0x20, 0x7a, 0x51, 0x56, 0xb6, 0x89, 0x2d, 0x32,
    0x72, 0x44, 0xc5, 0x88, 0x8, 0x70, 0x10, 0x60,

    /* U+79FB "移" */
    0x0, 0x60, 0xc, 0x40, 0x78, 0xfe, 0x10, 0x84,
    0x11, 0x4c, 0x11, 0x58, 0xfc, 0x30, 0x10, 0xe0,
    0x33, 0xb0, 0x3c, 0x7f, 0x54, 0xc2, 0xd3, 0xa6,
    0x90, 0x3c, 0x10, 0x18, 0x10, 0xf0, 0x13, 0xc0,

    /* U+7A0B "程" */
    0x8, 0x1, 0xf9, 0xf9, 0x42, 0x10, 0x84, 0x21,
    0x8, 0x5f, 0x9f, 0x84, 0x0, 0x1c, 0xff, 0x34,
    0x20, 0xa8, 0x43, 0x43, 0xf4, 0x81, 0x1, 0x2,
    0x2, 0x4, 0x4, 0xff, 0x80,

    /* U+7A33 "稳" */
    0x0, 0x80, 0x7, 0x60, 0x1e, 0x3f, 0x8a, 0x21,
    0x81, 0x11, 0x80, 0x87, 0xf9, 0xf8, 0x4, 0x21,
    0xfe, 0x3c, 0x1, 0x1b, 0x0, 0x95, 0x3f, 0xda,
    0x4, 0x1, 0x19, 0x30, 0x9c, 0x8, 0x4e, 0x16,
    0x21, 0xf8, 0x10, 0x0, 0x0,

    /* U+7A76 "究" */
    0x1, 0x0, 0x1, 0x80, 0xff, 0xfe, 0xc0, 0x6,
    0xc0, 0x6, 0x1c, 0x70, 0x32, 0x1c, 0x63, 0xc,
    0x2, 0x0, 0x7f, 0xe0, 0x6, 0x20, 0x6, 0x20,
    0xc, 0x22, 0x38, 0x27, 0xe0, 0x3e,

    /* U+7A7A "空" */
    0x3, 0x0, 0x6, 0x3, 0xff, 0xf4, 0x0, 0x28,
    0x80, 0x43, 0x9c, 0xc, 0xe, 0x30, 0x6, 0x40,
    0x4, 0x7f, 0xe0, 0xc, 0x0, 0x18, 0x0, 0x30,
    0x0, 0x60, 0x3f, 0xff, 0x80,

    /* U+7A81 "突" */
    0x3, 0x0, 0x6, 0x3, 0xff, 0xfe, 0x0, 0x3c,
    0x4c, 0x79, 0x8e, 0xc, 0x7, 0x31, 0x94, 0x2,
    0x70, 0x4, 0x43, 0xff, 0xf8, 0x3c, 0x0, 0x4c,
    0x1, 0x8c, 0xe, 0xf, 0x70, 0xf, 0x0, 0x0,

    /* U+7A97 "窗" */
    0x3, 0x0, 0x6, 0x3, 0xff, 0xfc, 0x42, 0x39,
    0x87, 0x6e, 0x63, 0x90, 0x80, 0x3f, 0xfc, 0x66,
    0x8, 0xcf, 0xd1, 0xa1, 0x23, 0x36, 0x46, 0x18,
    0x8c, 0xf9, 0x1b, 0x2, 0x3f, 0xfc, 0x60, 0x0,

    /* U+7ACB "立" */
    0x0, 0x80, 0x1, 0x80, 0x0, 0xc0, 0x0, 0x0,
    0x7f, 0xfe, 0x0, 0x0, 0x8, 0x18, 0x8, 0x18,
    0xc, 0x30, 0xc, 0x30, 0x4, 0x20, 0x6, 0x20,
    0x6, 0x60, 0x0, 0x60, 0xff, 0xff,

    /* U+7AD6 "竖" */
    0xd, 0x4, 0x9b, 0xf9, 0x36, 0x22, 0x64, 0xc4,
    0xc5, 0x9, 0x8c, 0x13, 0xf7, 0x80, 0x0, 0x1,
    0x0, 0xff, 0xf8, 0x1, 0x0, 0x43, 0x0, 0xc4,
    0x1, 0x88, 0x3f, 0xff, 0x80,

    /* U+7ADE "竞" */
    0x1, 0x80, 0x1, 0x80, 0x7f, 0xfe, 0x4, 0x20,
    0xc, 0x30, 0x4, 0x60, 0xff, 0xff, 0x0, 0x0,
    0x3f, 0xfc, 0x30, 0xc, 0x30, 0xc, 0x3f, 0xfc,
    0x6, 0x60, 0x6, 0x62, 0xc, 0x63, 0xf0, 0x7e,

    /* U+7AEF "端" */
    0x0, 0x30, 0x62, 0x64, 0xc4, 0xc9, 0x9, 0x9f,
    0xdf, 0xe0, 0x0, 0x0, 0x0, 0x7, 0xff, 0x48,
    0x30, 0x93, 0xfd, 0xe5, 0x28, 0x8a, 0x51, 0xd4,
    0xbf, 0x29, 0x70, 0x40, 0x81, 0x83,

    /* U+7B26 "符" */
    0x10, 0x30, 0x20, 0x60, 0xfc, 0xf9, 0x42, 0x44,
    0xcc, 0x98, 0x11, 0x6, 0x2, 0x8, 0x4, 0x37,
    0xfe, 0x60, 0x11, 0x44, 0x22, 0x8c, 0x41, 0xc,
    0x82, 0x1, 0x4, 0x2, 0x8, 0x1c, 0x10, 0x30,

    /* U+7B2C "第" */
    0x8, 0x10, 0x18, 0x30, 0x1f, 0x3f, 0x24, 0x48,
    0x64, 0xcc, 0x40, 0x0, 0x3f, 0xfc, 0x0, 0x84,
    0x3f, 0xfc, 0x30, 0x80, 0x30, 0x80, 0x3f, 0xfe,
    0x3, 0x82, 0x6, 0x82, 0x1c, 0x9e, 0x70, 0x88,
    0x0, 0x80,

    /* U+7B49 "等" */
    0x8, 0x30, 0x38, 0x40, 0x7d, 0xf9, 0x32, 0x46,
    0x60, 0x80, 0x10, 0x7, 0xff, 0x0, 0x40, 0x0,
    0x80, 0xff, 0xfc, 0x0, 0x40, 0x0, 0x83, 0xff,
    0xe0, 0x2, 0x1, 0x84, 0x1, 0x38, 0x0, 0x70,

    /* U+7B54 "答" */
    0x0, 0x10, 0x18, 0x30, 0x1f, 0xbf, 0x34, 0x68,
    0x64, 0x8c, 0x41, 0xc8, 0x3, 0x60, 0x6, 0x30,
    0xc, 0x1c, 0x3f, 0xef, 0x60, 0x0, 0xf, 0xf8,
    0x8, 0x8, 0x8, 0x8, 0xf, 0xf8, 0x8, 0x8,
    0x8, 0x8,

    /* U+7B56 "策" */
    0x30, 0x60, 0x40, 0xc1, 0xf9, 0xfa, 0x44, 0x8c,
    0x89, 0x80, 0x20, 0x3f, 0xff, 0x80, 0x80, 0x1,
    0x0, 0x7f, 0xf0, 0x84, 0x21, 0x1c, 0x42, 0x7b,
    0x81, 0xac, 0xe, 0x4f, 0x70, 0x8f, 0x41, 0x2,

    /* U+7B5B "筛" */
    0x10, 0x20, 0x30, 0x40, 0xfd, 0xfb, 0x66, 0xc4,
    0xc9, 0x80, 0x60, 0x52, 0xff, 0xa4, 0x10, 0x49,
    0xfc, 0x93, 0xf9, 0x24, 0x92, 0x49, 0x24, 0x92,
    0x43, 0x25, 0x84, 0x4b, 0x18, 0x10, 0x60, 0x20,

    /* U+7B7E "签" */
    0xc, 0x30, 0x18, 0x20, 0x3f, 0x7f, 0x64, 0x48,
    0x5, 0x8c, 0x3, 0x60, 0xc, 0x38, 0x3f, 0xef,
    0x70, 0x3, 0x41, 0x98, 0x9, 0x98, 0xc, 0x90,
    0xc, 0x30, 0x0, 0x20, 0x3f, 0xfe,

    /* U+7B80 "简" */
    0x10, 0x30, 0x18, 0x20, 0x3f, 0x7f, 0x24, 0x48,
    0x64, 0xcc, 0x0, 0x0, 0x19, 0xfe, 0x8, 0x2,
    0x20, 0x2, 0x27, 0xe2, 0x24, 0x22, 0x27, 0xe2,
    0x24, 0x22, 0x24, 0x22, 0x27, 0xe2, 0x20, 0x6,
    0x20, 0x1e,

    /* U+7B97 "算" */
    0x18, 0x30, 0x10, 0x30, 0x3f, 0xfe, 0x64, 0xc8,
    0x40, 0x0, 0x1f, 0xfc, 0x10, 0xc, 0x1f, 0xfc,
    0x10, 0xc, 0x1f, 0xfc, 0x1f, 0xfc, 0x4, 0x10,
    0x4, 0x10, 0xff, 0xff, 0xc, 0x10, 0x18, 0x10,
    0x70, 0x10,

    /* U+7BA1 "管" */
    0x20, 0x0, 0x60, 0x41, 0xf9, 0xfa, 0x46, 0x88,
    0x91, 0x80, 0x30, 0x3f, 0xff, 0xc0, 0x1, 0xbf,
    0xf2, 0x60, 0x20, 0xff, 0xc1, 0x80, 0x3, 0xff,
    0x86, 0x3, 0xc, 0x6, 0x1f, 0xfc, 0x30, 0x18,

    /* U+7C7B "类" */
    0x1, 0x80, 0x63, 0x38, 0x66, 0x40, 0xc, 0xf,
    0xff, 0xe0, 0xf0, 0x3, 0x6c, 0xc, 0xce, 0x70,
    0x5, 0xc3, 0x0, 0x4, 0x7, 0xff, 0xf0, 0x34,
    0x0, 0xcc, 0x7, 0xe, 0x78, 0xf, 0x40, 0x0,

    /* U+7CBE "精" */
    0x10, 0x10, 0x10, 0x10, 0xd6, 0xff, 0x56, 0x10,
    0x54, 0xfe, 0x10, 0x10, 0xfd, 0xff, 0x10, 0x0,
    0x38, 0xfe, 0x3c, 0x86, 0x54, 0x86, 0x54, 0xfe,
    0xd0, 0x86, 0x10, 0xfe, 0x10, 0x86, 0x10, 0x8e,
    0x10, 0x8c,

    /* U+7CFB "系" */
    0x0, 0x4, 0x3, 0xfc, 0x7f, 0x80, 0x7, 0x0,
    0xc, 0x38, 0x30, 0xe0, 0x3f, 0xc0, 0x3, 0x18,
    0x1c, 0xc, 0x7f, 0xfe, 0x71, 0x86, 0x11, 0x90,
    0x19, 0x98, 0x31, 0x8e, 0xe1, 0x86, 0x7, 0x80,

    /* U+7D20 "素" */
    0x1, 0x0, 0x2, 0x1, 0xff, 0xf0, 0x8, 0x3,
    0xff, 0x80, 0x20, 0x3f, 0xff, 0x81, 0x10, 0x1c,
    0x70, 0x7f, 0x20, 0x18, 0x61, 0xff, 0xe2, 0x92,
    0x3, 0xa7, 0x3c, 0x43, 0x21, 0x80, 0x0, 0x0,

    /* U+7D22 "索" */
    0x1, 0x0, 0x4, 0x7, 0xff, 0x80, 0x40, 0x1,
    0x3, 0xff, 0xf8, 0x30, 0x63, 0x19, 0x3f, 0xc0,
    0xc, 0x80, 0xc1, 0x1f, 0xfe, 0x1, 0x8, 0x64,
    0xc7, 0x11, 0xf1, 0xc3, 0x3, 0x0,

    /* U+7D27 "紧" */
    0x8, 0x0, 0x49, 0xfc, 0x48, 0x8, 0x48, 0x98,
    0x48, 0x70, 0x48, 0xf8, 0x49, 0x8e, 0x6, 0x22,
    0xc, 0x60, 0x3f, 0x80, 0x32, 0x20, 0x8, 0x18,
    0x3f, 0xec, 0x19, 0x60, 0x71, 0x18, 0x47, 0xc,
    0x6, 0x0,

    /* U+7E41 "繁" */
    0x20, 0x20, 0x46, 0x41, 0x71, 0xff, 0xfa, 0x46,
    0x92, 0x9f, 0xf7, 0x12, 0x4c, 0x24, 0x9c, 0x7f,
    0x7e, 0xc, 0xc8, 0xe3, 0x1, 0xb9, 0x87, 0xff,
    0x87, 0x21, 0x6, 0x4c, 0x38, 0x8e, 0x3, 0x0,

    /* U+7EA6 "约" */
    0x30, 0x60, 0x60, 0xc1, 0x83, 0x2, 0x27, 0xfc,
    0xd8, 0x7f, 0x30, 0xc4, 0xc1, 0x98, 0x23, 0x60,
    0x67, 0xf8, 0x4c, 0x0, 0x18, 0x20, 0x3f, 0xc0,
    0x78, 0x7, 0xc0, 0x7, 0x0,

    /* U+7EA7 "级" */
    0x10, 0x0, 0x1b, 0xfc, 0x30, 0x8c, 0x26, 0x88,
    0x44, 0x98, 0xfc, 0x9e, 0x18, 0x86, 0x10, 0xc6,
    0x20, 0xe4, 0x7d, 0x2c, 0x1, 0x2c, 0x1, 0x38,
    0xff, 0x18, 0x72, 0x6e, 0x6, 0xc6, 0x0, 0x80,

    /* U+7EAA "纪" */
    0x10, 0x0, 0x30, 0xfc, 0x20, 0x4, 0x66, 0x4,
    0xc6, 0x4, 0xfc, 0x4, 0x18, 0xfc, 0x30, 0x84,
    0x20, 0x84, 0xfe, 0x80, 0x40, 0x80, 0x0, 0x80,
    0x1e, 0x82, 0xf8, 0x86, 0x0, 0xfe,

    /* U+7EB5 "纵" */
    0x18, 0x88, 0x18, 0x44, 0x8, 0x22, 0xc, 0xd1,
    0x4, 0xc8, 0x83, 0xc4, 0x40, 0x42, 0x20, 0x61,
    0x90, 0x65, 0xcc, 0x3e, 0xbe, 0x0, 0x45, 0x0,
    0xe2, 0x47, 0xe3, 0x32, 0x33, 0x18, 0x11, 0x4,

    /* U+7EB8 "纸" */
    0x18, 0x6, 0x18, 0xff, 0x88, 0x66, 0xc, 0xf3,
    0x4, 0xd9, 0x87, 0xcc, 0xc0, 0x47, 0xfc, 0x63,
    0x30, 0x6d, 0x98, 0x3e, 0xc4, 0x0, 0x63, 0x0,
    0x35, 0x8f, 0xde, 0x7b, 0xc, 0x3c, 0x4, 0xc,

    /* U+7EBF "线" */
    0x0, 0x0, 0x18, 0x48, 0x10, 0x4c, 0x30, 0x48,
    0x26, 0x4e, 0x67, 0xf8, 0xfd, 0xc0, 0x68, 0x47,
    0x10, 0xfe, 0x31, 0xc4, 0x6c, 0x66, 0x7c, 0x2c,
    0x0, 0x38, 0xc, 0x70, 0x78, 0xdb, 0x43, 0x8f,
    0x1, 0x6,

    /* U+7EC3 "练" */
    0x0, 0x0, 0xc, 0xc, 0xc, 0x4, 0x4, 0x7f,
    0xf6, 0x42, 0x6, 0x63, 0x3, 0xef, 0xe0, 0x21,
    0x90, 0x31, 0x88, 0x31, 0xff, 0xdf, 0x2, 0x0,
    0x9, 0x40, 0xc, 0xb7, 0xe4, 0x4b, 0x84, 0x26,
    0x4, 0x70, 0x0, 0x10, 0x0,

    /* U+7EC4 "组" */
    0x0, 0x0, 0x31, 0xfc, 0x21, 0x4, 0x67, 0x4,
    0xcd, 0x4, 0xf9, 0xfc, 0x11, 0x4, 0x31, 0x4,
    0x61, 0x4, 0xfd, 0xfc, 0xc1, 0x4, 0x1, 0x4,
    0xd, 0x4, 0xfd, 0x4, 0xc7, 0xff,

    /* U+7EC6 "细" */
    0x18, 0x0, 0x63, 0xfc, 0x84, 0x89, 0x29, 0x14,
    0xd2, 0x3f, 0xa4, 0x52, 0x48, 0x88, 0xff, 0x31,
    0x22, 0xfa, 0x45, 0xf4, 0x88, 0x9, 0x10, 0x52,
    0x3f, 0xbf, 0xc0, 0x40, 0x80, 0x80,

    /* U+7EC7 "织" */
    0x18, 0x0, 0x30, 0xfe, 0x20, 0x86, 0x66, 0x86,
    0x44, 0x86, 0xf8, 0x86, 0x18, 0x86, 0x30, 0x86,
    0x60, 0xfe, 0x7e, 0x0, 0x0, 0x48, 0x0, 0xcc,
    0xfe, 0x86, 0xf1, 0x83, 0x3, 0x1,

    /* U+7ECF "经" */
    0x20, 0x0, 0x63, 0xf0, 0x80, 0x63, 0x1, 0x84,
    0xc6, 0x17, 0x1f, 0x3e, 0x73, 0x89, 0x83, 0x20,
    0x0, 0xc3, 0xfb, 0xe7, 0xf0, 0x1, 0x0, 0x42,
    0x1f, 0x4, 0x30, 0xff, 0x80,

    /* U+7ED1 "绑" */
    0x21, 0x80, 0x62, 0x3c, 0x84, 0x7b, 0x1e, 0xa4,
    0x91, 0x53, 0x22, 0xbc, 0x45, 0x11, 0xea, 0x21,
    0x14, 0x82, 0x27, 0xe4, 0x48, 0x3e, 0x90, 0x11,
    0x7f, 0x62, 0xb8, 0xc4, 0x3, 0x8, 0x6, 0x10,

    /* U+7ED3 "结" */
    0x10, 0x10, 0x1c, 0x10, 0x18, 0x10, 0x31, 0xff,
    0x26, 0x10, 0x64, 0x10, 0xfc, 0x10, 0x59, 0xfe,
    0x10, 0x0, 0x30, 0x0, 0x6f, 0xfe, 0x7f, 0x86,
    0x1, 0x86, 0x7, 0x86, 0xff, 0xfe, 0x1, 0x86,
    0x1, 0x80,

    /* U+7ED8 "绘" */
    0x20, 0x60, 0x30, 0x60, 0x20, 0x50, 0x60, 0xd8,
    0x4d, 0x8c, 0xc9, 0x7, 0xfb, 0xfa, 0x12, 0x0,
    0x30, 0x0, 0x20, 0x0, 0x63, 0xfe, 0x78, 0x60,
    0x0, 0xc8, 0x0, 0x88, 0xfd, 0x8c, 0xe3, 0xfe,
    0x1, 0x4,

    /* U+7ED9 "给" */
    0x18, 0x30, 0x18, 0x30, 0x30, 0x50, 0x24, 0xc8,
    0x66, 0x8c, 0xcd, 0x86, 0xfb, 0x7b, 0x18, 0x0,
    0x30, 0x0, 0x60, 0xcc, 0x7c, 0xfc, 0x0, 0x84,
    0x0, 0x84, 0xe, 0x84, 0xf8, 0xfc, 0x0, 0x84,
    0x0, 0x80,

    /* U+7EDC "络" */
    0x20, 0x80, 0x61, 0x0, 0x87, 0xe2, 0x4c, 0x44,
    0xf9, 0x13, 0x5e, 0x3c, 0x18, 0x18, 0x78, 0x21,
    0x9e, 0xce, 0xb, 0xe7, 0xe0, 0x8, 0x40, 0x10,
    0x83, 0x21, 0x3c, 0x7e, 0x0, 0x84, 0x1, 0x0,

    /* U+7EDD "绝" */
    0x10, 0x40, 0x18, 0xc0, 0x30, 0xfc, 0x21, 0x98,
    0x63, 0x18, 0x45, 0x30, 0xfd, 0xfe, 0x19, 0x22,
    0x11, 0x22, 0x21, 0x22, 0x7d, 0xfe, 0x79, 0x2,
    0x1, 0x0, 0x5, 0x0, 0xfd, 0x3, 0x0, 0xfe,

    /* U+7EDF "统" */
    0x0, 0x0, 0x30, 0x20, 0x20, 0x30, 0x63, 0xff,
    0x4c, 0x40, 0xc8, 0x60, 0xf8, 0xcc, 0x11, 0x86,
    0x23, 0xfe, 0x60, 0xd2, 0xfc, 0x90, 0xf0, 0x90,
    0x0, 0x90, 0x3d, 0x90, 0xf3, 0x13, 0x7, 0x1e,

    /* U+7EE7 "继" */
    0x0, 0x10, 0x31, 0xd2, 0x21, 0x54, 0x29, 0x54,
    0x4d, 0x10, 0xf9, 0x10, 0x51, 0xfe, 0x21, 0x10,
    0x21, 0x34, 0x79, 0x76, 0x1, 0x52, 0x1, 0x90,
    0x5, 0x10, 0xf9, 0x0, 0x1, 0xff,

    /* U+7EE9 "绩" */
    0x0, 0x0, 0x18, 0x8, 0xc, 0xff, 0xc4, 0x2,
    0x6, 0xdf, 0xe7, 0xe0, 0x81, 0x6f, 0xfe, 0x20,
    0x0, 0x21, 0xfe, 0x3e, 0xc3, 0x18, 0x65, 0x80,
    0x32, 0xc3, 0xc1, 0x3, 0x81, 0x60, 0x3, 0x18,
    0x7, 0x6,

    /* U+7EEA "绪" */
    0x30, 0x40, 0x30, 0x46, 0x21, 0xf4, 0x4c, 0x4c,
    0xc8, 0x58, 0xfb, 0xff, 0x10, 0x60, 0x20, 0x40,
    0x61, 0xfc, 0x4f, 0x84, 0xff, 0x84, 0x81, 0xfc,
    0x3d, 0x84, 0xe1, 0xfc, 0x1, 0x84, 0x1, 0x80,

    /* U+7EED "续" */
    0x0, 0x10, 0x18, 0x10, 0x31, 0xff, 0x20, 0x10,
    0x66, 0x10, 0x4d, 0xff, 0x78, 0x9a, 0x10, 0x72,
    0x31, 0x10, 0x60, 0xd0, 0x7c, 0x10, 0x1, 0xff,
    0x0, 0x30, 0xfc, 0x6c, 0x61, 0xc7, 0x3, 0x82,

    /* U+7EFC "综" */
    0x20, 0x20, 0x60, 0x40, 0x8f, 0xf2, 0x50, 0x2c,
    0xa0, 0x5e, 0x3f, 0xc, 0x0, 0x10, 0x0, 0x43,
    0xfc, 0xf0, 0x40, 0x4, 0xa0, 0x19, 0x6f, 0xa2,
    0x58, 0xc4, 0x80, 0x38, 0x0, 0x40,

    /* U+7F00 "缀" */
    0x0, 0x0, 0x37, 0xfe, 0x20, 0xc6, 0x62, 0x94,
    0x4b, 0x9c, 0xc9, 0x8c, 0xf3, 0x1e, 0x16, 0x30,
    0x27, 0xfe, 0x67, 0xbe, 0x78, 0x92, 0x3, 0x94,
    0x9, 0x9c, 0x7b, 0xcc, 0x46, 0x37, 0x4, 0x62,

    /* U+7F13 "缓" */
    0x10, 0x1e, 0x33, 0xf8, 0x20, 0x26, 0x65, 0x2c,
    0x4d, 0x8, 0x7b, 0xfe, 0x10, 0x40, 0x23, 0xff,
    0x78, 0x80, 0x78, 0xfc, 0x1, 0xcc, 0x1b, 0x48,
    0x72, 0x30, 0xc, 0x7f, 0x1, 0xc6,

    /* U+7F16 "编" */
    0x10, 0x20, 0x18, 0x30, 0x11, 0xfe, 0x31, 0x2,
    0x25, 0x2, 0x45, 0xfe, 0x79, 0x0, 0x69, 0x0,
    0x11, 0xff, 0x23, 0x2b, 0x7b, 0x2b, 0x43, 0xff,
    0x7, 0x2b, 0x39, 0x2b, 0x71, 0x2b, 0x41, 0x7,
    0x1, 0x2,

    /* U+7F1D "缝" */
    0x0, 0x20, 0x31, 0x20, 0x31, 0x7e, 0x21, 0x44,
    0x68, 0xa8, 0x4c, 0x18, 0x78, 0xee, 0x13, 0x10,
    0x31, 0x7c, 0x21, 0x10, 0x79, 0x7c, 0x1, 0x10,
    0x1, 0x7e, 0x79, 0x10, 0x67, 0x90, 0x6, 0x7e,

    /* U+7F29 "缩" */
    0x0, 0x60, 0x30, 0x30, 0x33, 0xff, 0x22, 0x3,
    0x4a, 0x80, 0x49, 0xbf, 0xf9, 0x18, 0x13, 0x18,
    0x27, 0x7f, 0x61, 0x22, 0xf9, 0x22, 0x41, 0x3e,
    0x1, 0x22, 0x3d, 0x22, 0xe1, 0x3f, 0x1, 0x23,

    /* U+7F51 "网" */
    0xff, 0xfc, 0x0, 0x61, 0x13, 0x48, 0xda, 0xd4,
    0xcc, 0xa6, 0x63, 0x33, 0x11, 0x9d, 0xcd, 0x2a,
    0x78, 0x9b, 0x4, 0x18, 0x0, 0xc0, 0x1c,

    /* U+7F6E "置" */
    0x3f, 0xfe, 0x32, 0x22, 0x32, 0x22, 0x3f, 0xfe,
    0x0, 0x80, 0x7f, 0xff, 0x0, 0x80, 0x1f, 0x7c,
    0x1f, 0xfc, 0x18, 0xc, 0x1f, 0xfc, 0x18, 0xc,
    0x1f, 0xfc, 0x18, 0xc, 0xff, 0xff,

    /* U+7FFB "翻" */
    0x2, 0x0, 0x7d, 0xdd, 0x20, 0x8a, 0x51, 0x14,
    0x8a, 0xbf, 0xd5, 0x4e, 0x2a, 0x95, 0x55, 0xc9,
    0x23, 0xfc, 0xcd, 0x2b, 0xaa, 0x55, 0x57, 0xe2,
    0x29, 0x44, 0x5f, 0x88, 0xa1, 0x33,

    /* U+8003 "考" */
    0x1, 0x0, 0x1, 0x4, 0x1f, 0xee, 0x1, 0x18,
    0x1, 0x10, 0x1, 0x20, 0x7f, 0xff, 0x1, 0x80,
    0x3, 0x0, 0x7, 0xfe, 0x1d, 0x80, 0x71, 0x0,
    0xc1, 0xf8, 0x0, 0x8, 0x0, 0x18, 0x0, 0x38,
    0x0, 0xf0,

    /* U+8005 "者" */
    0x1, 0x0, 0x0, 0xc0, 0x0, 0x60, 0x43, 0xfe,
    0x60, 0x18, 0xe0, 0xc, 0xc3, 0xff, 0xfe, 0x1,
    0x80, 0x1, 0x80, 0x3, 0xff, 0x7, 0x1, 0x8f,
    0x80, 0xc4, 0x7f, 0xe0, 0x20, 0x30, 0x1f, 0xf8,
    0x8, 0xc,

    /* U+8017 "耗" */
    0x8, 0x2, 0x4, 0x7, 0x1f, 0xdc, 0x1, 0x2,
    0x0, 0x81, 0x3, 0xf8, 0xf0, 0x21, 0xf0, 0x10,
    0x20, 0x7f, 0x10, 0x4, 0x1f, 0x86, 0xbc, 0x7,
    0x62, 0x2, 0xb1, 0x3, 0x40, 0x89, 0x20, 0x44,
    0x10, 0x3e, 0x8, 0x0, 0x0,

    /* U+8026 "耦" */
    0x11, 0xfe, 0x11, 0x92, 0x7d, 0x92, 0x11, 0xfe,
    0x11, 0x92, 0x7d, 0x92, 0x11, 0xfe, 0x7c, 0x10,
    0x11, 0xff, 0x35, 0x13, 0x35, 0x17, 0x55, 0xff,
    0x51, 0x47, 0x11, 0x3, 0x11, 0x6,

    /* U+8033 "耳" */
    0xff, 0xff, 0x18, 0x18, 0x18, 0x18, 0x18, 0x18,
    0x1f, 0xf8, 0x18, 0x18, 0x18, 0x18, 0x1f, 0xf8,
    0x18, 0x18, 0x18, 0x18, 0x18, 0x1f, 0xff, 0xff,
    0x0, 0x18, 0x0, 0x18, 0x0, 0x18,

    /* U+804C "职" */
    0xfe, 0xfc, 0x44, 0x84, 0x44, 0x84, 0x44, 0x84,
    0x7c, 0x84, 0x44, 0x84, 0x44, 0x84, 0x44, 0x84,
    0x7c, 0xfc, 0x44, 0x0, 0x44, 0x0, 0xfe, 0x6c,
    0xf4, 0xc4, 0x4, 0x86, 0x5, 0x82, 0x5, 0x0,

    /* U+8054 "联" */
    0x0, 0xc, 0xfe, 0xc8, 0x44, 0x58, 0x44, 0x10,
    0x45, 0xfe, 0x7c, 0x20, 0x44, 0x20, 0x44, 0x20,
    0x44, 0x20, 0x7d, 0xfe, 0x44, 0x20, 0x44, 0x50,
    0x5e, 0x50, 0xf4, 0xc8, 0x5, 0x86, 0x5, 0x2,

    /* U+80B2 "育" */
    0x1, 0x80, 0x1, 0x80, 0xff, 0xff, 0x6, 0x30,
    0x8, 0x18, 0x3f, 0xfe, 0x20, 0x4, 0x0, 0x0,
    0x1f, 0xf8, 0x10, 0x8, 0x1f, 0xf8, 0x10, 0x8,
    0x10, 0x8, 0x1f, 0xf8, 0x10, 0x8, 0x10, 0x38,

    /* U+80E1 "胡" */
    0xc, 0x0, 0x8, 0x3f, 0x8, 0x21, 0xcb, 0x21,
    0xff, 0x21, 0x8, 0x3f, 0x8, 0x21, 0x3e, 0x21,
    0x3e, 0x21, 0x22, 0x3f, 0x22, 0x21, 0x22, 0x21,
    0x3e, 0x41, 0x22, 0x41, 0x20, 0x81, 0x1, 0x87,
    0x3, 0x0,

    /* U+80FD "能" */
    0x18, 0x40, 0x60, 0x98, 0x99, 0xe2, 0x1a, 0xf,
    0xf4, 0x60, 0xf, 0xdf, 0x80, 0x21, 0x20, 0x42,
    0x40, 0xfc, 0x99, 0x9, 0xc3, 0xf2, 0x4, 0x24,
    0x48, 0x48, 0xd1, 0x9f, 0x0,

    /* U+8106 "脆" */
    0x0, 0x40, 0xf1, 0x81, 0xe3, 0xe2, 0x48, 0xc4,
    0x93, 0x9, 0x3f, 0xde, 0x7f, 0xa4, 0x80, 0x49,
    0x7c, 0xf2, 0x99, 0xe5, 0x32, 0x4a, 0xc4, 0x94,
    0x9, 0x68, 0x7e, 0x91, 0xcb, 0x3e, 0x0, 0x0,

    /* U+811A "脚" */
    0x0, 0x80, 0xf1, 0x1d, 0x22, 0x2a, 0x5f, 0x54,
    0xaa, 0xaf, 0x11, 0x52, 0x22, 0xa5, 0xf5, 0x48,
    0x8a, 0xf1, 0x15, 0x24, 0x2a, 0x4b, 0x54, 0x92,
    0xa9, 0x7d, 0xf2, 0x8a, 0x4c, 0x4, 0x0, 0x8,

    /* U+81EA "自" */
    0x8, 0x0, 0xc0, 0x8, 0xf, 0xff, 0xc0, 0x3c,
    0x3, 0xc0, 0x3f, 0xff, 0xc0, 0x3c, 0x3, 0xff,
    0xfc, 0x3, 0xc0, 0x3c, 0x3, 0xff, 0xfc, 0x3,
    0xc0, 0x0,

    /* U+81F3 "至" */
    0x7f, 0xfe, 0x3, 0x0, 0x6, 0x0, 0x4, 0x30,
    0x8, 0x18, 0x3f, 0xfc, 0x19, 0x84, 0x1, 0x80,
    0x1, 0x80, 0x3f, 0xfc, 0x1, 0x80, 0x1, 0x80,
    0xff, 0xff,

    /* U+81F4 "致" */
    0x0, 0x20, 0xff, 0x30, 0x10, 0x30, 0x18, 0x20,
    0x30, 0x7f, 0x22, 0x64, 0x7f, 0x44, 0x79, 0xc4,
    0x18, 0xe4, 0x18, 0x24, 0x7f, 0x2c, 0x18, 0x38,
    0x18, 0x18, 0x3f, 0x3c, 0xf8, 0x6f, 0x81, 0xc7,
    0x0, 0x0,

    /* U+8212 "舒" */
    0xe, 0x0, 0xf, 0x3f, 0x8c, 0xe1, 0x8c, 0x12,
    0x8d, 0xe1, 0x80, 0x60, 0x40, 0x31, 0xfe, 0xfe,
    0xfe, 0xc, 0x9, 0x6, 0x5, 0x8f, 0xc2, 0x4,
    0x21, 0x2, 0x10, 0x81, 0xf8, 0x40, 0x84, 0xe0,

    /* U+821F "舟" */
    0x3, 0x0, 0x3, 0x0, 0x1f, 0xf8, 0x18, 0x18,
    0x19, 0x18, 0x19, 0x18, 0x19, 0x98, 0x18, 0x18,
    0xff, 0xff, 0x18, 0x18, 0x19, 0x18, 0x19, 0x18,
    0x31, 0x18, 0x30, 0x18, 0x60, 0x18, 0xc0, 0x78,

    /* U+822A "航" */
    0x30, 0x60, 0x30, 0x30, 0x7c, 0x0, 0x45, 0xfe,
    0x45, 0xfe, 0x54, 0x0, 0x54, 0x0, 0x44, 0xf8,
    0xfc, 0x88, 0x44, 0x88, 0x54, 0x88, 0x54, 0x88,
    0x44, 0x8a, 0x45, 0x8b, 0xcd, 0xb, 0x8b, 0xe,
    0x2, 0x0,

    /* U+8272 "色" */
    0x6, 0x0, 0x18, 0x0, 0x3f, 0xc0, 0x83, 0x6,
    0x4, 0x1c, 0x18, 0xf, 0xfe, 0x10, 0x84, 0x21,
    0x8, 0x42, 0x10, 0xff, 0xe1, 0x0, 0x2, 0x0,
    0x4, 0x0, 0xc8, 0x1, 0x8f, 0xfe,

    /* U+8282 "节" */
    0x4, 0x20, 0x4, 0x20, 0xff, 0xff, 0x4, 0x20,
    0x4, 0x20, 0x0, 0x0, 0x7f, 0xfc, 0x2, 0xc,
    0x2, 0xc, 0x2, 0xc, 0x2, 0xc, 0x2, 0xc,
    0x2, 0x3c, 0x6, 0x20, 0x6, 0x0, 0x6, 0x0,

    /* U+82AF "芯" */
    0x4, 0x20, 0x4, 0x20, 0xff, 0xfe, 0x4, 0x20,
    0x4, 0x20, 0x0, 0x0, 0x0, 0x80, 0x0, 0xc0,
    0x36, 0x4c, 0x34, 0x64, 0x24, 0x6, 0x64, 0x3,
    0x64, 0x1a, 0xc4, 0x10, 0x7, 0xf0,

    /* U+82B1 "花" */
    0x4, 0x60, 0x4, 0x60, 0xff, 0xff, 0x4, 0x60,
    0x0, 0x0, 0x4, 0xc0, 0xc, 0xce, 0x18, 0xdc,
    0x78, 0xf8, 0xd8, 0xe0, 0x19, 0xc0, 0x1b, 0xc0,
    0x1a, 0xc2, 0x18, 0xc3, 0x18, 0xfe, 0x18, 0x0,

    /* U+82E5 "若" */
    0x4, 0x30, 0x4, 0x30, 0x7f, 0xff, 0x4, 0x30,
    0x5, 0xb0, 0x1, 0x0, 0x7f, 0xff, 0x6, 0x0,
    0x4, 0x0, 0xf, 0xfc, 0x3c, 0x4, 0xec, 0x4,
    0x4c, 0x4, 0xf, 0xfc, 0xc, 0x4, 0xc, 0x4,

    /* U+82F1 "英" */
    0x6, 0x20, 0x8, 0x41, 0xff, 0xf8, 0x21, 0x0,
    0x4a, 0x0, 0x10, 0x7, 0xfe, 0x8, 0x44, 0x10,
    0x88, 0x21, 0x13, 0xff, 0xf8, 0xa, 0x0, 0x36,
    0x1, 0xc6, 0x1e, 0x7, 0xb0, 0x3,

    /* U+8302 "茂" */
    0x4, 0x20, 0x4, 0x20, 0xff, 0xff, 0x4, 0x20,
    0x4, 0x28, 0x1, 0xcc, 0x0, 0x80, 0x3f, 0xfe,
    0x30, 0xc0, 0x30, 0xcc, 0x30, 0xd8, 0x30, 0x70,
    0x30, 0x60, 0x20, 0xf0, 0x67, 0x9b, 0x66, 0xf,
    0xc0, 0x6,

    /* U+8303 "范" */
    0x4, 0x20, 0x4, 0x20, 0xff, 0xff, 0x4, 0x20,
    0x4, 0x20, 0x30, 0x0, 0x19, 0xfc, 0x9, 0x8c,
    0x61, 0x8c, 0x71, 0x8c, 0x31, 0x8c, 0x9, 0x9c,
    0x19, 0x90, 0x31, 0x82, 0x61, 0x83, 0x41, 0xfe,

    /* U+8317 "茗" */
    0x0, 0x0, 0xc, 0x60, 0xff, 0xff, 0xc, 0x60,
    0x6, 0x0, 0xf, 0xf8, 0x18, 0x18, 0x34, 0x30,
    0x67, 0xe0, 0x1, 0xc0, 0x7, 0x0, 0x7f, 0xfc,
    0xd8, 0xc, 0x18, 0xc, 0x1f, 0xfc, 0x18, 0xc,

    /* U+8361 "荡" */
    0x4, 0x40, 0x8, 0x83, 0xff, 0xf8, 0x22, 0x2,
    0x0, 0x6, 0x0, 0xd, 0xff, 0x8, 0x38, 0x41,
    0xc0, 0xcf, 0xf8, 0x6, 0x90, 0x89, 0x23, 0x36,
    0x44, 0xc8, 0x98, 0x61, 0x23, 0x8e, 0x0, 0x10,

    /* U+8363 "荣" */
    0x4, 0x20, 0x4, 0x20, 0x7f, 0xff, 0x4, 0x20,
    0x0, 0x0, 0x0, 0x0, 0x7f, 0xfe, 0x40, 0x2,
    0x1, 0x0, 0x1, 0x0, 0x7f, 0xfc, 0x7, 0x60,
    0xd, 0x70, 0x19, 0x3e, 0xe1, 0xe, 0x41, 0x0,

    /* U+8398 "莘" */
    0x6, 0x30, 0x6, 0x30, 0xff, 0xff, 0x6, 0x30,
    0x6, 0xb0, 0x0, 0x80, 0x3f, 0xfe, 0x4, 0x10,
    0x4, 0x30, 0x4, 0x20, 0xff, 0xff, 0x0, 0x80,
    0x0, 0x80, 0x3f, 0xfe, 0x0, 0x80, 0x1, 0x80,
    0x1, 0x80,

    /* U+83B7 "获" */
    0x0, 0x40, 0x8, 0x83, 0xff, 0xf8, 0x22, 0x0,
    0x0, 0xc, 0x8d, 0xf, 0x1b, 0x1c, 0x30, 0xeb,
    0xfe, 0x18, 0x80, 0x51, 0x81, 0x23, 0xc, 0x4d,
    0x0, 0x93, 0x3, 0x63, 0x9d, 0x83, 0x2, 0x0,

    /* U+83B9 "莹" */
    0xc, 0x60, 0x10, 0x83, 0xff, 0xf8, 0x42, 0x0,
    0x0, 0x1f, 0xff, 0xe0, 0x1, 0xc0, 0x3, 0x1f,
    0xf0, 0x2, 0x0, 0x4, 0x1, 0xff, 0xc0, 0x12,
    0x0, 0x26, 0x0, 0x48, 0x7f, 0xff,

    /* U+83F2 "菲" */
    0x4, 0x60, 0x4, 0x40, 0xff, 0xff, 0x4, 0x40,
    0x0, 0x0, 0x4, 0x40, 0x7c, 0x7e, 0x4, 0x40,
    0x4, 0x40, 0x4, 0x40, 0x7c, 0x7c, 0x4, 0x40,
    0x4, 0x40, 0xfc, 0x7f, 0x4, 0x40, 0x4, 0x40,
    0x4, 0x40,

    /* U+8425 "营" */
    0x8, 0x40, 0x10, 0x83, 0xff, 0xf8, 0x42, 0x0,
    0x84, 0x1f, 0xff, 0xe0, 0x1, 0xcf, 0xf3, 0x10,
    0x20, 0x20, 0x40, 0x7f, 0x80, 0x0, 0x7, 0xff,
    0x8c, 0x3, 0x1f, 0xfe, 0x30, 0xc, 0x60, 0x18,

    /* U+843D "落" */
    0x4, 0x20, 0x8, 0x43, 0xff, 0xf8, 0x21, 0x2,
    0x18, 0x6, 0x3f, 0x84, 0xc2, 0x22, 0xc8, 0x64,
    0x60, 0x3, 0x7c, 0x38, 0x19, 0x9f, 0xc2, 0x20,
    0x8c, 0x41, 0x38, 0xfe, 0x21, 0x4, 0x2, 0x8,

    /* U+8463 "董" */
    0x2, 0x20, 0xff, 0xff, 0x2, 0x20, 0x3f, 0xfc,
    0x0, 0x80, 0xff, 0xff, 0x0, 0x80, 0x1f, 0xfc,
    0x10, 0x84, 0x1f, 0xfc, 0x10, 0x84, 0xf, 0xf8,
    0x3f, 0xfc, 0x0, 0x80, 0xff, 0xfe,

    /* U+8587 "薇" */
    0xc, 0x60, 0xc, 0x40, 0xff, 0xfe, 0xc, 0x40,
    0x11, 0x18, 0x29, 0x50, 0x69, 0x5e, 0xef, 0xe4,
    0x30, 0x24, 0x2f, 0x84, 0x60, 0x34, 0xef, 0x9c,
    0xac, 0xd8, 0x2c, 0xd8, 0x29, 0xbc, 0x38, 0x66,
    0x20, 0x40,

    /* U+85CF "藏" */
    0x0, 0x40, 0x4, 0x40, 0xff, 0xfe, 0x4, 0x4,
    0x0, 0x24, 0x5f, 0xfe, 0x50, 0x20, 0x77, 0xe4,
    0x14, 0xb4, 0xf7, 0xf4, 0xf4, 0x7c, 0x54, 0x58,
    0x57, 0xd8, 0x54, 0x98, 0xd7, 0xda, 0xa0, 0x67,
    0x20, 0x46,

    /* U+865A "虚" */
    0x1, 0x0, 0x1, 0xfc, 0x1, 0x0, 0x1, 0x0,
    0x3f, 0xfe, 0x21, 0x2, 0x2f, 0xf0, 0x2f, 0x4,
    0x21, 0x4, 0x21, 0xfc, 0x21, 0x30, 0x29, 0x26,
    0x69, 0x24, 0x4d, 0x2c, 0x41, 0x20, 0xdf, 0xfe,

    /* U+884C "行" */
    0x18, 0x0, 0x18, 0xfe, 0x30, 0x0, 0x60, 0x0,
    0x48, 0x0, 0x18, 0x0, 0x13, 0xff, 0x30, 0x8,
    0x70, 0x8, 0x50, 0x8, 0x50, 0x8, 0x10, 0x8,
    0x10, 0x8, 0x10, 0x8, 0x10, 0x78, 0x10, 0x38,

    /* U+8865 "补" */
    0x10, 0x60, 0x18, 0x60, 0x0, 0x60, 0xfc, 0x60,
    0xc, 0x70, 0x18, 0x78, 0x12, 0x6c, 0x36, 0x66,
    0x7c, 0x63, 0xd4, 0x60, 0x93, 0x60, 0x12, 0x60,
    0x10, 0x60, 0x10, 0x60, 0x10, 0x60, 0x10, 0x60,

    /* U+8868 "表" */
    0x1, 0x0, 0x1, 0x0, 0xff, 0xfe, 0x1, 0x0,
    0x3f, 0xf8, 0x1, 0x0, 0x1, 0x0, 0xff, 0xfe,
    0x6, 0x0, 0xc, 0x8c, 0x18, 0x98, 0x78, 0x60,
    0xe8, 0x60, 0x9, 0x3c, 0xf, 0xe, 0x8, 0x0,

    /* U+8870 "衰" */
    0x1, 0x80, 0x0, 0xc0, 0x7f, 0xff, 0x0, 0x0,
    0x1f, 0xf8, 0x18, 0x8, 0x18, 0x8, 0x7f, 0xff,
    0x18, 0x8, 0x1f, 0xf8, 0x6, 0x8, 0xc, 0x5c,
    0x3c, 0x70, 0xe5, 0xb8, 0x7, 0xf, 0xc, 0x3,
    0x0, 0x0,

    /* U+8881 "袁" */
    0x0, 0x80, 0x3f, 0xfe, 0x0, 0x80, 0x7f, 0xff,
    0x0, 0x0, 0x0, 0x0, 0x1f, 0xfc, 0x10, 0x4,
    0x1f, 0xfc, 0x3, 0x4, 0x6, 0x4e, 0x3c, 0x78,
    0x64, 0x38, 0x7, 0x9f, 0xe, 0x2, 0x0, 0x0,

    /* U+88AB "被" */
    0x0, 0x20, 0x30, 0x20, 0x10, 0x20, 0x1, 0xfe,
    0xfd, 0x26, 0x19, 0x24, 0x11, 0x20, 0x31, 0x20,
    0x6d, 0xfc, 0xf9, 0xc8, 0xb9, 0x48, 0x2d, 0x50,
    0x23, 0x30, 0x22, 0x30, 0x26, 0xde, 0x2d, 0x86,

    /* U+88C5 "装" */
    0xc, 0x20, 0x98, 0x41, 0xb7, 0xf9, 0x61, 0x1,
    0xc2, 0x1d, 0xbf, 0xa3, 0x0, 0x0, 0x80, 0xff,
    0xfe, 0x8, 0x20, 0x66, 0xe1, 0xc7, 0xe, 0x97,
    0x1, 0xc3, 0xc7, 0x1, 0x0, 0x0,

    /* U+88F4 "裴" */
    0x6, 0x40, 0x4, 0x81, 0xf9, 0xf8, 0x12, 0x7,
    0xe7, 0xe0, 0x48, 0x0, 0x90, 0x7f, 0x3f, 0x7,
    0x41, 0xff, 0xfc, 0x18, 0x0, 0x64, 0x41, 0x8f,
    0x1f, 0xc, 0x12, 0x6e, 0x7, 0x83, 0x8, 0x0,

    /* U+897F "西" */
    0xff, 0xff, 0x4, 0x40, 0x4, 0x40, 0x4, 0x40,
    0x7f, 0xfc, 0x64, 0x44, 0x64, 0x44, 0x6c, 0x44,
    0x68, 0x74, 0x68, 0x4, 0x60, 0x4, 0x60, 0x4,
    0x7f, 0xfc, 0x60, 0x4,

    /* U+8981 "要" */
    0x7f, 0xff, 0x2, 0x40, 0x2, 0x40, 0x3f, 0xfc,
    0x22, 0x44, 0x22, 0x44, 0x3f, 0xfc, 0x0, 0x0,
    0x3, 0x0, 0xff, 0xff, 0x4, 0x10, 0xe, 0x20,
    0x3, 0xc0, 0x3, 0xf8, 0x7e, 0xe, 0x0, 0x0,

    /* U+8986 "覆" */
    0x7f, 0xff, 0x2, 0x20, 0x3f, 0xfe, 0x22, 0x26,
    0x3f, 0xfe, 0x8, 0x80, 0x13, 0x7e, 0x27, 0xfc,
    0x49, 0x4, 0x11, 0xfc, 0x31, 0xfc, 0xd0, 0x80,
    0x11, 0xfc, 0x16, 0x88, 0x10, 0x70, 0x37, 0x8f,

    /* U+89C1 "见" */
    0x1f, 0xfc, 0xc, 0x2, 0x6, 0x71, 0x3, 0x30,
    0x81, 0x98, 0x40, 0xcc, 0x20, 0x66, 0x10, 0x33,
    0x8, 0x1b, 0x64, 0x1, 0xb0, 0x1, 0x98, 0x1,
    0x8c, 0x33, 0x86, 0x1b, 0x3, 0xf8,

    /* U+89C2 "观" */
    0x0, 0xfe, 0x3f, 0x41, 0x1, 0xa0, 0x80, 0xd2,
    0x42, 0x49, 0x21, 0xa4, 0x90, 0x52, 0x48, 0x39,
    0x24, 0xc, 0x92, 0xe, 0x4d, 0x5, 0x8e, 0x6,
    0x4d, 0xe, 0x4, 0x92, 0xc, 0x4c, 0x1c, 0x3c,

    /* U+89C4 "规" */
    0x8, 0x0, 0x4, 0x3f, 0x82, 0x10, 0x47, 0xc8,
    0x20, 0x85, 0x10, 0x42, 0x88, 0x21, 0x44, 0xfc,
    0xa2, 0x8, 0x51, 0x4, 0x2c, 0x87, 0x8a, 0x2,
    0xe5, 0x3, 0x24, 0x83, 0xc, 0x45, 0x1c, 0x3e,

    /* U+89C6 "视" */
    0x30, 0x0, 0x19, 0xfc, 0x1, 0x4, 0xfd, 0x34,
    0x9, 0x34, 0x19, 0x24, 0x31, 0x24, 0x39, 0x24,
    0x75, 0x24, 0xb5, 0x74, 0xb0, 0x70, 0x30, 0xd0,
    0x30, 0xd2, 0x31, 0x93, 0x37, 0x1e, 0x32, 0x0,

    /* U+89C8 "览" */
    0x0, 0x0, 0x91, 0x1, 0x23, 0xf2, 0x4f, 0xe4,
    0x98, 0x9, 0x6e, 0x12, 0x6, 0x0, 0x0, 0x3f,
    0xf0, 0x40, 0x60, 0x8c, 0xc1, 0x39, 0x82, 0x6b,
    0x1, 0xd0, 0xc7, 0x21, 0xf8, 0x7e,

    /* U+89C9 "觉" */
    0x0, 0x0, 0x23, 0x18, 0x33, 0x10, 0x20, 0x30,
    0xff, 0xff, 0xc0, 0x3, 0xc0, 0x3, 0x3f, 0xf8,
    0x30, 0x18, 0x33, 0x18, 0x33, 0x18, 0x32, 0x18,
    0x2, 0x80, 0x6, 0x83, 0x1c, 0x83, 0xf0, 0xfe,
    0x0, 0x0,

    /* U+89D2 "角" */
    0x6, 0x0, 0x18, 0x0, 0xff, 0x6, 0xc, 0x30,
    0x61, 0xff, 0xf5, 0x8, 0x44, 0x21, 0x1f, 0xfc,
    0x42, 0x11, 0x8, 0x47, 0xff, 0x30, 0x84, 0x82,
    0x16, 0x8, 0xd8, 0x27,

    /* U+89E3 "解" */
    0x18, 0x0, 0x18, 0x7e, 0x3f, 0x52, 0x22, 0x12,
    0x46, 0x32, 0x7f, 0xae, 0x25, 0xec, 0x25, 0x8c,
    0x3f, 0xa8, 0x25, 0xab, 0x25, 0xff, 0x3f, 0xc8,
    0x25, 0x88, 0x25, 0xff, 0x65, 0x88, 0x47, 0x88,
    0x40, 0x8,

    /* U+89E6 "触" */
    0x20, 0x10, 0x30, 0x10, 0x7c, 0x10, 0x4c, 0x10,
    0xc8, 0xfe, 0x7e, 0x92, 0x52, 0x92, 0x52, 0x92,
    0x7e, 0x92, 0x52, 0xfe, 0x52, 0x92, 0x7e, 0x10,
    0x52, 0x16, 0x52, 0x12, 0xd3, 0xfe, 0x96, 0xc3,

    /* U+8B66 "警" */
    0x12, 0x30, 0x7f, 0xbf, 0x31, 0xe4, 0x2f, 0xe4,
    0xfd, 0x18, 0x27, 0x1f, 0x3d, 0x66, 0xff, 0xff,
    0x0, 0x0, 0x3f, 0xfc, 0x0, 0x0, 0x3f, 0xfc,
    0x0, 0x0, 0x1f, 0xfc, 0x1f, 0xfc, 0x30, 0xc,

    /* U+8BA1 "计" */
    0x0, 0x0, 0x70, 0x30, 0x30, 0x30, 0x18, 0x30,
    0x10, 0x30, 0x0, 0x30, 0xf7, 0xff, 0x30, 0x30,
    0x30, 0x30, 0x30, 0x30, 0x30, 0x30, 0x34, 0x30,
    0x3c, 0x30, 0x38, 0x30, 0x30, 0x30, 0x30, 0x30,
    0x0, 0x30,

    /* U+8BA4 "认" */
    0x10, 0x30, 0xc, 0x18, 0x6, 0xc, 0x0, 0x6,
    0x0, 0x3, 0x7, 0x81, 0x80, 0x40, 0xc0, 0x20,
    0x60, 0x10, 0x70, 0x9, 0x34, 0x5, 0x92, 0x3,
    0x99, 0x81, 0x98, 0x60, 0x9c, 0x38, 0x1c, 0xc,

    /* U+8BA8 "讨" */
    0x10, 0x6, 0xc, 0x3, 0x3, 0x1, 0x80, 0x0,
    0xc0, 0x1f, 0xff, 0xc0, 0x30, 0x60, 0x18, 0x31,
    0x8c, 0x18, 0x46, 0xc, 0x33, 0x6, 0x1, 0x83,
    0x40, 0xc1, 0xc0, 0x60, 0xc0, 0x30, 0x40, 0x78,
    0x0, 0x38,

    /* U+8BA9 "让" */
    0x0, 0x60, 0x30, 0x60, 0x18, 0x60, 0x18, 0x60,
    0x0, 0x60, 0x0, 0x60, 0xf0, 0x7e, 0x10, 0x60,
    0x10, 0x60, 0x10, 0x60, 0x10, 0x60, 0x14, 0x60,
    0x14, 0x60, 0x1c, 0x60, 0x18, 0x60, 0x37, 0xff,
    0x0, 0x0,

    /* U+8BAD "训" */
    0x62, 0x4, 0xc8, 0x92, 0x22, 0x40, 0x89, 0xe2,
    0x27, 0x88, 0x92, 0x22, 0x48, 0x89, 0x22, 0x24,
    0x88, 0x92, 0xa2, 0x4e, 0x89, 0x32, 0x24, 0xd8,
    0x92, 0xc0, 0x41, 0x1,

    /* U+8BAE "议" */
    0x30, 0x40, 0x30, 0x64, 0x19, 0x66, 0x3, 0x24,
    0x1, 0x24, 0xf1, 0x4, 0x31, 0x8c, 0x30, 0x88,
    0x30, 0x98, 0x30, 0x50, 0x36, 0x70, 0x3c, 0x78,
    0x38, 0xde, 0x73, 0x8f, 0x27, 0x2,

    /* U+8BB0 "记" */
    0x30, 0x0, 0xd, 0xff, 0x6, 0x1, 0x80, 0x0,
    0xc0, 0x0, 0x67, 0x80, 0x30, 0x43, 0xf8, 0x21,
    0xc, 0x10, 0x80, 0x8, 0x40, 0x4, 0x20, 0x2,
    0x90, 0x1, 0xc8, 0x38, 0xc4, 0x18, 0x43, 0xf8,

    /* U+8BBA "论" */
    0x0, 0x40, 0x60, 0xc0, 0x30, 0xa0, 0x31, 0xb0,
    0x3, 0x18, 0x2, 0xe, 0xee, 0x83, 0x24, 0x88,
    0x20, 0x9c, 0x20, 0xb8, 0x20, 0xe0, 0x24, 0x80,
    0x2c, 0x84, 0x38, 0x86, 0x30, 0x86, 0x20, 0xfc,

    /* U+8BBE "设" */
    0x61, 0xf8, 0x31, 0x8, 0x11, 0x8, 0x1, 0x8,
    0x3, 0x8, 0xe6, 0xf, 0x20, 0x0, 0x27, 0xfc,
    0x21, 0xc, 0x21, 0x88, 0x28, 0x98, 0x38, 0xf0,
    0x30, 0x78, 0x63, 0xdf, 0x2f, 0x6, 0x4, 0x0,

    /* U+8BBF "访" */
    0x60, 0x40, 0x20, 0x60, 0x30, 0x40, 0x7, 0xff,
    0x0, 0x80, 0xe0, 0x80, 0xe0, 0x80, 0x20, 0xfc,
    0x20, 0x8c, 0x21, 0x8c, 0x21, 0x8c, 0x2d, 0xc,
    0x3b, 0xc, 0x76, 0xc, 0x6e, 0x3c, 0x4, 0x38,

    /* U+8BC1 "证" */
    0x60, 0x0, 0x19, 0xff, 0x88, 0xc, 0x0, 0x6,
    0xe, 0x3, 0x7, 0x19, 0x80, 0x8c, 0xfc, 0x46,
    0x60, 0x23, 0x30, 0x11, 0x98, 0xa, 0xcc, 0x7,
    0x66, 0x3, 0x33, 0x3, 0x7f, 0xfc, 0x80, 0x0,

    /* U+8BC4 "评" */
    0x0, 0x0, 0x63, 0xfe, 0x30, 0x20, 0x0, 0x24,
    0x3, 0x26, 0xf1, 0x24, 0x31, 0xac, 0x31, 0xac,
    0x30, 0x20, 0x33, 0xff, 0x30, 0x20, 0x38, 0x20,
    0x38, 0x20, 0x38, 0x20, 0x30, 0x20, 0x0, 0x20,

    /* U+8BC6 "识" */
    0x20, 0x0, 0x31, 0xfe, 0x19, 0x86, 0x11, 0x86,
    0x1, 0x86, 0x1, 0x86, 0xf1, 0x86, 0x31, 0x86,
    0x31, 0x86, 0x31, 0xfe, 0x30, 0x0, 0x34, 0x0,
    0x3c, 0xec, 0x38, 0xc6, 0x71, 0x86, 0x23, 0x3,
    0x2, 0x0,

    /* U+8BC9 "诉" */
    0x20, 0xc, 0x33, 0xfe, 0x23, 0x0, 0x3, 0x0,
    0x3, 0x0, 0xe3, 0xff, 0x23, 0x18, 0x23, 0x18,
    0x23, 0x18, 0x23, 0x78, 0x23, 0x1c, 0x3b, 0x1e,
    0x36, 0x1a, 0x26, 0x18, 0x2c, 0x18, 0x0, 0x18,

    /* U+8BD5 "试" */
    0x0, 0x30, 0x60, 0x34, 0x20, 0x36, 0x30, 0x30,
    0x7, 0xfe, 0x0, 0x30, 0xe0, 0x30, 0xe0, 0x10,
    0x27, 0x90, 0x21, 0x10, 0x21, 0x10, 0x21, 0x18,
    0x29, 0x18, 0x39, 0xea, 0x37, 0xcd, 0x22, 0x7,
    0x20, 0x2,

    /* U+8BE2 "询" */
    0x1, 0x0, 0xc3, 0x80, 0xc6, 0x0, 0x9f, 0xf0,
    0x20, 0x20, 0xc0, 0x7b, 0xfc, 0x91, 0x9, 0x22,
    0x12, 0x47, 0xe4, 0x88, 0x49, 0x50, 0x93, 0xbf,
    0x27, 0x42, 0x4c, 0x80, 0x90, 0x7, 0x0, 0x8,

    /* U+8BE5 "该" */
    0x0, 0x40, 0x60, 0x60, 0x20, 0x40, 0x37, 0xff,
    0x0, 0x80, 0x0, 0x80, 0xe1, 0x98, 0x23, 0x10,
    0x23, 0xf0, 0x20, 0x66, 0x20, 0xcc, 0x21, 0x98,
    0x2b, 0x30, 0x38, 0x78, 0x30, 0xce, 0x67, 0x87,
    0x22, 0x2,

    /* U+8BEF "误" */
    0x31, 0xfe, 0x31, 0x2, 0x11, 0x2, 0x1, 0x2,
    0xf1, 0xfe, 0xf0, 0x0, 0x33, 0xff, 0x30, 0x30,
    0x30, 0x30, 0x37, 0xff, 0x30, 0x70, 0x38, 0x48,
    0x38, 0xcc, 0x73, 0x87, 0x26, 0x3,

    /* U+8BF7 "请" */
    0x0, 0x20, 0x60, 0x20, 0x33, 0xff, 0x30, 0x20,
    0x3, 0xfe, 0xe0, 0x20, 0xe7, 0xff, 0x20, 0x0,
    0x20, 0x0, 0x23, 0xfc, 0x22, 0x4, 0x23, 0xfc,
    0x2e, 0x4, 0x3b, 0xfc, 0x32, 0x4, 0x22, 0x1c,
    0x2, 0xc,

    /* U+8BFB "读" */
    0x20, 0x20, 0x20, 0x20, 0x33, 0xfe, 0x10, 0x20,
    0x0, 0x20, 0x7, 0xff, 0xe0, 0x2, 0x21, 0xb2,
    0x22, 0xb0, 0x23, 0x30, 0x21, 0x30, 0x27, 0xff,
    0x38, 0x20, 0x30, 0xec, 0x63, 0xc6, 0x27, 0x3,

    /* U+8BFE "课" */
    0x23, 0xfc, 0x32, 0x24, 0x22, 0x24, 0x3, 0xfc,
    0x2, 0x24, 0xe2, 0x24, 0x23, 0xfc, 0x20, 0x20,
    0x20, 0x20, 0x2f, 0xfe, 0x20, 0xb0, 0x28, 0xa8,
    0x39, 0xac, 0x33, 0x26, 0x2e, 0x26, 0x4, 0x20,

    /* U+8C03 "调" */
    0x20, 0x0, 0xc7, 0xfc, 0xc9, 0x89, 0x13, 0x10,
    0x2f, 0x3c, 0x4c, 0x78, 0x98, 0x91, 0xfd, 0x22,
    0x2, 0x44, 0x4, 0x8b, 0xc9, 0x54, 0x92, 0xa9,
    0x26, 0xde, 0x4d, 0x0, 0x96, 0xf, 0x4, 0xc,

    /* U+8C08 "谈" */
    0x0, 0x20, 0x10, 0x19, 0xc, 0xc9, 0x86, 0x44,
    0x80, 0x67, 0x0, 0x6, 0x63, 0x86, 0x1c, 0x5e,
    0x62, 0x24, 0x20, 0x11, 0x91, 0x8, 0xc9, 0x84,
    0x6e, 0x2, 0x85, 0x1, 0xc6, 0xe0, 0xce, 0x3c,
    0x5c, 0xe,

    /* U+8C61 "象" */
    0x0, 0x0, 0xc, 0x0, 0x1f, 0xf0, 0x20, 0x60,
    0xff, 0xfc, 0x21, 0x4, 0x21, 0x4, 0x3f, 0xfc,
    0x6, 0x8, 0x7b, 0x18, 0x67, 0x70, 0x19, 0xf0,
    0xf3, 0x98, 0xc, 0x8e, 0x78, 0x86, 0x63, 0x80,
    0x2, 0x0,

    /* U+8C6A "豪" */
    0x1, 0x1, 0xff, 0xfc, 0x0, 0x0, 0xff, 0x81,
    0x1, 0x3, 0xfe, 0x0, 0x0, 0x7f, 0xff, 0x80,
    0x2, 0x3f, 0xe0, 0xc, 0x43, 0xe9, 0xc0, 0x6e,
    0xf, 0x76, 0x11, 0xa6, 0x1c, 0x43, 0x43, 0x0,

    /* U+8D1D "贝" */
    0x3f, 0xf8, 0x60, 0x30, 0xc0, 0x61, 0x98, 0xc3,
    0x31, 0x86, 0x63, 0xc, 0xc6, 0x19, 0x8c, 0x33,
    0x18, 0x6c, 0x30, 0x1b, 0x80, 0x61, 0x83, 0x81,
    0xde, 0x1, 0xd0, 0x1, 0x0,

    /* U+8D1F "负" */
    0x2, 0x0, 0x3, 0x80, 0x3, 0xfe, 0x3, 0x6,
    0x3, 0x3, 0x3, 0x3, 0x0, 0x7f, 0xf8, 0x30,
    0xc, 0x18, 0x86, 0xc, 0x43, 0x6, 0x21, 0x83,
    0x10, 0xc1, 0x98, 0x60, 0x1b, 0x80, 0x38, 0x78,
    0xf8, 0xf, 0x30, 0x1, 0x0,

    /* U+8D23 "责" */
    0x1, 0x0, 0x2, 0x3, 0xff, 0xf8, 0x8, 0x7,
    0xff, 0x80, 0x20, 0x0, 0x40, 0x7f, 0xff, 0x0,
    0x0, 0x7f, 0xf0, 0x80, 0x21, 0x8, 0x42, 0x10,
    0x84, 0x58, 0x3, 0x1e, 0x7c, 0xe, 0x40, 0x0,

    /* U+8D25 "败" */
    0x0, 0x20, 0x0, 0x30, 0x7e, 0x20, 0x42, 0x60,
    0x4a, 0x7f, 0x4a, 0x44, 0x4a, 0xc4, 0x4b, 0x84,
    0x4a, 0xc4, 0x4a, 0x44, 0x4a, 0x68, 0x8, 0x28,
    0x14, 0x38, 0x16, 0x38, 0x22, 0x6e, 0xe1, 0xc7,
    0x1, 0x0,

    /* U+8D28 "质" */
    0x0, 0x3c, 0x3f, 0xfc, 0x20, 0xc0, 0x20, 0xc0,
    0x3f, 0xff, 0x20, 0xc0, 0x20, 0xc0, 0x27, 0xfc,
    0x24, 0x4, 0x24, 0x44, 0x24, 0x44, 0x64, 0x44,
    0x40, 0xb0, 0xc1, 0x9c, 0xdf, 0xe, 0xc, 0x0,

    /* U+8D2D "购" */
    0x0, 0x60, 0xfc, 0xc1, 0xf9, 0x2, 0x13, 0xf5,
    0x28, 0x2a, 0x50, 0x54, 0x88, 0xa9, 0x31, 0x52,
    0x62, 0xa4, 0x95, 0x49, 0x2a, 0x95, 0xd1, 0x4f,
    0xa5, 0x81, 0x49, 0x80, 0xa1, 0x81, 0xc0, 0xc,

    /* U+8D34 "贴" */
    0x0, 0x10, 0x7e, 0x10, 0x42, 0x10, 0x4a, 0x1f,
    0x4a, 0x10, 0x4a, 0x10, 0x4a, 0x10, 0x4a, 0xfe,
    0x4a, 0x82, 0x4a, 0x82, 0x4a, 0x82, 0x14, 0x82,
    0x16, 0x82, 0x23, 0xfe, 0xc2, 0x82,

    /* U+8D35 "贵" */
    0x0, 0x0, 0x0, 0x80, 0x1f, 0xfc, 0x10, 0x84,
    0x1f, 0xfc, 0x0, 0x80, 0xff, 0xff, 0xff, 0xff,
    0x0, 0x0, 0x1f, 0xfc, 0x10, 0x4, 0x11, 0x84,
    0x11, 0x4, 0x1, 0x70, 0x6, 0x1c, 0x7c, 0x6,
    0x0, 0x0,

    /* U+8D39 "费" */
    0x2, 0x20, 0x3f, 0xff, 0x0, 0x88, 0x87, 0xff,
    0xc3, 0x22, 0x1, 0x91, 0x0, 0xff, 0xfc, 0x8,
    0x42, 0x18, 0x7, 0x3f, 0xfe, 0x2, 0x21, 0x1,
    0x18, 0x80, 0x98, 0x40, 0x1b, 0xc0, 0xf8, 0x38,
    0x70, 0x4,

    /* U+8D44 "资" */
    0x0, 0xc0, 0x1, 0x80, 0x73, 0xfe, 0x17, 0x66,
    0x2, 0x64, 0x10, 0xd0, 0x31, 0x98, 0xe3, 0xf,
    0x46, 0x6, 0x1f, 0xf8, 0x10, 0x8, 0x11, 0x88,
    0x11, 0x8, 0x11, 0x48, 0x3, 0x70, 0x1e, 0x1c,
    0x78, 0x4,

    /* U+8D56 "赖" */
    0x8, 0x30, 0x8, 0x20, 0x7f, 0x7c, 0x8, 0xc8,
    0x8, 0x18, 0x7e, 0x7e, 0x4a, 0x42, 0x4a, 0x52,
    0x7e, 0x52, 0x18, 0x52, 0x1c, 0x52, 0x3a, 0x52,
    0x6a, 0x28, 0xc8, 0x64, 0x9, 0xc3, 0x9, 0x82,

    /* U+8D70 "走" */
    0x1, 0x80, 0x1, 0x80, 0x3f, 0xfc, 0x1, 0x80,
    0x1, 0x80, 0x1, 0x80, 0xff, 0xff, 0x1, 0x80,
    0x11, 0x80, 0x11, 0xfc, 0x31, 0x80, 0x39, 0x80,
    0x69, 0x80, 0x47, 0x80, 0xc1, 0xfe,

    /* U+8D75 "赵" */
    0x8, 0x0, 0x8, 0x46, 0x7f, 0x66, 0x8, 0x24,
    0x8, 0x34, 0x8, 0x1c, 0x7f, 0x98, 0x8, 0x18,
    0x68, 0x1c, 0x6f, 0x34, 0x68, 0x66, 0x68, 0xc6,
    0x58, 0x0, 0xcc, 0x0, 0x87, 0xff,

    /* U+8D77 "起" */
    0x8, 0x0, 0x10, 0x0, 0x23, 0xf3, 0xf0, 0x20,
    0x80, 0x41, 0x0, 0x82, 0x1f, 0x3f, 0xbe, 0x8,
    0x40, 0xd0, 0x81, 0xbd, 0x13, 0x42, 0x37, 0x87,
    0xcb, 0x0, 0x13, 0x0, 0x61, 0xff,

    /* U+8D85 "超" */
    0x8, 0x0, 0x8, 0xfe, 0x7e, 0x32, 0x8, 0x22,
    0x8, 0x62, 0x7e, 0xcc, 0x8, 0x0, 0x8, 0x7e,
    0x68, 0x42, 0x6e, 0x42, 0x68, 0x42, 0x68, 0x7e,
    0x58, 0x42, 0x4c, 0x0, 0x43, 0xff,

    /* U+8D8B "趋" */
    0x8, 0x10, 0x6, 0x8, 0x3, 0xf, 0xcf, 0xec,
    0x40, 0xcc, 0x60, 0x66, 0x20, 0x30, 0xfc, 0xfe,
    0x2, 0x4, 0x1, 0x12, 0x1f, 0x8d, 0xc0, 0x46,
    0x80, 0x23, 0x47, 0xf3, 0x60, 0x9, 0x10, 0x1,
    0x87, 0xfe,

    /* U+8DA3 "趣" */
    0x10, 0x0, 0x13, 0xf0, 0x7d, 0x2e, 0x15, 0x22,
    0x11, 0xe2, 0x11, 0x2a, 0xff, 0x2a, 0x9, 0xe4,
    0x69, 0x24, 0x4f, 0x36, 0x69, 0xea, 0x6b, 0xb8,
    0xd8, 0x20, 0x88, 0x1, 0x83, 0xfe,

    /* U+8DB3 "足" */
    0x1f, 0xfc, 0x18, 0xc, 0x18, 0xc, 0x18, 0xc,
    0x18, 0xc, 0x1f, 0xfc, 0x0, 0x80, 0x0, 0x80,
    0x1c, 0x80, 0x18, 0xfc, 0x10, 0x80, 0x38, 0x80,
    0x2c, 0x80, 0x66, 0x80, 0xc1, 0xfe,

    /* U+8DD1 "跑" */
    0x0, 0x0, 0x0, 0x60, 0x7e, 0xc0, 0x66, 0xfe,
    0x66, 0x82, 0x67, 0x2, 0x7f, 0xf2, 0x8, 0x92,
    0x8, 0x92, 0x4e, 0x92, 0x48, 0xf2, 0x48, 0x8e,
    0x48, 0x80, 0x4e, 0x82, 0xfc, 0x83, 0xc0, 0xfe,

    /* U+8DDD "距" */
    0x7f, 0xff, 0x47, 0x80, 0x47, 0x80, 0x47, 0x80,
    0x7f, 0xfc, 0x9, 0x84, 0x9, 0x84, 0x4f, 0x84,
    0x49, 0xfc, 0x49, 0x80, 0x49, 0x80, 0x49, 0x80,
    0x5f, 0x80, 0xf1, 0xff,

    /* U+8DE8 "跨" */
    0x0, 0x20, 0x7c, 0x30, 0x4d, 0xfe, 0x4c, 0x68,
    0x4c, 0xc8, 0x7d, 0x8e, 0x17, 0x7f, 0x12, 0x0,
    0x50, 0x0, 0x5d, 0xfe, 0x50, 0x40, 0x50, 0x40,
    0x50, 0xfc, 0x5c, 0x4, 0xfc, 0xc, 0xc0, 0xc,
    0x0, 0x38,

    /* U+8DEF "路" */
    0x0, 0x60, 0x6c, 0xc0, 0x7c, 0xfc, 0x44, 0x84,
    0x45, 0xcc, 0x47, 0x78, 0x7c, 0x30, 0x10, 0x7c,
    0x11, 0xcf, 0x5f, 0x82, 0x50, 0xfc, 0x50, 0x84,
    0x50, 0x84, 0x5c, 0x84, 0xf8, 0xfc, 0x80, 0x84,
    0x0, 0x80,

    /* U+8DF3 "跳" */
    0x0, 0x48, 0x7c, 0x48, 0x44, 0x4b, 0x47, 0x4a,
    0x47, 0x4a, 0x7d, 0x4e, 0x10, 0x48, 0x10, 0x48,
    0x5d, 0xce, 0x53, 0x4b, 0x50, 0x48, 0x50, 0xc8,
    0x5c, 0x8a, 0xf3, 0x9, 0x86, 0xf,

    /* U+8DF5 "践" */
    0x0, 0x60, 0x3f, 0x36, 0x11, 0x98, 0x8, 0xcc,
    0xe4, 0x7f, 0x83, 0xfd, 0x0, 0x20, 0xbc, 0x93,
    0xf0, 0x4f, 0x32, 0x24, 0x1b, 0x12, 0x7, 0x9,
    0xc3, 0x7, 0xe7, 0xdf, 0x8e, 0x38, 0x6, 0xc,

    /* U+8F6C "转" */
    0x20, 0x40, 0x30, 0x60, 0x20, 0x60, 0xfd, 0xfc,
    0x40, 0x40, 0x50, 0x40, 0x50, 0x40, 0x93, 0xff,
    0xfc, 0xc0, 0xd0, 0xc0, 0x10, 0xfc, 0x16, 0xc,
    0xfc, 0x18, 0xd0, 0xd0, 0x10, 0x70, 0x10, 0x38,
    0x10, 0x18,

    /* U+8F6E "轮" */
    0x0, 0x20, 0x18, 0x30, 0x10, 0x70, 0xfe, 0x50,
    0x20, 0xd8, 0x21, 0x8e, 0x73, 0x7, 0x5a, 0x42,
    0x58, 0x40, 0xfe, 0x4c, 0x18, 0x78, 0x18, 0x60,
    0x3e, 0x40, 0xf8, 0x44, 0x18, 0x46, 0x18, 0x7c,
    0x18, 0x0,

    /* U+8F6F "软" */
    0x18, 0x60, 0x60, 0x83, 0xfb, 0x7, 0xf7, 0xf6,
    0x8, 0x6b, 0x30, 0x96, 0x4b, 0x6c, 0x10, 0xfe,
    0x20, 0x30, 0x40, 0x61, 0xc3, 0xf2, 0x8f, 0x85,
    0x83, 0x11, 0x86, 0xe1, 0x8d, 0x80,

    /* U+8F74 "轴" */
    0x30, 0x20, 0xc0, 0x82, 0x2, 0x3f, 0x8, 0x61,
    0xfd, 0x64, 0x95, 0x12, 0x74, 0x49, 0xfd, 0x27,
    0xf7, 0xf1, 0x12, 0x44, 0x49, 0x7d, 0x27, 0xc4,
    0x91, 0x1f, 0xc4, 0xc1,

    /* U+8F76 "轶" */
    0x0, 0x0, 0x10, 0x10, 0x30, 0xd0, 0xfe, 0x90,
    0x20, 0xfe, 0x70, 0x90, 0x59, 0x10, 0x58, 0x10,
    0xfc, 0x10, 0x79, 0xfe, 0x18, 0x10, 0x18, 0x30,
    0xfe, 0x28, 0xd8, 0x48, 0x18, 0xcc, 0x1b, 0x87,
    0x1b, 0x2,

    /* U+8F7B "轻" */
    0x0, 0x0, 0x38, 0x0, 0x30, 0xfc, 0xfe, 0xc,
    0x20, 0x18, 0x70, 0x38, 0x48, 0x6c, 0x48, 0xc3,
    0xff, 0x81, 0x7e, 0x0, 0x8, 0xfe, 0xe, 0x10,
    0xfe, 0x10, 0xc8, 0x10, 0x18, 0x10, 0x19, 0xff,
    0x18, 0x0,

    /* U+8F7D "载" */
    0xc, 0x20, 0x4, 0x2c, 0x7f, 0xa4, 0x4, 0x24,
    0x4, 0x20, 0xff, 0xff, 0xc, 0x20, 0x7f, 0xa4,
    0x10, 0x24, 0x24, 0x3c, 0x7f, 0xb8, 0x4, 0x18,
    0x7, 0xba, 0x7e, 0x2b, 0x44, 0x67, 0x4, 0xc2,

    /* U+8F83 "较" */
    0x0, 0x20, 0x30, 0x60, 0x30, 0x20, 0xfd, 0xfe,
    0x20, 0x0, 0x78, 0xcc, 0x49, 0x86, 0xcb, 0x2,
    0xfc, 0x8, 0x8, 0xc8, 0x8, 0xd8, 0xe, 0x50,
    0xfe, 0x70, 0xc8, 0x70, 0x8, 0xdc, 0xb, 0x8e,
    0x19, 0x2,

    /* U+8F85 "辅" */
    0x10, 0x0, 0x10, 0x24, 0x30, 0x24, 0x7f, 0xff,
    0x20, 0x20, 0x20, 0x20, 0x7b, 0xfe, 0x5b, 0x22,
    0xff, 0x22, 0x7b, 0xfe, 0x1b, 0x22, 0x1f, 0x22,
    0xff, 0xfe, 0x1b, 0x22, 0x1b, 0x22, 0x1b, 0x2e,
    0x1b, 0xc,

    /* U+8F89 "辉" */
    0x10, 0x0, 0x11, 0xfe, 0x17, 0x2, 0x55, 0x32,
    0x54, 0x20, 0x11, 0xfe, 0x11, 0xfe, 0xfc, 0x50,
    0x28, 0x90, 0x29, 0xfe, 0x28, 0x10, 0x28, 0x10,
    0x6c, 0x10, 0x6d, 0xff, 0x48, 0x10, 0xc8, 0x10,
    0x0, 0x10,

    /* U+8F91 "辑" */
    0x20, 0x0, 0x31, 0xfc, 0x21, 0x4, 0xfd, 0x4,
    0x61, 0xfc, 0x40, 0x0, 0x53, 0xff, 0x51, 0x4,
    0x95, 0x4, 0xfd, 0xfc, 0x11, 0x4, 0x15, 0xfc,
    0xfd, 0x4, 0xd1, 0x7, 0x13, 0xff, 0x10, 0x4,
    0x10, 0x4,

    /* U+8F93 "输" */
    0x18, 0x30, 0xc, 0x38, 0x1f, 0x12, 0xf, 0x99,
    0xc3, 0x1f, 0xf9, 0x18, 0x8, 0xa8, 0x0, 0xd3,
    0xe2, 0x4d, 0x35, 0x3c, 0xfc, 0x82, 0x4e, 0x41,
    0x27, 0x23, 0xdf, 0x93, 0xc9, 0xc8, 0x24, 0xc4,
    0x12, 0xcc,

    /* U+8F9B "辛" */
    0x0, 0x0, 0x1, 0x80, 0x1, 0x80, 0x7f, 0xfe,
    0x0, 0x20, 0xc, 0x30, 0xc, 0x20, 0x4, 0x60,
    0xff, 0xff, 0x1, 0x80, 0x1, 0x80, 0x1, 0x80,
    0x7f, 0xfe, 0x1, 0x80, 0x1, 0x80, 0x1, 0x80,
    0x1, 0x80,

    /* U+8FA9 "辩" */
    0x33, 0x18, 0x31, 0x18, 0xfd, 0x7e, 0x0, 0x4,
    0xcc, 0x26, 0x4b, 0x24, 0x53, 0xc, 0xfd, 0x7f,
    0x31, 0x18, 0x31, 0x18, 0xfd, 0x3e, 0x31, 0x98,
    0x21, 0x98, 0x63, 0x18, 0xc0, 0x18, 0x40, 0x18,

    /* U+8FB0 "辰" */
    0x3f, 0xff, 0x30, 0x0, 0x30, 0x0, 0x30, 0x0,
    0x37, 0xfc, 0x30, 0x0, 0x30, 0x0, 0x3f, 0xfe,
    0x34, 0x80, 0x34, 0xcc, 0x24, 0x58, 0x64, 0x70,
    0x64, 0xb8, 0xc7, 0x8f, 0x6, 0x3, 0x4, 0x0,

    /* U+8FB9 "边" */
    0x20, 0x40, 0x60, 0x40, 0x30, 0x40, 0x33, 0xfe,
    0x0, 0x46, 0x0, 0x46, 0xf0, 0x46, 0x30, 0xc6,
    0x30, 0x86, 0x31, 0x86, 0x31, 0x86, 0x33, 0x1e,
    0x30, 0x0, 0x7c, 0x1, 0xc7, 0xff,

    /* U+8FBE "达" */
    0x20, 0x60, 0x70, 0x60, 0x30, 0x60, 0x10, 0x60,
    0x7, 0xfe, 0x0, 0x60, 0xf0, 0x40, 0x30, 0xd0,
    0x30, 0xd8, 0x31, 0x8c, 0x33, 0x6, 0x36, 0x6,
    0x38, 0x0, 0xfc, 0x0, 0xc3, 0xff,

    /* U+8FC7 "过" */
    0x0, 0xc, 0x30, 0x6, 0xc, 0x3, 0x6, 0xff,
    0xf0, 0x0, 0xc0, 0x0, 0x63, 0xc4, 0x30, 0x63,
    0x18, 0x30, 0x8c, 0x18, 0x46, 0xc, 0x3, 0x6,
    0x1, 0x83, 0x1, 0xc3, 0xc1, 0x3, 0x38, 0x7,
    0x7, 0xff,

    /* U+8FD0 "运" */
    0x0, 0x0, 0xc7, 0xf8, 0x80, 0x0, 0x0, 0x0,
    0xff, 0xfc, 0x18, 0x8, 0x24, 0x10, 0xcc, 0x21,
    0x8, 0x46, 0xf8, 0x8f, 0x99, 0x0, 0x7, 0x0,
    0x19, 0x80, 0xe0, 0xff, 0x80,

    /* U+8FD1 "近" */
    0x20, 0xe, 0x31, 0xfe, 0x31, 0x0, 0x1, 0x0,
    0x1, 0xff, 0xf1, 0x1b, 0x31, 0x18, 0x31, 0x18,
    0x33, 0x18, 0x32, 0x18, 0x36, 0x18, 0x32, 0x18,
    0x78, 0x18, 0xc6, 0x3, 0x81, 0xff,

    /* U+8FD4 "返" */
    0x60, 0xc, 0x23, 0xfe, 0x32, 0x0, 0x32, 0x0,
    0x3, 0xfc, 0x3, 0xfc, 0xf2, 0x8, 0x32, 0xc8,
    0x32, 0x78, 0x32, 0x30, 0x36, 0x78, 0x34, 0xcc,
    0x35, 0x84, 0x7c, 0x0, 0xc7, 0xfe,

    /* U+8FD8 "还" */
    0x20, 0x0, 0x67, 0xff, 0x30, 0x30, 0x30, 0x60,
    0x0, 0x60, 0x0, 0xe0, 0xf1, 0xec, 0x33, 0x66,
    0x36, 0x63, 0x34, 0x62, 0x30, 0x60, 0x30, 0x60,
    0x30, 0x60, 0xff, 0xff,

    /* U+8FD9 "这" */
    0x0, 0xc0, 0x60, 0x40, 0x20, 0x0, 0x27, 0xfe,
    0x0, 0x18, 0x0, 0x18, 0x3, 0x10, 0xe1, 0xb0,
    0x20, 0xf0, 0x20, 0x60, 0x20, 0xf8, 0x21, 0x9c,
    0x27, 0xe, 0x22, 0x4, 0x78, 0x1, 0xc7, 0xfe,

    /* U+8FDB "进" */
    0x0, 0x90, 0xc1, 0x20, 0x82, 0x41, 0x3f, 0xf0,
    0x9, 0x0, 0x12, 0x38, 0x24, 0x17, 0xff, 0x20,
    0x90, 0x43, 0x20, 0x84, 0x41, 0x18, 0x82, 0x61,
    0xf, 0x0, 0x71, 0xff, 0x80,

    /* U+8FDE "连" */
    0x20, 0x60, 0x30, 0x40, 0x37, 0xfe, 0x21, 0x80,
    0x1, 0x20, 0xf3, 0x20, 0xf3, 0xfe, 0x30, 0x20,
    0x30, 0x20, 0x30, 0x20, 0x37, 0xfe, 0x30, 0x20,
    0x30, 0x20, 0x7c, 0x20, 0xc7, 0xff,

    /* U+8FDF "迟" */
    0x31, 0xfe, 0x8, 0x83, 0x6, 0x41, 0x80, 0x20,
    0xc0, 0x1f, 0xe3, 0x88, 0x30, 0x44, 0x80, 0x22,
    0x30, 0x11, 0xc, 0x9, 0x83, 0x5, 0x81, 0xc2,
    0x40, 0x3, 0xe0, 0x3, 0xf, 0xfc,

    /* U+8FF0 "述" */
    0x0, 0x20, 0x30, 0x2c, 0x10, 0x26, 0x18, 0x24,
    0x7, 0xff, 0x0, 0x60, 0x0, 0x60, 0x70, 0xe0,
    0x10, 0xec, 0x11, 0xa4, 0x13, 0x26, 0x17, 0x23,
    0x16, 0x20, 0x10, 0x20, 0x3c, 0x0, 0xe3, 0xff,

    /* U+8FF7 "迷" */
    0x0, 0x40, 0x64, 0x4c, 0x26, 0x48, 0x33, 0x58,
    0x0, 0x40, 0xf, 0xfe, 0xe8, 0xc2, 0x20, 0xd0,
    0x21, 0x58, 0x23, 0x4c, 0x2e, 0x44, 0x24, 0x40,
    0x20, 0x40, 0x7c, 0x0, 0x87, 0xfe,

    /* U+9000 "退" */
    0x63, 0xfc, 0x22, 0x4, 0x22, 0x4, 0x23, 0xfc,
    0x2, 0x4, 0x2, 0x4, 0xe3, 0xfc, 0x22, 0x6,
    0x22, 0xec, 0x22, 0x38, 0x22, 0x5c, 0x23, 0xce,
    0x23, 0x0, 0x78, 0x0, 0xc7, 0xfe,

    /* U+9001 "送" */
    0x0, 0x0, 0x3, 0x18, 0x63, 0x10, 0x20, 0x30,
    0x2f, 0xfe, 0x0, 0xc0, 0x0, 0xc0, 0xe0, 0xc0,
    0x27, 0xfe, 0x20, 0xc0, 0x20, 0xf0, 0x21, 0x18,
    0x27, 0xe, 0x24, 0x4, 0xf8, 0x1, 0x87, 0xfe,

    /* U+9002 "适" */
    0x0, 0x1c, 0xc7, 0xf0, 0x81, 0x1, 0x2, 0x0,
    0xff, 0xe0, 0x8, 0x38, 0x10, 0x11, 0xfe, 0x22,
    0x4, 0x44, 0x8, 0x88, 0x11, 0x1f, 0xe3, 0x20,
    0xf, 0x0, 0x51, 0xff, 0x80,

    /* U+9009 "选" */
    0x0, 0x60, 0x46, 0xc1, 0x8d, 0x81, 0x1f, 0xe3,
    0x66, 0x0, 0x4c, 0x0, 0x18, 0x73, 0xff, 0x20,
    0xa0, 0x41, 0x40, 0x86, 0x81, 0x19, 0x32, 0x63,
    0xce, 0x0, 0x3f, 0x0, 0x43, 0xff,

    /* U+900F "透" */
    0x0, 0xc, 0x67, 0xfc, 0x20, 0x40, 0x20, 0x40,
    0x2f, 0xfe, 0x1, 0xf0, 0x3, 0x5e, 0xec, 0x4e,
    0x23, 0xf0, 0x21, 0xb0, 0x21, 0xbc, 0x21, 0x4,
    0x23, 0xc, 0x26, 0x38, 0x78, 0x0, 0x87, 0xfe,

    /* U+9010 "逐" */
    0x47, 0xff, 0x60, 0x60, 0x20, 0xc0, 0x21, 0xc3,
    0xf, 0x66, 0x4, 0xec, 0xe1, 0xa8, 0x27, 0x78,
    0x24, 0xfc, 0x21, 0xb6, 0x27, 0x33, 0x24, 0x30,
    0x20, 0xe0, 0x78, 0x0, 0xc7, 0xff,

    /* U+9012 "递" */
    0x0, 0x0, 0x3, 0x30, 0x61, 0x20, 0x67, 0xfc,
    0x20, 0x44, 0x0, 0x44, 0x7, 0xfc, 0xe4, 0x40,
    0x24, 0x40, 0x27, 0xfc, 0x20, 0xc4, 0x21, 0x44,
    0x26, 0x4c, 0x24, 0x48, 0x78, 0x1, 0xc7, 0xfe,

    /* U+901A "通" */
    0x67, 0xfc, 0x41, 0x30, 0xc2, 0xc0, 0x7, 0x0,
    0x7f, 0xc0, 0x88, 0xb9, 0x11, 0x73, 0xfe, 0x24,
    0x44, 0x4f, 0xf8, 0x91, 0x11, 0x22, 0x22, 0x44,
    0x9f, 0x0, 0x21, 0xff, 0x80,

    /* U+901F "速" */
    0x0, 0x60, 0x0, 0x40, 0x6f, 0xff, 0x20, 0x40,
    0x30, 0x40, 0x3, 0xfe, 0x2, 0x42, 0xe2, 0x42,
    0x23, 0xfe, 0x20, 0xc0, 0x21, 0x5c, 0x23, 0x47,
    0x2e, 0x42, 0x20, 0x40, 0x7c, 0x3, 0xc7, 0xff,

    /* U+9020 "造" */
    0x2, 0x20, 0x62, 0x20, 0x27, 0xfc, 0x24, 0x20,
    0x0, 0x20, 0xaf, 0xff, 0xe0, 0x0, 0x23, 0xfc,
    0x22, 0x4, 0x22, 0x4, 0x22, 0x4, 0x23, 0xfc,
    0x30, 0x0, 0x7c, 0x0, 0x47, 0xff,

    /* U+903B "逻" */
    0x27, 0xfe, 0x24, 0x92, 0x24, 0x92, 0x4, 0x92,
    0x7, 0xfe, 0xe0, 0x80, 0xe1, 0x80, 0x21, 0xfe,
    0x23, 0x4, 0x24, 0x8c, 0x20, 0x78, 0x20, 0x70,
    0x27, 0xc0, 0x7c, 0x0, 0xc3, 0xff,

    /* U+9053 "道" */
    0x0, 0x0, 0x20, 0x88, 0x60, 0x98, 0x27, 0xff,
    0x30, 0x20, 0x0, 0x60, 0x1, 0xfc, 0xf1, 0x4,
    0xb1, 0xfc, 0x31, 0x4, 0x31, 0xfc, 0x31, 0x4,
    0x31, 0xfc, 0x31, 0x4, 0x7d, 0x4, 0xc7, 0xff,

    /* U+907F "避" */
    0x0, 0x8, 0x67, 0x88, 0x24, 0xbe, 0x24, 0x84,
    0x4, 0x96, 0x7, 0x94, 0x64, 0x4, 0x64, 0x3e,
    0x2f, 0x88, 0x2a, 0x88, 0x2a, 0xbe, 0x3a, 0x88,
    0x23, 0x88, 0x20, 0x8, 0x78, 0x1, 0xc7, 0xfe,

    /* U+90D1 "郑" */
    0x23, 0x0, 0x32, 0x3e, 0x16, 0x26, 0x7f, 0xa6,
    0x8, 0x2c, 0x8, 0x2c, 0x8, 0x2c, 0xff, 0xa6,
    0x8, 0x22, 0x18, 0x23, 0x1e, 0x23, 0x33, 0x2f,
    0x33, 0x2e, 0xe1, 0x20, 0x40, 0x20, 0x0, 0x20,

    /* U+90E8 "部" */
    0xc, 0x0, 0xc, 0x3e, 0xff, 0xa6, 0x2, 0x26,
    0x32, 0x24, 0x6, 0x2c, 0xff, 0xac, 0x0, 0x24,
    0x0, 0x26, 0x7f, 0x23, 0x63, 0x23, 0x63, 0x23,
    0x63, 0x23, 0x7f, 0x2e, 0x63, 0x20, 0x0, 0x20,

    /* U+90ED "郭" */
    0xc, 0x0, 0xed, 0xfe, 0x12, 0x66, 0x7f, 0x66,
    0x61, 0x64, 0x61, 0x6c, 0x7f, 0x6c, 0x0, 0x6c,
    0x7f, 0xe6, 0x6, 0x63, 0xc, 0xe3, 0x3f, 0xe3,
    0xfc, 0x6e, 0xc, 0x6c, 0x1c, 0x60, 0x18, 0x60,

    /* U+90FD "都" */
    0x18, 0x0, 0x31, 0x7d, 0xfc, 0x90, 0xd9, 0x21,
    0xe2, 0x5f, 0xfd, 0x86, 0xa, 0x8, 0x12, 0x3f,
    0x25, 0xc2, 0x44, 0xfc, 0x89, 0x9, 0x32, 0x12,
    0xe7, 0xe5, 0x8, 0x48, 0x0, 0x10,

    /* U+914D "配" */
    0xff, 0x7e, 0x14, 0x2, 0x14, 0x2, 0x7f, 0x2,
    0x55, 0x2, 0x55, 0x7e, 0x55, 0x42, 0x77, 0x40,
    0x41, 0x40, 0x7f, 0x40, 0x41, 0x40, 0x41, 0x41,
    0x7f, 0x43, 0x41, 0x7f,

    /* U+9192 "醒" */
    0xff, 0x7e, 0x14, 0x42, 0x14, 0x7e, 0x7f, 0x42,
    0x55, 0x7e, 0x55, 0x8, 0x55, 0x48, 0x77, 0x7f,
    0x41, 0x48, 0x41, 0x88, 0x7f, 0x3e, 0x41, 0x8,
    0x7f, 0x8, 0x7f, 0x7f,

    /* U+91C7 "采" */
    0x0, 0x4, 0x0, 0x7e, 0x1f, 0xf0, 0x0, 0x31,
    0x1, 0x18, 0xc0, 0x8c, 0xc0, 0x60, 0x60, 0x2,
    0x0, 0x1, 0x80, 0x7f, 0xff, 0x81, 0xf8, 0x0,
    0xb6, 0x0, 0x99, 0x81, 0xcc, 0x7d, 0x86, 0x1d,
    0x83, 0x0, 0x1, 0x80, 0x0,

    /* U+91CA "释" */
    0x0, 0x0, 0x7f, 0x7f, 0x4, 0x11, 0xa, 0xcd,
    0x85, 0x41, 0x80, 0x83, 0x7f, 0xf7, 0xc, 0x20,
    0x20, 0x30, 0x10, 0x1e, 0x7f, 0x14, 0x4, 0x1a,
    0x3f, 0xe1, 0x1, 0x0, 0x80, 0x80, 0x40, 0x40,
    0x0, 0x20,

    /* U+91CC "里" */
    0x7f, 0xfc, 0xc2, 0x19, 0x84, 0x33, 0x8, 0x67,
    0xff, 0xcc, 0x21, 0x98, 0x43, 0x3f, 0xfe, 0x1,
    0x0, 0x2, 0x1, 0xff, 0xf0, 0x8, 0x0, 0x10,
    0x1f, 0xff, 0xc0,

    /* U+91CD "重" */
    0x0, 0x30, 0xff, 0xf0, 0x4, 0x7, 0xff, 0xf0,
    0x10, 0x7, 0xff, 0x8, 0x46, 0x1f, 0xfc, 0x21,
    0x18, 0x7f, 0xf0, 0x4, 0x1, 0xff, 0xe0, 0x10,
    0x0, 0x20, 0x3f, 0xff, 0x80,

    /* U+91CF "量" */
    0x3f, 0xfc, 0x60, 0x18, 0xff, 0xf1, 0x80, 0x63,
    0xff, 0xc0, 0x0, 0x3f, 0xff, 0x9f, 0xfe, 0x31,
    0x8c, 0x7f, 0xf8, 0xc6, 0x30, 0x7f, 0x83, 0xff,
    0xc0, 0x30, 0x3f, 0xff, 0x80,

    /* U+91D1 "金" */
    0x3, 0x0, 0x7, 0x0, 0x6, 0xc0, 0xc, 0x60,
    0x18, 0x38, 0x70, 0xe, 0xff, 0xf6, 0x1, 0x0,
    0x1, 0x0, 0x1, 0x0, 0x3f, 0xf8, 0x1, 0x0,
    0x11, 0x30, 0x19, 0x30, 0x1, 0x20, 0x7f, 0xfc,

    /* U+946B "鑫" */
    0x1, 0x80, 0x3, 0x40, 0x4, 0x30, 0x1f, 0xff,
    0xe0, 0x83, 0x1f, 0xfc, 0xc, 0x90, 0x3f, 0xfe,
    0x18, 0x10, 0x37, 0x6c, 0xde, 0xff, 0x9, 0x10,
    0x7e, 0xfe, 0x6a, 0x54, 0x2c, 0x54, 0xfe, 0xff,

    /* U+9488 "针" */
    0x0, 0x0, 0x8, 0xc, 0xc, 0x6, 0x7, 0xc3,
    0x4, 0x1, 0x86, 0x0, 0xc0, 0xfb, 0xfe, 0x20,
    0x30, 0x10, 0x18, 0x3f, 0xc, 0x4, 0x6, 0x2,
    0x43, 0x1, 0x61, 0x80, 0xe0, 0xc0, 0xe0, 0x60,
    0x20, 0x30,

    /* U+9489 "钉" */
    0x10, 0x0, 0x10, 0x0, 0x31, 0xff, 0x7f, 0x19,
    0x40, 0x18, 0xc0, 0x18, 0xfe, 0x18, 0x10, 0x18,
    0x10, 0x18, 0xfe, 0x18, 0x10, 0x18, 0x10, 0x18,
    0x14, 0x18, 0x1c, 0x18, 0x38, 0x78, 0x10, 0x70,

    /* U+949F "钟" */
    0x10, 0x0, 0x20, 0x20, 0xc0, 0x41, 0xe0, 0x86,
    0x1f, 0xf8, 0x22, 0x4f, 0x44, 0x88, 0x89, 0x11,
    0x12, 0x22, 0x25, 0xf7, 0xf8, 0x88, 0x91, 0x11,
    0x2, 0x82, 0x7, 0x4, 0x18, 0x8, 0x0, 0x10,

    /* U+94B1 "钱" */
    0x0, 0x60, 0xc, 0x36, 0x4, 0x19, 0x7, 0xcc,
    0x42, 0x7, 0xf2, 0xf, 0xc3, 0x7, 0x80, 0x78,
    0x46, 0x10, 0x7e, 0x8, 0xf0, 0x1f, 0xd, 0xc2,
    0x6, 0x81, 0x21, 0x80, 0xb1, 0xc0, 0x73, 0xb6,
    0x37, 0x8f, 0x11, 0x3, 0x0,

    /* U+94B3 "钳" */
    0x0, 0x0, 0x8, 0x41, 0xc, 0x20, 0x87, 0x90,
    0x44, 0x3f, 0xfe, 0x1f, 0xfc, 0xf2, 0x8, 0x21,
    0x4, 0x10, 0xfe, 0x3e, 0x7f, 0x4, 0x20, 0x82,
    0x10, 0x41, 0x48, 0x20, 0xe7, 0xf0, 0xe2, 0x8,
    0x21, 0x4,

    /* U+94ED "铭" */
    0x0, 0x0, 0x20, 0xe0, 0xc1, 0x89, 0xf7, 0xf6,
    0x18, 0x58, 0x9, 0x8f, 0xe, 0x8, 0x18, 0x10,
    0x60, 0xf9, 0xfc, 0x47, 0x8, 0x82, 0x11, 0x4,
    0x22, 0x88, 0x47, 0x1f, 0x88, 0x21,

    /* U+94EE "铮" */
    0x0, 0x0, 0x20, 0xc0, 0x60, 0xfc, 0x7d, 0x98,
    0xc3, 0x18, 0xca, 0xfe, 0x78, 0x22, 0x20, 0x22,
    0x23, 0xff, 0xf8, 0x22, 0x20, 0x22, 0x21, 0xfe,
    0x20, 0x22, 0x38, 0x20, 0x70, 0x20, 0x20, 0xe0,
    0x0, 0x0,

    /* U+94F0 "铰" */
    0x0, 0x60, 0x40, 0xc0, 0x80, 0x3, 0xff, 0xfc,
    0x0, 0x10, 0x13, 0x1e, 0x63, 0x11, 0x82, 0x22,
    0x4, 0x43, 0x33, 0xe6, 0x41, 0x5, 0x82, 0xe,
    0x5, 0xc, 0xe, 0x3e, 0x3b, 0xcf, 0x26, 0x0,

    /* U+94FE "链" */
    0x30, 0x18, 0x22, 0x10, 0x7a, 0x7f, 0xc2, 0x20,
    0xc8, 0x6c, 0x7e, 0x68, 0x26, 0x7f, 0x22, 0x8,
    0xfa, 0x8, 0x22, 0xff, 0x2a, 0x8, 0x2a, 0x8,
    0x32, 0x8, 0x37, 0x80, 0x24, 0x7f,

    /* U+9501 "锁" */
    0x10, 0x10, 0x10, 0x12, 0x31, 0x93, 0x3e, 0xd6,
    0x60, 0x10, 0xc0, 0xfe, 0x3c, 0xfe, 0x10, 0x82,
    0x10, 0x92, 0x10, 0x92, 0x7e, 0x92, 0x10, 0x92,
    0x10, 0x92, 0x1e, 0x20, 0x18, 0x6e, 0x13, 0xc3,
    0x1, 0x0,

    /* U+9502 "锂" */
    0x10, 0x0, 0x18, 0xff, 0x10, 0xff, 0x3e, 0x91,
    0x20, 0x91, 0x60, 0xff, 0x7c, 0x91, 0x10, 0x91,
    0x10, 0x91, 0x10, 0xff, 0x7c, 0x10, 0x10, 0x10,
    0x11, 0xff, 0x14, 0x10, 0x1c, 0x10, 0x33, 0xff,
    0x0, 0x0,

    /* U+9510 "锐" */
    0x10, 0x4, 0x10, 0xc6, 0x30, 0x4c, 0x3e, 0x8,
    0x60, 0xfe, 0x40, 0x82, 0x3c, 0x82, 0x10, 0x82,
    0x10, 0xfe, 0x10, 0xfe, 0x7e, 0x68, 0x10, 0x48,
    0x10, 0x48, 0x14, 0xc9, 0x19, 0x89, 0x37, 0xf,
    0x2, 0x0,

    /* U+9519 "错" */
    0x10, 0x44, 0xc, 0x22, 0xc, 0x11, 0x7, 0xbf,
    0xe6, 0x4, 0x42, 0x2, 0x21, 0xf1, 0x10, 0x7f,
    0xff, 0x10, 0x0, 0x3e, 0x7f, 0x4, 0x20, 0x82,
    0x10, 0x41, 0xf, 0xe0, 0xa4, 0x10, 0x63, 0xf8,
    0x21, 0x4, 0x10, 0x82, 0x0,

    /* U+952E "键" */
    0x0, 0x18, 0x30, 0x10, 0x27, 0x7e, 0x79, 0x12,
    0x42, 0xff, 0x82, 0xd2, 0xfa, 0x12, 0x27, 0x7e,
    0x21, 0x10, 0x71, 0x7e, 0x25, 0x10, 0x27, 0x10,
    0x2b, 0x7e, 0x3b, 0x10, 0x37, 0x90, 0x2c, 0x7f,

    /* U+9547 "镇" */
    0x20, 0x30, 0x40, 0x41, 0x8f, 0xfb, 0xc1, 0xc,
    0x1f, 0xd0, 0x20, 0xbe, 0x7f, 0x10, 0x82, 0x21,
    0xfd, 0xf2, 0x8, 0x87, 0xf1, 0x8, 0x22, 0xbf,
    0xe7, 0x1, 0xc, 0x73, 0x13, 0x83,

    /* U+957F "长" */
    0xc, 0x0, 0x6, 0x7, 0x3, 0x6, 0x1, 0x86,
    0x0, 0xc6, 0x0, 0x66, 0x0, 0x30, 0x1, 0xff,
    0xff, 0xc, 0x40, 0x6, 0x30, 0x3, 0x8, 0x1,
    0x87, 0x0, 0xc9, 0xc0, 0x78, 0x38, 0x78, 0xc,
    0x18, 0x0,

    /* U+95E8 "门" */
    0x30, 0x0, 0xcf, 0xf1, 0x0, 0xc0, 0x3, 0xc0,
    0xf, 0x0, 0x3c, 0x0, 0xf0, 0x3, 0xc0, 0xf,
    0x0, 0x3c, 0x0, 0xf0, 0x3, 0xc0, 0xf, 0x0,
    0x7c, 0x3, 0xc0,

    /* U+95ED "闭" */
    0x40, 0x3, 0x3f, 0xc8, 0x43, 0x2, 0x18, 0x10,
    0xdf, 0xe6, 0xc, 0x30, 0x61, 0x85, 0xc, 0x68,
    0x66, 0x43, 0x62, 0x1a, 0x10, 0xc0, 0x86, 0x8,
    0x20, 0x7,

    /* U+95EE "问" */
    0x30, 0x0, 0xdf, 0xf1, 0x0, 0xf0, 0x3, 0xc0,
    0xf, 0x3f, 0x3c, 0x84, 0xf2, 0x13, 0xc8, 0x4f,
    0x21, 0x3c, 0xfc, 0xf0, 0x3, 0xc0, 0xf, 0x0,
    0xfc, 0x3, 0xc0,

    /* U+95F4 "间" */
    0x30, 0x0, 0xcf, 0xf1, 0x0, 0x70, 0x1, 0xcf,
    0xc7, 0x21, 0x1c, 0x84, 0x72, 0x11, 0xcf, 0xc7,
    0x21, 0x1c, 0x84, 0x73, 0xf1, 0xc0, 0x7, 0x0,
    0x1c, 0x1, 0xf0, 0x7,

    /* U+95F9 "闹" */
    0x60, 0x1, 0xbf, 0xc0, 0x83, 0x4, 0x18, 0x20,
    0xdf, 0xf6, 0x8, 0x33, 0xf9, 0x92, 0x4c, 0x92,
    0x64, 0x93, 0x24, 0x99, 0x2c, 0xc1, 0x6, 0x8,
    0xe0,

    /* U+9608 "阈" */
    0x63, 0xfc, 0x85, 0x18, 0x14, 0x6f, 0xf9, 0x81,
    0x6, 0x4, 0x19, 0xd6, 0x65, 0x71, 0x9c, 0xc6,
    0x3, 0x18, 0x4d, 0x6e, 0xdd, 0x80, 0x6, 0x0,
    0x70,

    /* U+961F "队" */
    0x0, 0x30, 0xfe, 0x20, 0xc4, 0x20, 0xcc, 0x20,
    0xc8, 0x20, 0xc8, 0x20, 0xd8, 0x20, 0xcc, 0x20,
    0xc6, 0x70, 0xc6, 0x50, 0xc6, 0x50, 0xde, 0xd8,
    0xdd, 0x8c, 0xc3, 0x6, 0xce, 0x7, 0xc0, 0x0,

    /* U+9632 "防" */
    0x0, 0x41, 0xf0, 0xc2, 0x41, 0x5, 0xbf, 0xfa,
    0x8, 0x14, 0x10, 0x2c, 0x3f, 0x48, 0x46, 0x98,
    0x8d, 0x33, 0x1b, 0xe4, 0x35, 0x88, 0x68, 0x30,
    0xd0, 0xc1, 0xa3, 0x1e, 0x46, 0x10,

    /* U+9633 "阳" */
    0xfd, 0xfe, 0x24, 0x19, 0x90, 0x64, 0x41, 0xb1,
    0x6, 0xc7, 0xf9, 0x90, 0x63, 0x41, 0x8d, 0x6,
    0x34, 0x1b, 0x90, 0x68, 0x7f, 0x81, 0x6, 0x4,
    0x18, 0x0, 0x0,

    /* U+9634 "阴" */
    0xf9, 0xfe, 0x24, 0x19, 0x90, 0x66, 0x41, 0x91,
    0x6, 0x47, 0xfb, 0x10, 0x64, 0x41, 0x89, 0x6,
    0x27, 0xf8, 0x90, 0x6e, 0xc1, 0xb2, 0x6, 0x8,
    0x18, 0x40, 0x62, 0x7,

    /* U+9635 "阵" */
    0x0, 0x82, 0x23, 0xf, 0x88, 0x25, 0xff, 0x91,
    0x2, 0x8c, 0xa, 0x24, 0x29, 0x90, 0xa7, 0xfe,
    0x41, 0x9, 0x4, 0x2c, 0x10, 0xaf, 0xfe, 0x1,
    0x8, 0x4, 0x20, 0x18, 0x0, 0x60,

    /* U+9636 "阶" */
    0x0, 0x60, 0xf8, 0x60, 0xc8, 0xb0, 0xd9, 0x98,
    0xd1, 0xe, 0xd2, 0x7, 0xd6, 0x98, 0xc8, 0x98,
    0xc8, 0x98, 0xc8, 0x98, 0xd8, 0x98, 0xd1, 0x98,
    0xc1, 0x18, 0xc7, 0x18, 0xc6, 0x18,

    /* U+963B "阻" */
    0xf9, 0xf9, 0x12, 0x12, 0x64, 0x24, 0xc8, 0x49,
    0x10, 0x96, 0x3f, 0x24, 0x42, 0x4c, 0x84, 0x89,
    0x9, 0x13, 0xf2, 0xe4, 0x25, 0x88, 0x48, 0x10,
    0x90, 0xff, 0xe0, 0x0, 0x40, 0x0,

    /* U+9645 "际" */
    0xfd, 0xfc, 0xc8, 0x0, 0xc8, 0x0, 0xd8, 0x0,
    0xd3, 0xff, 0xd8, 0x20, 0xc8, 0x20, 0xcd, 0xa0,
    0xcd, 0x2c, 0xcf, 0x24, 0xda, 0x26, 0xc6, 0x22,
    0xc0, 0x60, 0xc0, 0xe0,

    /* U+9648 "陈" */
    0x0, 0x40, 0x0, 0xc0, 0xfc, 0xc0, 0x8f, 0xfe,
    0x99, 0x80, 0x99, 0x0, 0xb1, 0x20, 0xb3, 0x20,
    0x93, 0xfc, 0x88, 0x20, 0x88, 0x20, 0x89, 0x28,
    0xb1, 0x2c, 0x83, 0x26, 0x86, 0x26, 0x84, 0x22,
    0x80, 0xc0,

    /* U+964D "降" */
    0x0, 0x81, 0xf1, 0x82, 0x23, 0xf4, 0xcc, 0xc9,
    0xb9, 0x92, 0x4e, 0x2c, 0x18, 0x58, 0xff, 0x97,
    0x27, 0x10, 0x42, 0x2f, 0xf4, 0x41, 0xb, 0xa2,
    0x10, 0x7f, 0xa0, 0x8, 0x40, 0x10, 0x80, 0x20,

    /* U+9650 "限" */
    0xfb, 0xf9, 0x24, 0x12, 0x48, 0x25, 0x9f, 0xca,
    0x20, 0x94, 0x41, 0x28, 0xfe, 0x49, 0x24, 0x92,
    0x4d, 0x24, 0xe3, 0xc9, 0x85, 0x11, 0x88, 0x2b,
    0x90, 0x73, 0xa1, 0x81, 0x0,

    /* U+9662 "院" */
    0x0, 0xc1, 0xf1, 0x82, 0x3f, 0xf4, 0xe0, 0x29,
    0xc0, 0x52, 0x0, 0x24, 0xfe, 0x48, 0x0, 0x98,
    0x1, 0x1f, 0xfa, 0x24, 0x84, 0xc9, 0xb, 0x92,
    0x10, 0x44, 0xa1, 0x89, 0xc6, 0x1e,

    /* U+9664 "除" */
    0x0, 0xc1, 0xf9, 0x82, 0x26, 0x84, 0xc8, 0x89,
    0x21, 0xd6, 0xfe, 0xed, 0x10, 0x48, 0x20, 0x8b,
    0xfd, 0x10, 0x82, 0x61, 0x45, 0xd2, 0xcb, 0x34,
    0x90, 0xc9, 0xa3, 0x11, 0x40, 0xe0,

    /* U+968F "随" */
    0x0, 0x19, 0xf0, 0x62, 0x5b, 0xfc, 0x92, 0x9,
    0xf, 0xd4, 0x38, 0xa9, 0x91, 0x49, 0x3e, 0x92,
    0x45, 0x24, 0xfa, 0xc9, 0x15, 0x12, 0x28, 0x20,
    0x91, 0xf0, 0x20, 0x3f, 0x40, 0x0,

    /* U+9690 "隐" */
    0x0, 0x0, 0x3, 0x3, 0xc7, 0xe4, 0x98, 0x8b,
    0x63, 0x14, 0xbf, 0xa8, 0x1, 0x51, 0xfe, 0x90,
    0x5, 0x37, 0xfa, 0x60, 0x5, 0xc3, 0x2a, 0x56,
    0x51, 0xa0, 0xe2, 0x46, 0xc0, 0xfc,

    /* U+9694 "隔" */
    0xff, 0xfe, 0x40, 0x9, 0x0, 0x2c, 0xfe, 0xa3,
    0xa, 0x8f, 0xea, 0x0, 0x24, 0x0, 0x97, 0xfe,
    0x52, 0x9f, 0x4a, 0x69, 0x7d, 0x84, 0x46, 0x11,
    0x18, 0x44, 0xe0, 0x2,

    /* U+96C5 "雅" */
    0x0, 0x28, 0x7e, 0x6c, 0x44, 0x40, 0x24, 0xff,
    0x35, 0xc8, 0x25, 0x48, 0x7e, 0x7f, 0xc, 0x48,
    0x14, 0x48, 0x14, 0x7f, 0x34, 0x48, 0x24, 0x48,
    0x64, 0x48, 0x44, 0x7f, 0x1c, 0x40, 0xc, 0x40,

    /* U+96C6 "集" */
    0xc, 0xc0, 0xc, 0x20, 0x7, 0xff, 0xc6, 0x18,
    0x7, 0xff, 0xe2, 0x86, 0x0, 0x7f, 0xf8, 0x21,
    0x80, 0x1f, 0xff, 0x8, 0x0, 0x0, 0x30, 0xf,
    0xff, 0xf0, 0x2f, 0x0, 0x66, 0xe1, 0xe3, 0x1c,
    0x41, 0x82,

    /* U+96E8 "雨" */
    0xff, 0xfe, 0x2, 0x0, 0x4, 0x3, 0xff, 0xe4,
    0x10, 0xcb, 0x29, 0x93, 0x4b, 0x22, 0x96, 0x41,
    0x4c, 0xb2, 0xd9, 0x34, 0xb2, 0x8, 0x64, 0x13,
    0xc8, 0x3, 0x80,

    /* U+96EA "雪" */
    0x7f, 0xfc, 0x2, 0x3, 0xff, 0xfc, 0x8, 0x39,
    0xd7, 0x70, 0x20, 0xc0, 0x40, 0x1e, 0xbc, 0x0,
    0x0, 0xff, 0xf0, 0x0, 0x21, 0xff, 0xc0, 0x0,
    0x80, 0x1, 0x1f, 0xfe, 0x0, 0x4,

    /* U+96F6 "零" */
    0x3f, 0xfc, 0x1, 0x1, 0xff, 0xfa, 0x4, 0x15,
    0xcf, 0xa0, 0x10, 0x7, 0x4e, 0x1, 0xe0, 0xe,
    0x71, 0xf3, 0x3d, 0x84, 0x18, 0xff, 0xc0, 0x6,
    0x1, 0xd8, 0x0, 0x70, 0x0, 0x20,

    /* U+96F7 "雷" */
    0x7f, 0xf8, 0x2, 0x3, 0xff, 0xfc, 0x8, 0x3b,
    0xd7, 0x70, 0x20, 0x0, 0x40, 0x1e, 0xb8, 0x0,
    0x0, 0xff, 0xf1, 0x84, 0x23, 0xff, 0xc6, 0x10,
    0x8c, 0x21, 0x1f, 0xfe, 0x30, 0x4,

    /* U+96F9 "雹" */
    0x3f, 0xfc, 0x1, 0x1, 0xff, 0xfa, 0x4, 0x15,
    0xeb, 0xa3, 0xd7, 0x0, 0x20, 0xc, 0x0, 0x3f,
    0xfc, 0xc0, 0x8, 0x7f, 0x90, 0xff, 0x61, 0x0,
    0x22, 0x0, 0xc7, 0xff, 0x0,

    /* U+96FE "雾" */
    0x3f, 0xfe, 0x0, 0x80, 0x7f, 0xff, 0x40, 0x81,
    0x5e, 0xbd, 0x0, 0xa2, 0x1e, 0x1c, 0xf, 0xf8,
    0x30, 0x30, 0x7, 0xe0, 0xff, 0x3f, 0x61, 0x80,
    0x3f, 0xfc, 0x3, 0x4, 0xe, 0x3c, 0x38, 0x30,

    /* U+9700 "需" */
    0x7f, 0xfc, 0x2, 0x3, 0xff, 0xfc, 0x8, 0x1b,
    0xd7, 0x20, 0x20, 0xf, 0x5c, 0x0, 0x0, 0xff,
    0xfe, 0x4, 0x1, 0xff, 0xf3, 0x24, 0x66, 0x48,
    0xcc, 0x91, 0x99, 0x2f, 0x0,

    /* U+9730 "霰" */
    0x7f, 0xfc, 0x1, 0x0, 0xff, 0xfe, 0x81, 0x2,
    0x3d, 0x70, 0x7d, 0x7c, 0x32, 0x0, 0xff, 0xa0,
    0x32, 0x3e, 0xff, 0xcc, 0x7f, 0x68, 0x41, 0x28,
    0x7f, 0x30, 0x7f, 0x38, 0x43, 0xe6,

    /* U+9759 "静" */
    0x10, 0x20, 0x10, 0x60, 0xfe, 0x7c, 0x10, 0xcc,
    0xfd, 0x98, 0x10, 0xfe, 0xfe, 0x12, 0x0, 0xff,
    0x7e, 0xff, 0x42, 0x12, 0x42, 0x12, 0x7e, 0xfe,
    0x42, 0x10, 0x7e, 0x10, 0x42, 0x10, 0x46, 0x70,

    /* U+975E "非" */
    0x4, 0x60, 0x4, 0x60, 0x4, 0x60, 0xfc, 0x7f,
    0x4, 0x60, 0x4, 0x60, 0x4, 0x60, 0x7c, 0x7e,
    0x4, 0x60, 0x4, 0x60, 0x4, 0x60, 0xfc, 0x7f,
    0x4, 0x60, 0x4, 0x60, 0x4, 0x60, 0x0, 0x60,

    /* U+9760 "靠" */
    0x2, 0x0, 0x62, 0x0, 0xff, 0xe2, 0x8, 0xf,
    0xff, 0xe0, 0x0, 0xf, 0xfc, 0x10, 0x8, 0x3f,
    0xf0, 0x9, 0x3, 0xf3, 0xf0, 0x24, 0x7, 0xcf,
    0xc0, 0x90, 0x3f, 0x3f, 0x82, 0x40, 0x4, 0x80,

    /* U+9762 "面" */
    0xff, 0xfe, 0x1, 0x0, 0x2, 0x1, 0xff, 0xe2,
    0x22, 0x44, 0x44, 0x88, 0xf9, 0x11, 0x12, 0x22,
    0x24, 0x47, 0xc8, 0x88, 0x91, 0x11, 0x23, 0xff,
    0xc4, 0x0, 0x80,

    /* U+97F3 "音" */
    0x1, 0x80, 0x1, 0x80, 0x7f, 0xfe, 0x4, 0x20,
    0xc, 0x30, 0x4, 0x60, 0xff, 0xff, 0x0, 0x0,
    0x0, 0x0, 0x3f, 0xf8, 0x30, 0x8, 0x30, 0x8,
    0x3f, 0xf8, 0x30, 0x8, 0x3f, 0xf8, 0x30, 0x8,
    0x30, 0x8,

    /* U+9875 "页" */
    0xff, 0xfe, 0x6, 0x0, 0xc, 0x1, 0xff, 0xc3,
    0x1, 0x86, 0x63, 0xc, 0xc6, 0x19, 0x8c, 0x33,
    0x18, 0x6e, 0x30, 0x1b, 0x0, 0x63, 0x87, 0x81,
    0xdc, 0x1, 0x80,

    /* U+9876 "顶" */
    0xfd, 0xff, 0x8, 0x18, 0x4, 0xc, 0x2, 0x3f,
    0xc1, 0x18, 0x20, 0x8d, 0x90, 0x46, 0xc8, 0x23,
    0x64, 0x11, 0xb2, 0x8, 0xd9, 0x4, 0x68, 0xc2,
    0xf, 0x83, 0x1c, 0x73, 0x9c, 0x18, 0x0, 0x0,

    /* U+9879 "项" */
    0x3, 0xff, 0xf8, 0x30, 0x20, 0x20, 0x20, 0x20,
    0x21, 0xfe, 0x21, 0x6, 0x21, 0x26, 0x21, 0x36,
    0x21, 0x36, 0x21, 0x26, 0xf9, 0x26, 0xe1, 0x66,
    0x0, 0x78, 0x1, 0xcc, 0x7, 0x7, 0xe, 0x2,

    /* U+987A "顺" */
    0x42, 0xff, 0x52, 0x10, 0x52, 0x30, 0x52, 0xfe,
    0x52, 0x82, 0x52, 0x92, 0x52, 0x92, 0x52, 0x92,
    0x52, 0x92, 0x52, 0x92, 0x52, 0x92, 0x52, 0x2c,
    0xc2, 0x66, 0x83, 0xc3, 0x0, 0x0,

    /* U+987B "须" */
    0x10, 0x0, 0x1b, 0xff, 0x30, 0x20, 0x60, 0x60,
    0x41, 0xfe, 0x19, 0x6, 0x31, 0x36, 0x61, 0x26,
    0xc1, 0x26, 0xd, 0x26, 0x19, 0x26, 0x31, 0x66,
    0x60, 0x7c, 0xc1, 0xc6, 0x7, 0x3, 0x2, 0x0,

    /* U+9884 "预" */
    0xfb, 0xfe, 0x20, 0x41, 0x40, 0x83, 0x1f, 0xe2,
    0x3f, 0xdf, 0xe0, 0x8a, 0xc9, 0x15, 0x92, 0x23,
    0x24, 0x46, 0x48, 0x8d, 0x91, 0x2, 0xc2, 0x18,
    0xcd, 0xe0, 0xc1, 0x0, 0x0,

    /* U+9886 "领" */
    0x18, 0x0, 0x19, 0xff, 0x3c, 0x10, 0x26, 0x10,
    0x62, 0xfe, 0xd8, 0x82, 0x8, 0x82, 0x0, 0x92,
    0x7e, 0x92, 0x6, 0x92, 0x4, 0x92, 0x2c, 0x92,
    0x18, 0x3c, 0x18, 0x66, 0xf, 0xc3, 0x1, 0x0,

    /* U+9891 "频" */
    0x8, 0xfe, 0x48, 0x10, 0x4f, 0x10, 0x4b, 0x10,
    0x48, 0xfe, 0x48, 0x82, 0xff, 0x82, 0x8, 0x92,
    0x6b, 0x92, 0x4a, 0x92, 0x4a, 0x92, 0xc, 0xb2,
    0xc, 0x20, 0x38, 0x6e, 0xe1, 0xc3, 0x1, 0x0,

    /* U+9898 "题" */
    0x3e, 0xff, 0x11, 0x8, 0xf, 0x84, 0x4, 0x5f,
    0xc2, 0x2c, 0x21, 0xf6, 0x90, 0x3, 0x69, 0xfd,
    0xa4, 0x8, 0xd2, 0x14, 0x68, 0xb, 0x8d, 0xd,
    0xc, 0xc5, 0x8c, 0x22, 0x40, 0x3, 0x1f, 0xfc,

    /* U+989C "颜" */
    0x8, 0x0, 0xc, 0x7f, 0x7f, 0x18, 0x0, 0x18,
    0x32, 0x5e, 0x14, 0x7e, 0x7f, 0x42, 0x64, 0x4a,
    0x6c, 0x4a, 0x7a, 0x4a, 0x66, 0x4a, 0x4c, 0x4a,
    0x53, 0x10, 0x46, 0x34, 0xdc, 0x67, 0x59, 0xc3,
    0x0, 0x0,

    /* U+98CE "风" */
    0x3f, 0xf8, 0x20, 0x8, 0x20, 0x48, 0x28, 0x68,
    0x24, 0xc8, 0x22, 0x88, 0x23, 0x88, 0x21, 0x88,
    0x23, 0xc8, 0x26, 0x48, 0x6c, 0x68, 0x68, 0xf,
    0xc0, 0x7, 0x40, 0x2,

    /* U+98DE "飞" */
    0xff, 0xc0, 0x0, 0xcc, 0x0, 0xc8, 0x0, 0xd0,
    0x0, 0xf0, 0x0, 0xe0, 0x0, 0xf8, 0x0, 0xdc,
    0x0, 0xcc, 0x0, 0x64, 0x0, 0x60, 0x0, 0x62,
    0x0, 0x33, 0x0, 0x1f, 0x0, 0xe,

    /* U+9986 "馆" */
    0x30, 0x60, 0x40, 0x41, 0x8f, 0xfb, 0xf0, 0x1c,
    0xa0, 0x33, 0x3f, 0xa0, 0x41, 0x10, 0x82, 0x21,
    0xfc, 0x42, 0x0, 0x84, 0x1, 0xf, 0xf2, 0xd0,
    0x27, 0x20, 0x4c, 0x7f, 0x90, 0x81, 0x21, 0x0,

    /* U+9988 "馈" */
    0x0, 0x20, 0x30, 0x20, 0x21, 0xfe, 0x7d, 0x22,
    0x49, 0xfe, 0xd8, 0x20, 0x80, 0x20, 0x27, 0xff,
    0x20, 0x0, 0x21, 0xfe, 0x21, 0x2, 0x21, 0x22,
    0x21, 0x22, 0x2c, 0x30, 0x30, 0x5c, 0x21, 0x87,
    0x3, 0x2,

    /* U+9996 "首" */
    0x4, 0x20, 0x4, 0x20, 0x6, 0x60, 0xff, 0xff,
    0x1, 0x80, 0x1, 0x0, 0x1f, 0xf8, 0x10, 0x8,
    0x10, 0x8, 0x1f, 0xf8, 0x10, 0x8, 0x1f, 0xf8,
    0x10, 0x8, 0x10, 0x8, 0x1f, 0xf8, 0x10, 0x8,

    /* U+99A8 "馨" */
    0x0, 0x0, 0x8, 0x78, 0x7f, 0x48, 0x6a, 0xce,
    0x14, 0xfc, 0x7e, 0x8, 0x4a, 0x70, 0x74, 0xfe,
    0x5f, 0x40, 0x81, 0x0, 0x7f, 0xfe, 0x9, 0x30,
    0xf6, 0xd7, 0x1f, 0xf0, 0x10, 0x10, 0x1f, 0xf0,
    0x10, 0x10,

    /* U+9A6C "马" */
    0x7f, 0xf0, 0x0, 0xc1, 0x3, 0x4, 0xc, 0x10,
    0x30, 0x40, 0x81, 0x2, 0x7, 0xff, 0x0, 0xc,
    0x0, 0x3f, 0xfe, 0xc0, 0x3, 0x0, 0x1c, 0x0,
    0xe0,

    /* U+9A71 "驱" */
    0xf9, 0xfc, 0x12, 0x1, 0x24, 0x32, 0x4e, 0x64,
    0x96, 0x89, 0x27, 0x12, 0x4c, 0x3e, 0x9c, 0x5,
    0x28, 0xa, 0xdb, 0xd7, 0x16, 0x28, 0x0, 0x50,
    0x7, 0xbf, 0xc4, 0x0, 0x0,

    /* U+9A7B "驻" */
    0x0, 0x20, 0xfc, 0x30, 0xfc, 0x20, 0x9, 0xff,
    0x68, 0x30, 0x48, 0x30, 0x48, 0x30, 0x48, 0x30,
    0x49, 0xfe, 0x7d, 0xfe, 0x4, 0x30, 0xc, 0x30,
    0xfc, 0x30, 0xc, 0x30, 0x3b, 0xff, 0x10, 0x0,

    /* U+9A8C "验" */
    0x0, 0x60, 0xfc, 0x50, 0x4, 0xd0, 0x4c, 0x8c,
    0x69, 0x7, 0x4a, 0xfa, 0x48, 0x0, 0x48, 0x0,
    0x7d, 0x6c, 0x5, 0x6c, 0x5, 0x28, 0xf5, 0xa8,
    0x85, 0x98, 0x4, 0x10, 0x3b, 0xfe, 0x0, 0x0,

    /* U+9AD8 "高" */
    0x3, 0x0, 0x3, 0x7, 0xff, 0xf8, 0x0, 0x1,
    0xff, 0x2, 0x2, 0x4, 0x4, 0xf, 0xf8, 0x0,
    0x0, 0xff, 0xf9, 0x0, 0x12, 0x7f, 0x24, 0x82,
    0x49, 0x4, 0x93, 0xf9, 0x20, 0x6, 0x40, 0x1c,

    /* U+9B4F "魏" */
    0x0, 0x60, 0x1c, 0x40, 0x71, 0xfc, 0x11, 0x24,
    0xfd, 0x24, 0x31, 0xfc, 0x39, 0x24, 0x55, 0x24,
    0x81, 0xfc, 0x31, 0x20, 0xfc, 0x64, 0x64, 0x6a,
    0x48, 0xfe, 0x39, 0xa0, 0x37, 0x23, 0xc6, 0x3e,

    /* U+9C7C "鱼" */
    0x4, 0x0, 0x18, 0x0, 0x7f, 0xc1, 0x83, 0xe,
    0xc, 0x17, 0xff, 0x88, 0x43, 0x10, 0x86, 0x3f,
    0xfc, 0x42, 0x18, 0x84, 0x31, 0x8, 0x63, 0xff,
    0xc0, 0x0, 0x3f, 0xff, 0x80,

    /* U+9E23 "鸣" */
    0x0, 0xc0, 0x6, 0xf, 0x3f, 0xe4, 0x83, 0x92,
    0xce, 0x49, 0x29, 0x21, 0xa4, 0x8e, 0x92, 0x2,
    0x4f, 0xff, 0x0, 0x7c, 0x1, 0x97, 0xf6, 0x0,
    0x10, 0x0, 0xc0, 0xe,

    /* U+9ED1 "黑" */
    0x7f, 0xf8, 0xc2, 0x11, 0xb5, 0xa3, 0x6b, 0x46,
    0x10, 0x8f, 0xff, 0x0, 0x40, 0x0, 0x80, 0x7f,
    0xf8, 0x2, 0x0, 0x4, 0x7, 0xff, 0xf0, 0x0,
    0x8, 0x99, 0x31, 0x93, 0x42, 0x0,

    /* U+9ED8 "默" */
    0x0, 0x18, 0x3f, 0xcd, 0x12, 0x26, 0xcd, 0x53,
    0x25, 0xef, 0xf2, 0x47, 0xf9, 0xfe, 0x60, 0x10,
    0x30, 0x7f, 0x94, 0x4, 0xa, 0x1f, 0xed, 0x0,
    0x6, 0xc5, 0x4a, 0x32, 0xa3, 0x1f, 0x3, 0x6,
    0x0, 0x0,

    /* U+9F50 "齐" */
    0x1, 0x80, 0x1, 0x80, 0x7f, 0xfe, 0x0, 0x30,
    0xc, 0x60, 0x6, 0x40, 0x7, 0xc0, 0x3, 0xc0,
    0x1e, 0xfe, 0xf8, 0x1e, 0x4, 0x20, 0x4, 0x20,
    0xc, 0x20, 0xc, 0x20, 0x18, 0x20, 0x38, 0x20,
    0x20, 0x20,

    /* U+9F99 "龙" */
    0x6, 0x0, 0x6, 0x30, 0x6, 0x18, 0x6, 0x0,
    0xff, 0xfe, 0x6, 0x80, 0x4, 0x88, 0x4, 0x8c,
    0xc, 0x98, 0xc, 0xb0, 0x18, 0xa0, 0x18, 0xc0,
    0x30, 0x82, 0x63, 0x86, 0xc6, 0xfe,

    /* U+FF08 "（" */
    0x13, 0x26, 0x6c, 0xcc, 0xcc, 0xcc, 0x66, 0x23,
    0x10,

    /* U+FF09 "）" */
    0x8c, 0x46, 0x63, 0x33, 0x33, 0x33, 0x66, 0x4c,
    0x80,

    /* U+FF0C "，" */
    0xf5, 0x0,

    /* U+FF1A "：" */
    0xf0, 0x3, 0xc0,

    /* U+FF1B "；" */
    0xf0, 0x3, 0xd4
};


/*---------------------
 *  GLYPH DESCRIPTION
 *--------------------*/

static const lv_font_fmt_txt_glyph_dsc_t glyph_dsc[] = {
    {.bitmap_index = 0, .adv_w = 0, .box_w = 0, .box_h = 0, .ofs_x = 0, .ofs_y = 0} /* id = 0 reserved */,
    {.bitmap_index = 0, .adv_w = 72, .box_w = 1, .box_h = 1, .ofs_x = 0, .ofs_y = 0},
    {.bitmap_index = 1, .adv_w = 85, .box_w = 2, .box_h = 13, .ofs_x = 2, .ofs_y = 1},
    {.bitmap_index = 5, .adv_w = 89, .box_w = 4, .box_h = 4, .ofs_x = 1, .ofs_y = 10},
    {.bitmap_index = 7, .adv_w = 207, .box_w = 9, .box_h = 13, .ofs_x = 2, .ofs_y = 1},
    {.bitmap_index = 22, .adv_w = 223, .box_w = 13, .box_h = 14, .ofs_x = 1, .ofs_y = 0},
    {.bitmap_index = 45, .adv_w = 218, .box_w = 11, .box_h = 13, .ofs_x = 2, .ofs_y = 1},
    {.bitmap_index = 63, .adv_w = 57, .box_w = 1, .box_h = 4, .ofs_x = 1, .ofs_y = 10},
    {.bitmap_index = 64, .adv_w = 106, .box_w = 3, .box_h = 18, .ofs_x = 2, .ofs_y = -2},
    {.bitmap_index = 71, .adv_w = 106, .box_w = 3, .box_h = 18, .ofs_x = 1, .ofs_y = -2},
    {.bitmap_index = 78, .adv_w = 122, .box_w = 6, .box_h = 6, .ofs_x = 1, .ofs_y = 8},
    {.bitmap_index = 83, .adv_w = 175, .box_w = 9, .box_h = 9, .ofs_x = 1, .ofs_y = 3},
    {.bitmap_index = 94, .adv_w = 80, .box_w = 3, .box_h = 3, .ofs_x = 1, .ofs_y = 0},
    {.bitmap_index = 96, .adv_w = 96, .box_w = 5, .box_h = 1, .ofs_x = 1, .ofs_y = 6},
    {.bitmap_index = 97, .adv_w = 80, .box_w = 2, .box_h = 2, .ofs_x = 2, .ofs_y = 1},
    {.bitmap_index = 98, .adv_w = 126, .box_w = 6, .box_h = 15, .ofs_x = 1, .ofs_y = -1},
    {.bitmap_index = 110, .adv_w = 160, .box_w = 9, .box_h = 13, .ofs_x = 1, .ofs_y = 1},
    {.bitmap_index = 125, .adv_w = 160, .box_w = 3, .box_h = 13, .ofs_x = 3, .ofs_y = 1},
    {.bitmap_index = 130, .adv_w = 160, .box_w = 8, .box_h = 13, .ofs_x = 1, .ofs_y = 1},
    {.bitmap_index = 143, .adv_w = 160, .box_w = 9, .box_h = 13, .ofs_x = 0, .ofs_y = 1},
    {.bitmap_index = 158, .adv_w = 160, .box_w = 9, .box_h = 13, .ofs_x = 1, .ofs_y = 1},
    {.bitmap_index = 173, .adv_w = 160, .box_w = 8, .box_h = 13, .ofs_x = 1, .ofs_y = 1},
    {.bitmap_index = 186, .adv_w = 160, .box_w = 8, .box_h = 14, .ofs_x = 1, .ofs_y = 1},
    {.bitmap_index = 200, .adv_w = 160, .box_w = 8, .box_h = 13, .ofs_x = 1, .ofs_y = 1},
    {.bitmap_index = 213, .adv_w = 160, .box_w = 9, .box_h = 13, .ofs_x = 1, .ofs_y = 1},
    {.bitmap_index = 228, .adv_w = 160, .box_w = 8, .box_h = 14, .ofs_x = 1, .ofs_y = 0},
    {.bitmap_index = 242, .adv_w = 80, .box_w = 2, .box_h = 10, .ofs_x = 2, .ofs_y = 1},
    {.bitmap_index = 245, .adv_w = 80, .box_w = 3, .box_h = 11, .ofs_x = 1, .ofs_y = 0},
    {.bitmap_index = 250, .adv_w = 175, .box_w = 9, .box_h = 9, .ofs_x = 1, .ofs_y = 3},
    {.bitmap_index = 261, .adv_w = 175, .box_w = 9, .box_h = 5, .ofs_x = 1, .ofs_y = 5},
    {.bitmap_index = 267, .adv_w = 175, .box_w = 9, .box_h = 9, .ofs_x = 1, .ofs_y = 3},
    {.bitmap_index = 278, .adv_w = 143, .box_w = 7, .box_h = 13, .ofs_x = 1, .ofs_y = 1},
    {.bitmap_index = 290, .adv_w = 250, .box_w = 13, .box_h = 13, .ofs_x = 2, .ofs_y = 1},
    {.bitmap_index = 312, .adv_w = 213, .box_w = 13, .box_h = 13, .ofs_x = 0, .ofs_y = 1},
    {.bitmap_index = 334, .adv_w = 165, .box_w = 8, .box_h = 13, .ofs_x = 2, .ofs_y = 1},
    {.bitmap_index = 347, .adv_w = 234, .box_w = 12, .box_h = 13, .ofs_x = 1, .ofs_y = 1},
    {.bitmap_index = 367, .adv_w = 214, .box_w = 11, .box_h = 13, .ofs_x = 2, .ofs_y = 1},
    {.bitmap_index = 385, .adv_w = 154, .box_w = 7, .box_h = 13, .ofs_x = 2, .ofs_y = 1},
    {.bitmap_index = 397, .adv_w = 140, .box_w = 6, .box_h = 13, .ofs_x = 2, .ofs_y = 1},
    {.bitmap_index = 407, .adv_w = 251, .box_w = 14, .box_h = 13, .ofs_x = 2, .ofs_y = 1},
    {.bitmap_index = 430, .adv_w = 197, .box_w = 9, .box_h = 13, .ofs_x = 2, .ofs_y = 1},
    {.bitmap_index = 445, .adv_w = 65, .box_w = 1, .box_h = 13, .ofs_x = 1, .ofs_y = 1},
    {.bitmap_index = 447, .adv_w = 139, .box_w = 6, .box_h = 13, .ofs_x = 1, .ofs_y = 1},
    {.bitmap_index = 457, .adv_w = 170, .box_w = 8, .box_h = 13, .ofs_x = 2, .ofs_y = 1},
    {.bitmap_index = 470, .adv_w = 133, .box_w = 6, .box_h = 13, .ofs_x = 2, .ofs_y = 1},
    {.bitmap_index = 480, .adv_w = 265, .box_w = 15, .box_h = 13, .ofs_x = 1, .ofs_y = 1},
    {.bitmap_index = 505, .adv_w = 213, .box_w = 10, .box_h = 13, .ofs_x = 2, .ofs_y = 1},
    {.bitmap_index = 522, .adv_w = 250, .box_w = 13, .box_h = 13, .ofs_x = 1, .ofs_y = 1},
    {.bitmap_index = 544, .adv_w = 170, .box_w = 8, .box_h = 13, .ofs_x = 2, .ofs_y = 1},
    {.bitmap_index = 557, .adv_w = 251, .box_w = 13, .box_h = 14, .ofs_x = 1, .ofs_y = 0},
    {.bitmap_index = 580, .adv_w = 175, .box_w = 8, .box_h = 13, .ofs_x = 2, .ofs_y = 1},
    {.bitmap_index = 593, .adv_w = 143, .box_w = 8, .box_h = 13, .ofs_x = 0, .ofs_y = 1},
    {.bitmap_index = 606, .adv_w = 123, .box_w = 7, .box_h = 13, .ofs_x = 1, .ofs_y = 1},
    {.bitmap_index = 618, .adv_w = 189, .box_w = 8, .box_h = 13, .ofs_x = 2, .ofs_y = 1},
    {.bitmap_index = 631, .adv_w = 202, .box_w = 11, .box_h = 13, .ofs_x = 1, .ofs_y = 1},
    {.bitmap_index = 649, .adv_w = 276, .box_w = 15, .box_h = 13, .ofs_x = 1, .ofs_y = 1},
    {.bitmap_index = 674, .adv_w = 175, .box_w = 9, .box_h = 13, .ofs_x = 1, .ofs_y = 1},
    {.bitmap_index = 689, .adv_w = 170, .box_w = 9, .box_h = 13, .ofs_x = 1, .ofs_y = 1},
    {.bitmap_index = 704, .adv_w = 138, .box_w = 8, .box_h = 13, .ofs_x = 0, .ofs_y = 1},
    {.bitmap_index = 717, .adv_w = 101, .box_w = 3, .box_h = 17, .ofs_x = 3, .ofs_y = -2},
    {.bitmap_index = 724, .adv_w = 174, .box_w = 9, .box_h = 15, .ofs_x = 1, .ofs_y = -1},
    {.bitmap_index = 741, .adv_w = 101, .box_w = 3, .box_h = 17, .ofs_x = 1, .ofs_y = -2},
    {.bitmap_index = 748, .adv_w = 194, .box_w = 10, .box_h = 10, .ofs_x = 1, .ofs_y = 4},
    {.bitmap_index = 761, .adv_w = 144, .box_w = 9, .box_h = 1, .ofs_x = 0, .ofs_y = -1},
    {.bitmap_index = 763, .adv_w = 197, .box_w = 10, .box_h = 10, .ofs_x = 1, .ofs_y = 1},
    {.bitmap_index = 776, .adv_w = 196, .box_w = 10, .box_h = 13, .ofs_x = 1, .ofs_y = 1},
    {.bitmap_index = 793, .adv_w = 186, .box_w = 10, .box_h = 10, .ofs_x = 2, .ofs_y = 1},
    {.bitmap_index = 806, .adv_w = 197, .box_w = 10, .box_h = 13, .ofs_x = 1, .ofs_y = 1},
    {.bitmap_index = 823, .adv_w = 187, .box_w = 10, .box_h = 10, .ofs_x = 1, .ofs_y = 1},
    {.bitmap_index = 836, .adv_w = 90, .box_w = 4, .box_h = 13, .ofs_x = 1, .ofs_y = 1},
    {.bitmap_index = 843, .adv_w = 194, .box_w = 10, .box_h = 13, .ofs_x = 1, .ofs_y = -2},
    {.bitmap_index = 860, .adv_w = 176, .box_w = 8, .box_h = 13, .ofs_x = 1, .ofs_y = 1},
    {.bitmap_index = 873, .adv_w = 58, .box_w = 2, .box_h = 13, .ofs_x = 1, .ofs_y = 1},
    {.bitmap_index = 877, .adv_w = 58, .box_w = 3, .box_h = 16, .ofs_x = 0, .ofs_y = -2},
    {.bitmap_index = 883, .adv_w = 145, .box_w = 8, .box_h = 13, .ofs_x = 1, .ofs_y = 1},
    {.bitmap_index = 896, .adv_w = 58, .box_w = 1, .box_h = 13, .ofs_x = 1, .ofs_y = 1},
    {.bitmap_index = 898, .adv_w = 270, .box_w = 15, .box_h = 10, .ofs_x = 1, .ofs_y = 1},
    {.bitmap_index = 917, .adv_w = 176, .box_w = 8, .box_h = 10, .ofs_x = 1, .ofs_y = 1},
    {.bitmap_index = 927, .adv_w = 189, .box_w = 10, .box_h = 10, .ofs_x = 1, .ofs_y = 1},
    {.bitmap_index = 940, .adv_w = 196, .box_w = 10, .box_h = 13, .ofs_x = 1, .ofs_y = -2},
    {.bitmap_index = 957, .adv_w = 196, .box_w = 10, .box_h = 13, .ofs_x = 1, .ofs_y = -2},
    {.bitmap_index = 974, .adv_w = 87, .box_w = 4, .box_h = 10, .ofs_x = 1, .ofs_y = 1},
    {.bitmap_index = 979, .adv_w = 112, .box_w = 5, .box_h = 10, .ofs_x = 1, .ofs_y = 1},
    {.bitmap_index = 986, .adv_w = 98, .box_w = 5, .box_h = 13, .ofs_x = 1, .ofs_y = 1},
    {.bitmap_index = 995, .adv_w = 175, .box_w = 8, .box_h = 10, .ofs_x = 1, .ofs_y = 1},
    {.bitmap_index = 1005, .adv_w = 160, .box_w = 9, .box_h = 10, .ofs_x = 0, .ofs_y = 1},
    {.bitmap_index = 1017, .adv_w = 239, .box_w = 15, .box_h = 10, .ofs_x = 0, .ofs_y = 1},
    {.bitmap_index = 1036, .adv_w = 138, .box_w = 9, .box_h = 10, .ofs_x = 0, .ofs_y = 1},
    {.bitmap_index = 1048, .adv_w = 154, .box_w = 9, .box_h = 13, .ofs_x = 0, .ofs_y = -2},
    {.bitmap_index = 1063, .adv_w = 122, .box_w = 8, .box_h = 10, .ofs_x = 0, .ofs_y = 1},
    {.bitmap_index = 1073, .adv_w = 101, .box_w = 6, .box_h = 17, .ofs_x = 1, .ofs_y = -2},
    {.bitmap_index = 1086, .adv_w = 194, .box_w = 1, .box_h = 17, .ofs_x = 5, .ofs_y = -2},
    {.bitmap_index = 1089, .adv_w = 101, .box_w = 6, .box_h = 17, .ofs_x = 1, .ofs_y = -2},
    {.bitmap_index = 1102, .adv_w = 175, .box_w = 9, .box_h = 3, .ofs_x = 1, .ofs_y = 6},
    {.bitmap_index = 1106, .adv_w = 81, .box_w = 1, .box_h = 1, .ofs_x = 0, .ofs_y = 0},
    {.bitmap_index = 1107, .adv_w = 85, .box_w = 2, .box_h = 13, .ofs_x = 2, .ofs_y = -2},
    {.bitmap_index = 1111, .adv_w = 160, .box_w = 8, .box_h = 14, .ofs_x = 1, .ofs_y = -1},
    {.bitmap_index = 1125, .adv_w = 160, .box_w = 9, .box_h = 13, .ofs_x = 1, .ofs_y = 1},
    {.bitmap_index = 1140, .adv_w = 288, .box_w = 13, .box_h = 13, .ofs_x = 2, .ofs_y = 0},
    {.bitmap_index = 1162, .adv_w = 160, .box_w = 10, .box_h = 13, .ofs_x = 0, .ofs_y = 1},
    {.bitmap_index = 1179, .adv_w = 194, .box_w = 1, .box_h = 16, .ofs_x = 5, .ofs_y = -2},
    {.bitmap_index = 1181, .adv_w = 288, .box_w = 6, .box_h = 16, .ofs_x = 6, .ofs_y = -2},
    {.bitmap_index = 1193, .adv_w = 288, .box_w = 8, .box_h = 2, .ofs_x = 5, .ofs_y = 10},
    {.bitmap_index = 1195, .adv_w = 221, .box_w = 14, .box_h = 14, .ofs_x = 0, .ofs_y = 1},
    {.bitmap_index = 1220, .adv_w = 106, .box_w = 5, .box_h = 8, .ofs_x = 1, .ofs_y = 6},
    {.bitmap_index = 1225, .adv_w = 122, .box_w = 7, .box_h = 10, .ofs_x = 0, .ofs_y = 1},
    {.bitmap_index = 1234, .adv_w = 175, .box_w = 9, .box_h = 5, .ofs_x = 1, .ofs_y = 5},
    {.bitmap_index = 1240, .adv_w = 288, .box_w = 14, .box_h = 15, .ofs_x = 2, .ofs_y = -1},
    {.bitmap_index = 1267, .adv_w = 221, .box_w = 14, .box_h = 14, .ofs_x = 0, .ofs_y = 1},
    {.bitmap_index = 1292, .adv_w = 144, .box_w = 9, .box_h = 1, .ofs_x = 0, .ofs_y = 15},
    {.bitmap_index = 1294, .adv_w = 288, .box_w = 5, .box_h = 5, .ofs_x = 2, .ofs_y = 10},
    {.bitmap_index = 1298, .adv_w = 288, .box_w = 11, .box_h = 13, .ofs_x = 4, .ofs_y = 1},
    {.bitmap_index = 1316, .adv_w = 96, .box_w = 5, .box_h = 6, .ofs_x = 0, .ofs_y = 8},
    {.bitmap_index = 1320, .adv_w = 99, .box_w = 5, .box_h = 6, .ofs_x = 0, .ofs_y = 8},
    {.bitmap_index = 1324, .adv_w = 108, .box_w = 4, .box_h = 3, .ofs_x = 2, .ofs_y = 13},
    {.bitmap_index = 1326, .adv_w = 176, .box_w = 8, .box_h = 13, .ofs_x = 1, .ofs_y = -2},
    {.bitmap_index = 1339, .adv_w = 162, .box_w = 9, .box_h = 16, .ofs_x = 0, .ofs_y = -2},
    {.bitmap_index = 1357, .adv_w = 288, .box_w = 2, .box_h = 2, .ofs_x = 8, .ofs_y = 5},
    {.bitmap_index = 1358, .adv_w = 93, .box_w = 3, .box_h = 3, .ofs_x = 2, .ofs_y = -2},
    {.bitmap_index = 1360, .adv_w = 96, .box_w = 2, .box_h = 6, .ofs_x = 2, .ofs_y = 8},
    {.bitmap_index = 1362, .adv_w = 106, .box_w = 6, .box_h = 8, .ofs_x = 1, .ofs_y = 6},
    {.bitmap_index = 1368, .adv_w = 122, .box_w = 7, .box_h = 10, .ofs_x = 0, .ofs_y = 1},
    {.bitmap_index = 1377, .adv_w = 239, .box_w = 13, .box_h = 14, .ofs_x = 1, .ofs_y = 0},
    {.bitmap_index = 1400, .adv_w = 239, .box_w = 13, .box_h = 13, .ofs_x = 1, .ofs_y = 1},
    {.bitmap_index = 1422, .adv_w = 239, .box_w = 14, .box_h = 14, .ofs_x = 1, .ofs_y = 0},
    {.bitmap_index = 1447, .adv_w = 143, .box_w = 9, .box_h = 13, .ofs_x = 1, .ofs_y = -2},
    {.bitmap_index = 1462, .adv_w = 213, .box_w = 13, .box_h = 15, .ofs_x = 0, .ofs_y = 1},
    {.bitmap_index = 1487, .adv_w = 213, .box_w = 13, .box_h = 15, .ofs_x = 0, .ofs_y = 1},
    {.bitmap_index = 1512, .adv_w = 213, .box_w = 13, .box_h = 14, .ofs_x = 0, .ofs_y = 1},
    {.bitmap_index = 1535, .adv_w = 213, .box_w = 13, .box_h = 13, .ofs_x = 0, .ofs_y = 1},
    {.bitmap_index = 1557, .adv_w = 213, .box_w = 13, .box_h = 14, .ofs_x = 0, .ofs_y = 1},
    {.bitmap_index = 1580, .adv_w = 213, .box_w = 12, .box_h = 15, .ofs_x = 1, .ofs_y = 1},
    {.bitmap_index = 1603, .adv_w = 286, .box_w = 17, .box_h = 13, .ofs_x = 0, .ofs_y = 1},
    {.bitmap_index = 1631, .adv_w = 234, .box_w = 13, .box_h = 15, .ofs_x = 1, .ofs_y = -2},
    {.bitmap_index = 1656, .adv_w = 154, .box_w = 7, .box_h = 15, .ofs_x = 2, .ofs_y = 1},
    {.bitmap_index = 1670, .adv_w = 154, .box_w = 7, .box_h = 15, .ofs_x = 2, .ofs_y = 1},
    {.bitmap_index = 1684, .adv_w = 154, .box_w = 7, .box_h = 14, .ofs_x = 2, .ofs_y = 1},
    {.bitmap_index = 1697, .adv_w = 154, .box_w = 8, .box_h = 14, .ofs_x = 2, .ofs_y = 1},
    {.bitmap_index = 1711, .adv_w = 67, .box_w = 3, .box_h = 15, .ofs_x = 0, .ofs_y = 1},
    {.bitmap_index = 1717, .adv_w = 67, .box_w = 3, .box_h = 15, .ofs_x = 0, .ofs_y = 1},
    {.bitmap_index = 1723, .adv_w = 103, .box_w = 7, .box_h = 14, .ofs_x = 0, .ofs_y = 1},
    {.bitmap_index = 1736, .adv_w = 86, .box_w = 5, .box_h = 14, .ofs_x = 0, .ofs_y = 1},
    {.bitmap_index = 1745, .adv_w = 228, .box_w = 13, .box_h = 13, .ofs_x = 1, .ofs_y = 1},
    {.bitmap_index = 1767, .adv_w = 213, .box_w = 10, .box_h = 13, .ofs_x = 2, .ofs_y = 1},
    {.bitmap_index = 1784, .adv_w = 250, .box_w = 13, .box_h = 15, .ofs_x = 1, .ofs_y = 1},
    {.bitmap_index = 1809, .adv_w = 250, .box_w = 13, .box_h = 15, .ofs_x = 1, .ofs_y = 1},
    {.bitmap_index = 1834, .adv_w = 250, .box_w = 13, .box_h = 15, .ofs_x = 1, .ofs_y = 1},
    {.bitmap_index = 1859, .adv_w = 250, .box_w = 13, .box_h = 13, .ofs_x = 1, .ofs_y = 1},
    {.bitmap_index = 1881, .adv_w = 250, .box_w = 13, .box_h = 14, .ofs_x = 1, .ofs_y = 1},
    {.bitmap_index = 1904, .adv_w = 288, .box_w = 11, .box_h = 11, .ofs_x = 3, .ofs_y = 1},
    {.bitmap_index = 1920, .adv_w = 250, .box_w = 13, .box_h = 14, .ofs_x = 1, .ofs_y = 0},
    {.bitmap_index = 1943, .adv_w = 189, .box_w = 8, .box_h = 15, .ofs_x = 2, .ofs_y = 1},
    {.bitmap_index = 1958, .adv_w = 189, .box_w = 8, .box_h = 15, .ofs_x = 2, .ofs_y = 1},
    {.bitmap_index = 1973, .adv_w = 189, .box_w = 8, .box_h = 15, .ofs_x = 2, .ofs_y = 1},
    {.bitmap_index = 1988, .adv_w = 189, .box_w = 8, .box_h = 14, .ofs_x = 2, .ofs_y = 1},
    {.bitmap_index = 2002, .adv_w = 170, .box_w = 9, .box_h = 15, .ofs_x = 1, .ofs_y = 1},
    {.bitmap_index = 2019, .adv_w = 170, .box_w = 8, .box_h = 13, .ofs_x = 2, .ofs_y = 1},
    {.bitmap_index = 2032, .adv_w = 160, .box_w = 8, .box_h = 13, .ofs_x = 1, .ofs_y = 1},
    {.bitmap_index = 2045, .adv_w = 197, .box_w = 10, .box_h = 13, .ofs_x = 1, .ofs_y = 1},
    {.bitmap_index = 2062, .adv_w = 197, .box_w = 10, .box_h = 13, .ofs_x = 1, .ofs_y = 1},
    {.bitmap_index = 2079, .adv_w = 197, .box_w = 10, .box_h = 13, .ofs_x = 1, .ofs_y = 1},
    {.bitmap_index = 2096, .adv_w = 197, .box_w = 10, .box_h = 13, .ofs_x = 1, .ofs_y = 1},
    {.bitmap_index = 2113, .adv_w = 197, .box_w = 10, .box_h = 13, .ofs_x = 1, .ofs_y = 1},
    {.bitmap_index = 2130, .adv_w = 197, .box_w = 10, .box_h = 13, .ofs_x = 1, .ofs_y = 1},
    {.bitmap_index = 2147, .adv_w = 288, .box_w = 18, .box_h = 10, .ofs_x = 1, .ofs_y = 1},
    {.bitmap_index = 2170, .adv_w = 186, .box_w = 10, .box_h = 13, .ofs_x = 2, .ofs_y = -2},
    {.bitmap_index = 2187, .adv_w = 187, .box_w = 10, .box_h = 13, .ofs_x = 1, .ofs_y = 1},
    {.bitmap_index = 2204, .adv_w = 187, .box_w = 10, .box_h = 13, .ofs_x = 1, .ofs_y = 1},
    {.bitmap_index = 2221, .adv_w = 187, .box_w = 10, .box_h = 13, .ofs_x = 1, .ofs_y = 1},
    {.bitmap_index = 2238, .adv_w = 187, .box_w = 10, .box_h = 13, .ofs_x = 1, .ofs_y = 1},
    {.bitmap_index = 2255, .adv_w = 67, .box_w = 4, .box_h = 13, .ofs_x = 0, .ofs_y = 1},
    {.bitmap_index = 2262, .adv_w = 67, .box_w = 4, .box_h = 13, .ofs_x = 0, .ofs_y = 1},
    {.bitmap_index = 2269, .adv_w = 103, .box_w = 7, .box_h = 13, .ofs_x = 0, .ofs_y = 1},
    {.bitmap_index = 2281, .adv_w = 86, .box_w = 5, .box_h = 13, .ofs_x = 0, .ofs_y = 1},
    {.bitmap_index = 2290, .adv_w = 189, .box_w = 10, .box_h = 13, .ofs_x = 2, .ofs_y = 1},
    {.bitmap_index = 2307, .adv_w = 176, .box_w = 8, .box_h = 13, .ofs_x = 1, .ofs_y = 1},
    {.bitmap_index = 2320, .adv_w = 189, .box_w = 10, .box_h = 13, .ofs_x = 1, .ofs_y = 1},
    {.bitmap_index = 2337, .adv_w = 189, .box_w = 10, .box_h = 13, .ofs_x = 1, .ofs_y = 1},
    {.bitmap_index = 2354, .adv_w = 189, .box_w = 10, .box_h = 13, .ofs_x = 1, .ofs_y = 1},
    {.bitmap_index = 2371, .adv_w = 189, .box_w = 10, .box_h = 13, .ofs_x = 1, .ofs_y = 1},
    {.bitmap_index = 2388, .adv_w = 189, .box_w = 10, .box_h = 13, .ofs_x = 1, .ofs_y = 1},
    {.bitmap_index = 2405, .adv_w = 288, .box_w = 12, .box_h = 8, .ofs_x = 3, .ofs_y = 3},
    {.bitmap_index = 2417, .adv_w = 188, .box_w = 10, .box_h = 10, .ofs_x = 1, .ofs_y = 1},
    {.bitmap_index = 2430, .adv_w = 175, .box_w = 8, .box_h = 13, .ofs_x = 1, .ofs_y = 1},
    {.bitmap_index = 2443, .adv_w = 175, .box_w = 8, .box_h = 13, .ofs_x = 1, .ofs_y = 1},
    {.bitmap_index = 2456, .adv_w = 175, .box_w = 8, .box_h = 13, .ofs_x = 1, .ofs_y = 1},
    {.bitmap_index = 2469, .adv_w = 175, .box_w = 8, .box_h = 13, .ofs_x = 1, .ofs_y = 1},
    {.bitmap_index = 2482, .adv_w = 154, .box_w = 9, .box_h = 18, .ofs_x = 0, .ofs_y = -2},
    {.bitmap_index = 2503, .adv_w = 196, .box_w = 10, .box_h = 16, .ofs_x = 1, .ofs_y = -2},
    {.bitmap_index = 2523, .adv_w = 154, .box_w = 10, .box_h = 16, .ofs_x = 0, .ofs_y = -2},
    {.bitmap_index = 2543, .adv_w = 213, .box_w = 12, .box_h = 14, .ofs_x = 1, .ofs_y = 1},
    {.bitmap_index = 2564, .adv_w = 197, .box_w = 10, .box_h = 13, .ofs_x = 1, .ofs_y = 1},
    {.bitmap_index = 2581, .adv_w = 213, .box_w = 13, .box_h = 15, .ofs_x = 0, .ofs_y = 1},
    {.bitmap_index = 2606, .adv_w = 197, .box_w = 10, .box_h = 13, .ofs_x = 1, .ofs_y = 1},
    {.bitmap_index = 2623, .adv_w = 213, .box_w = 13, .box_h = 15, .ofs_x = 0, .ofs_y = -2},
    {.bitmap_index = 2648, .adv_w = 197, .box_w = 11, .box_h = 13, .ofs_x = 1, .ofs_y = -2},
    {.bitmap_index = 2666, .adv_w = 234, .box_w = 12, .box_h = 15, .ofs_x = 1, .ofs_y = 1},
    {.bitmap_index = 2689, .adv_w = 186, .box_w = 10, .box_h = 15, .ofs_x = 2, .ofs_y = 1},
    {.bitmap_index = 2708, .adv_w = 234, .box_w = 12, .box_h = 15, .ofs_x = 1, .ofs_y = 1},
    {.bitmap_index = 2731, .adv_w = 186, .box_w = 10, .box_h = 13, .ofs_x = 2, .ofs_y = 1},
    {.bitmap_index = 2748, .adv_w = 234, .box_w = 13, .box_h = 15, .ofs_x = 1, .ofs_y = 1},
    {.bitmap_index = 2773, .adv_w = 186, .box_w = 10, .box_h = 13, .ofs_x = 2, .ofs_y = 1},
    {.bitmap_index = 2790, .adv_w = 234, .box_w = 12, .box_h = 15, .ofs_x = 1, .ofs_y = 1},
    {.bitmap_index = 2813, .adv_w = 186, .box_w = 10, .box_h = 13, .ofs_x = 2, .ofs_y = 1},
    {.bitmap_index = 2830, .adv_w = 214, .box_w = 11, .box_h = 15, .ofs_x = 2, .ofs_y = 1},
    {.bitmap_index = 2851, .adv_w = 207, .box_w = 12, .box_h = 13, .ofs_x = 1, .ofs_y = 1},
    {.bitmap_index = 2871, .adv_w = 228, .box_w = 13, .box_h = 13, .ofs_x = 1, .ofs_y = 1},
    {.bitmap_index = 2893, .adv_w = 197, .box_w = 11, .box_h = 13, .ofs_x = 1, .ofs_y = 1},
    {.bitmap_index = 2911, .adv_w = 154, .box_w = 8, .box_h = 14, .ofs_x = 2, .ofs_y = 1},
    {.bitmap_index = 2925, .adv_w = 187, .box_w = 10, .box_h = 13, .ofs_x = 1, .ofs_y = 1},
    {.bitmap_index = 2942, .adv_w = 154, .box_w = 7, .box_h = 15, .ofs_x = 2, .ofs_y = 1},
    {.bitmap_index = 2956, .adv_w = 187, .box_w = 10, .box_h = 13, .ofs_x = 1, .ofs_y = 1},
    {.bitmap_index = 2973, .adv_w = 154, .box_w = 8, .box_h = 14, .ofs_x = 2, .ofs_y = 1},
    {.bitmap_index = 2987, .adv_w = 187, .box_w = 10, .box_h = 13, .ofs_x = 1, .ofs_y = 1},
    {.bitmap_index = 3004, .adv_w = 154, .box_w = 7, .box_h = 15, .ofs_x = 2, .ofs_y = -2},
    {.bitmap_index = 3018, .adv_w = 187, .box_w = 10, .box_h = 13, .ofs_x = 1, .ofs_y = -2},
    {.bitmap_index = 3035, .adv_w = 154, .box_w = 7, .box_h = 15, .ofs_x = 2, .ofs_y = 1},
    {.bitmap_index = 3049, .adv_w = 187, .box_w = 10, .box_h = 13, .ofs_x = 1, .ofs_y = 1},
    {.bitmap_index = 3066, .adv_w = 251, .box_w = 14, .box_h = 15, .ofs_x = 2, .ofs_y = 1},
    {.bitmap_index = 3093, .adv_w = 194, .box_w = 10, .box_h = 16, .ofs_x = 1, .ofs_y = -2},
    {.bitmap_index = 3113, .adv_w = 251, .box_w = 14, .box_h = 15, .ofs_x = 1, .ofs_y = 1},
    {.bitmap_index = 3140, .adv_w = 194, .box_w = 10, .box_h = 16, .ofs_x = 1, .ofs_y = -2},
    {.bitmap_index = 3160, .adv_w = 251, .box_w = 14, .box_h = 15, .ofs_x = 2, .ofs_y = 1},
    {.bitmap_index = 3187, .adv_w = 194, .box_w = 10, .box_h = 16, .ofs_x = 1, .ofs_y = -2},
    {.bitmap_index = 3207, .adv_w = 251, .box_w = 14, .box_h = 15, .ofs_x = 2, .ofs_y = -2},
    {.bitmap_index = 3234, .adv_w = 194, .box_w = 10, .box_h = 18, .ofs_x = 1, .ofs_y = -2},
    {.bitmap_index = 3257, .adv_w = 197, .box_w = 9, .box_h = 14, .ofs_x = 2, .ofs_y = 1},
    {.bitmap_index = 3273, .adv_w = 176, .box_w = 8, .box_h = 15, .ofs_x = 1, .ofs_y = 1},
    {.bitmap_index = 3288, .adv_w = 197, .box_w = 12, .box_h = 13, .ofs_x = 1, .ofs_y = 1},
    {.bitmap_index = 3308, .adv_w = 176, .box_w = 10, .box_h = 13, .ofs_x = 1, .ofs_y = 1},
    {.bitmap_index = 3325, .adv_w = 104, .box_w = 6, .box_h = 13, .ofs_x = 0, .ofs_y = 1},
    {.bitmap_index = 3335, .adv_w = 104, .box_w = 6, .box_h = 13, .ofs_x = 0, .ofs_y = 1},
    {.bitmap_index = 3345, .adv_w = 97, .box_w = 6, .box_h = 14, .ofs_x = 0, .ofs_y = 1},
    {.bitmap_index = 3356, .adv_w = 104, .box_w = 6, .box_h = 13, .ofs_x = 1, .ofs_y = 1},
    {.bitmap_index = 3366, .adv_w = 100, .box_w = 6, .box_h = 15, .ofs_x = 0, .ofs_y = 1},
    {.bitmap_index = 3378, .adv_w = 100, .box_w = 6, .box_h = 13, .ofs_x = 0, .ofs_y = 1},
    {.bitmap_index = 3388, .adv_w = 65, .box_w = 3, .box_h = 14, .ofs_x = 1, .ofs_y = -2},
    {.bitmap_index = 3394, .adv_w = 58, .box_w = 2, .box_h = 16, .ofs_x = 1, .ofs_y = -2},
    {.bitmap_index = 3398, .adv_w = 64, .box_w = 2, .box_h = 14, .ofs_x = 1, .ofs_y = 1},
    {.bitmap_index = 3402, .adv_w = 58, .box_w = 1, .box_h = 10, .ofs_x = 1, .ofs_y = 1},
    {.bitmap_index = 3404, .adv_w = 204, .box_w = 10, .box_h = 13, .ofs_x = 1, .ofs_y = 1},
    {.bitmap_index = 3421, .adv_w = 116, .box_w = 6, .box_h = 16, .ofs_x = 1, .ofs_y = -2},
    {.bitmap_index = 3433, .adv_w = 139, .box_w = 8, .box_h = 15, .ofs_x = 1, .ofs_y = 1},
    {.bitmap_index = 3448, .adv_w = 103, .box_w = 7, .box_h = 16, .ofs_x = 0, .ofs_y = -2},
    {.bitmap_index = 3462, .adv_w = 170, .box_w = 9, .box_h = 14, .ofs_x = 2, .ofs_y = -2},
    {.bitmap_index = 3478, .adv_w = 145, .box_w = 8, .box_h = 16, .ofs_x = 1, .ofs_y = -2},
    {.bitmap_index = 3494, .adv_w = 145, .box_w = 8, .box_h = 10, .ofs_x = 1, .ofs_y = 1},
    {.bitmap_index = 3504, .adv_w = 133, .box_w = 6, .box_h = 15, .ofs_x = 2, .ofs_y = 1},
    {.bitmap_index = 3516, .adv_w = 67, .box_w = 4, .box_h = 15, .ofs_x = 0, .ofs_y = 1},
    {.bitmap_index = 3524, .adv_w = 133, .box_w = 6, .box_h = 15, .ofs_x = 2, .ofs_y = -2},
    {.bitmap_index = 3536, .adv_w = 58, .box_w = 3, .box_h = 16, .ofs_x = 0, .ofs_y = -2},
    {.bitmap_index = 3542, .adv_w = 133, .box_w = 6, .box_h = 13, .ofs_x = 2, .ofs_y = 1},
    {.bitmap_index = 3552, .adv_w = 70, .box_w = 3, .box_h = 13, .ofs_x = 1, .ofs_y = 1},
    {.bitmap_index = 3557, .adv_w = 169, .box_w = 9, .box_h = 11, .ofs_x = 2, .ofs_y = 1},
    {.bitmap_index = 3570, .adv_w = 83, .box_w = 4, .box_h = 13, .ofs_x = 1, .ofs_y = 1},
    {.bitmap_index = 3577, .adv_w = 149, .box_w = 8, .box_h = 13, .ofs_x = 1, .ofs_y = 1},
    {.bitmap_index = 3590, .adv_w = 86, .box_w = 5, .box_h = 13, .ofs_x = 0, .ofs_y = 1},
    {.bitmap_index = 3599, .adv_w = 213, .box_w = 10, .box_h = 15, .ofs_x = 2, .ofs_y = 1},
    {.bitmap_index = 3618, .adv_w = 176, .box_w = 8, .box_h = 14, .ofs_x = 1, .ofs_y = 1},
    {.bitmap_index = 3632, .adv_w = 213, .box_w = 10, .box_h = 14, .ofs_x = 2, .ofs_y = -2},
    {.bitmap_index = 3650, .adv_w = 176, .box_w = 8, .box_h = 13, .ofs_x = 1, .ofs_y = -2},
    {.bitmap_index = 3663, .adv_w = 213, .box_w = 10, .box_h = 15, .ofs_x = 2, .ofs_y = 1},
    {.bitmap_index = 3682, .adv_w = 176, .box_w = 8, .box_h = 13, .ofs_x = 1, .ofs_y = 1},
    {.bitmap_index = 3695, .adv_w = 176, .box_w = 10, .box_h = 13, .ofs_x = 1, .ofs_y = 1},
    {.bitmap_index = 3712, .adv_w = 213, .box_w = 10, .box_h = 16, .ofs_x = 2, .ofs_y = -2},
    {.bitmap_index = 3732, .adv_w = 176, .box_w = 8, .box_h = 13, .ofs_x = 1, .ofs_y = -2},
    {.bitmap_index = 3745, .adv_w = 250, .box_w = 13, .box_h = 14, .ofs_x = 1, .ofs_y = 1},
    {.bitmap_index = 3768, .adv_w = 189, .box_w = 10, .box_h = 13, .ofs_x = 1, .ofs_y = 1},
    {.bitmap_index = 3785, .adv_w = 250, .box_w = 13, .box_h = 15, .ofs_x = 1, .ofs_y = 1},
    {.bitmap_index = 3810, .adv_w = 189, .box_w = 10, .box_h = 13, .ofs_x = 1, .ofs_y = 1},
    {.bitmap_index = 3827, .adv_w = 250, .box_w = 13, .box_h = 15, .ofs_x = 1, .ofs_y = 1},
    {.bitmap_index = 3852, .adv_w = 189, .box_w = 10, .box_h = 14, .ofs_x = 1, .ofs_y = 1},
    {.bitmap_index = 3870, .adv_w = 288, .box_w = 18, .box_h = 13, .ofs_x = 1, .ofs_y = 1},
    {.bitmap_index = 3900, .adv_w = 288, .box_w = 18, .box_h = 10, .ofs_x = 1, .ofs_y = 1},
    {.bitmap_index = 3923, .adv_w = 175, .box_w = 8, .box_h = 15, .ofs_x = 2, .ofs_y = 1},
    {.bitmap_index = 3938, .adv_w = 87, .box_w = 4, .box_h = 13, .ofs_x = 1, .ofs_y = 1},
    {.bitmap_index = 3945, .adv_w = 175, .box_w = 8, .box_h = 15, .ofs_x = 2, .ofs_y = -2},
    {.bitmap_index = 3960, .adv_w = 87, .box_w = 4, .box_h = 13, .ofs_x = 1, .ofs_y = -2},
    {.bitmap_index = 3967, .adv_w = 175, .box_w = 8, .box_h = 15, .ofs_x = 2, .ofs_y = 1},
    {.bitmap_index = 3982, .adv_w = 103, .box_w = 7, .box_h = 13, .ofs_x = 0, .ofs_y = 1},
    {.bitmap_index = 3994, .adv_w = 143, .box_w = 8, .box_h = 15, .ofs_x = 0, .ofs_y = 1},
    {.bitmap_index = 4009, .adv_w = 112, .box_w = 5, .box_h = 15, .ofs_x = 1, .ofs_y = 1},
    {.bitmap_index = 4019, .adv_w = 143, .box_w = 8, .box_h = 15, .ofs_x = 0, .ofs_y = 1},
    {.bitmap_index = 4034, .adv_w = 112, .box_w = 6, .box_h = 13, .ofs_x = 1, .ofs_y = 1},
    {.bitmap_index = 4044, .adv_w = 143, .box_w = 8, .box_h = 15, .ofs_x = 0, .ofs_y = -2},
    {.bitmap_index = 4059, .adv_w = 112, .box_w = 5, .box_h = 13, .ofs_x = 1, .ofs_y = -2},
    {.bitmap_index = 4068, .adv_w = 143, .box_w = 8, .box_h = 15, .ofs_x = 0, .ofs_y = 1},
    {.bitmap_index = 4083, .adv_w = 112, .box_w = 6, .box_h = 13, .ofs_x = 0, .ofs_y = 1},
    {.bitmap_index = 4093, .adv_w = 123, .box_w = 7, .box_h = 15, .ofs_x = 1, .ofs_y = -2},
    {.bitmap_index = 4107, .adv_w = 98, .box_w = 5, .box_h = 16, .ofs_x = 1, .ofs_y = -2},
    {.bitmap_index = 4117, .adv_w = 123, .box_w = 7, .box_h = 15, .ofs_x = 1, .ofs_y = 1},
    {.bitmap_index = 4131, .adv_w = 98, .box_w = 5, .box_h = 13, .ofs_x = 1, .ofs_y = 1},
    {.bitmap_index = 4140, .adv_w = 123, .box_w = 7, .box_h = 13, .ofs_x = 1, .ofs_y = 1},
    {.bitmap_index = 4152, .adv_w = 98, .box_w = 5, .box_h = 13, .ofs_x = 1, .ofs_y = 1},
    {.bitmap_index = 4161, .adv_w = 189, .box_w = 8, .box_h = 13, .ofs_x = 2, .ofs_y = 1},
    {.bitmap_index = 4174, .adv_w = 175, .box_w = 8, .box_h = 13, .ofs_x = 1, .ofs_y = 1},
    {.bitmap_index = 4187, .adv_w = 189, .box_w = 8, .box_h = 14, .ofs_x = 2, .ofs_y = 1},
    {.bitmap_index = 4201, .adv_w = 175, .box_w = 8, .box_h = 13, .ofs_x = 1, .ofs_y = 1},
    {.bitmap_index = 4214, .adv_w = 189, .box_w = 8, .box_h = 15, .ofs_x = 2, .ofs_y = 1},
    {.bitmap_index = 4229, .adv_w = 175, .box_w = 8, .box_h = 13, .ofs_x = 1, .ofs_y = 1},
    {.bitmap_index = 4242, .adv_w = 189, .box_w = 8, .box_h = 15, .ofs_x = 2, .ofs_y = 1},
    {.bitmap_index = 4257, .adv_w = 175, .box_w = 8, .box_h = 13, .ofs_x = 1, .ofs_y = 1},
    {.bitmap_index = 4270, .adv_w = 189, .box_w = 8, .box_h = 15, .ofs_x = 2, .ofs_y = 1},
    {.bitmap_index = 4285, .adv_w = 175, .box_w = 8, .box_h = 14, .ofs_x = 1, .ofs_y = 1},
    {.bitmap_index = 4299, .adv_w = 189, .box_w = 8, .box_h = 15, .ofs_x = 2, .ofs_y = -2},
    {.bitmap_index = 4314, .adv_w = 175, .box_w = 8, .box_h = 13, .ofs_x = 1, .ofs_y = -2},
    {.bitmap_index = 4327, .adv_w = 276, .box_w = 15, .box_h = 15, .ofs_x = 1, .ofs_y = 1},
    {.bitmap_index = 4356, .adv_w = 239, .box_w = 15, .box_h = 13, .ofs_x = 0, .ofs_y = 1},
    {.bitmap_index = 4381, .adv_w = 170, .box_w = 9, .box_h = 14, .ofs_x = 1, .ofs_y = 1},
    {.bitmap_index = 4397, .adv_w = 154, .box_w = 9, .box_h = 16, .ofs_x = 0, .ofs_y = -2},
    {.bitmap_index = 4415, .adv_w = 170, .box_w = 9, .box_h = 14, .ofs_x = 1, .ofs_y = 1},
    {.bitmap_index = 4431, .adv_w = 138, .box_w = 8, .box_h = 15, .ofs_x = 0, .ofs_y = 1},
    {.bitmap_index = 4446, .adv_w = 122, .box_w = 8, .box_h = 14, .ofs_x = 0, .ofs_y = 1},
    {.bitmap_index = 4460, .adv_w = 138, .box_w = 8, .box_h = 14, .ofs_x = 0, .ofs_y = 1},
    {.bitmap_index = 4474, .adv_w = 122, .box_w = 8, .box_h = 13, .ofs_x = 0, .ofs_y = 1},
    {.bitmap_index = 4487, .adv_w = 138, .box_w = 8, .box_h = 15, .ofs_x = 0, .ofs_y = 1},
    {.bitmap_index = 4502, .adv_w = 122, .box_w = 8, .box_h = 13, .ofs_x = 0, .ofs_y = 1},
    {.bitmap_index = 4515, .adv_w = 73, .box_w = 3, .box_h = 13, .ofs_x = 1, .ofs_y = 1},
    {.bitmap_index = 4520, .adv_w = 138, .box_w = 8, .box_h = 10, .ofs_x = 1, .ofs_y = 1},
    {.bitmap_index = 4530, .adv_w = 288, .box_w = 5, .box_h = 1, .ofs_x = 6, .ofs_y = 6},
    {.bitmap_index = 4531, .adv_w = 288, .box_w = 9, .box_h = 1, .ofs_x = 5, .ofs_y = 6},
    {.bitmap_index = 4533, .adv_w = 288, .box_w = 18, .box_h = 1, .ofs_x = 0, .ofs_y = 6},
    {.bitmap_index = 4536, .adv_w = 288, .box_w = 17, .box_h = 1, .ofs_x = 1, .ofs_y = 6},
    {.bitmap_index = 4539, .adv_w = 288, .box_w = 4, .box_h = 16, .ofs_x = 7, .ofs_y = -2},
    {.bitmap_index = 4547, .adv_w = 147, .box_w = 9, .box_h = 3, .ofs_x = 0, .ofs_y = -2},
    {.bitmap_index = 4551, .adv_w = 288, .box_w = 3, .box_h = 6, .ofs_x = 12, .ofs_y = 9},
    {.bitmap_index = 4554, .adv_w = 288, .box_w = 3, .box_h = 6, .ofs_x = 2, .ofs_y = 9},
    {.bitmap_index = 4557, .adv_w = 102, .box_w = 1, .box_h = 4, .ofs_x = 2, .ofs_y = -1},
    {.bitmap_index = 4558, .adv_w = 101, .box_w = 1, .box_h = 4, .ofs_x = 3, .ofs_y = 10},
    {.bitmap_index = 4559, .adv_w = 288, .box_w = 7, .box_h = 6, .ofs_x = 11, .ofs_y = 9},
    {.bitmap_index = 4565, .adv_w = 288, .box_w = 7, .box_h = 6, .ofs_x = 1, .ofs_y = 9},
    {.bitmap_index = 4571, .adv_w = 145, .box_w = 5, .box_h = 4, .ofs_x = 2, .ofs_y = -1},
    {.bitmap_index = 4574, .adv_w = 159, .box_w = 7, .box_h = 15, .ofs_x = 1, .ofs_y = -1},
    {.bitmap_index = 4588, .adv_w = 159, .box_w = 7, .box_h = 16, .ofs_x = 1, .ofs_y = -2},
    {.bitmap_index = 4602, .adv_w = 175, .box_w = 5, .box_h = 5, .ofs_x = 3, .ofs_y = 6},
    {.bitmap_index = 4606, .adv_w = 288, .box_w = 8, .box_h = 2, .ofs_x = 5, .ofs_y = 5},
    {.bitmap_index = 4608, .adv_w = 288, .box_w = 14, .box_h = 2, .ofs_x = 2, .ofs_y = 1},
    {.bitmap_index = 4612, .adv_w = 288, .box_w = 16, .box_h = 16, .ofs_x = 1, .ofs_y = -2},
    {.bitmap_index = 4644, .adv_w = 288, .box_w = 3, .box_h = 4, .ofs_x = 3, .ofs_y = 10},
    {.bitmap_index = 4646, .adv_w = 288, .box_w = 5, .box_h = 4, .ofs_x = 2, .ofs_y = 10},
    {.bitmap_index = 4649, .adv_w = 288, .box_w = 4, .box_h = 6, .ofs_x = 7, .ofs_y = 9},
    {.bitmap_index = 4652, .adv_w = 72, .box_w = 3, .box_h = 10, .ofs_x = 1, .ofs_y = 1},
    {.bitmap_index = 4656, .adv_w = 72, .box_w = 3, .box_h = 10, .ofs_x = 1, .ofs_y = 1},
    {.bitmap_index = 4660, .adv_w = 288, .box_w = 14, .box_h = 14, .ofs_x = 2, .ofs_y = -1},
    {.bitmap_index = 4685, .adv_w = 153, .box_w = 6, .box_h = 13, .ofs_x = 2, .ofs_y = 1},
    {.bitmap_index = 4695, .adv_w = 172, .box_w = 11, .box_h = 1, .ofs_x = 0, .ofs_y = 15},
    {.bitmap_index = 4697, .adv_w = 126, .box_w = 6, .box_h = 15, .ofs_x = 1, .ofs_y = -1},
    {.bitmap_index = 4709, .adv_w = 288, .box_w = 16, .box_h = 7, .ofs_x = 1, .ofs_y = 3},
    {.bitmap_index = 4723, .adv_w = 288, .box_w = 14, .box_h = 7, .ofs_x = 2, .ofs_y = 3},
    {.bitmap_index = 4736, .adv_w = 288, .box_w = 12, .box_h = 11, .ofs_x = 3, .ofs_y = 1},
    {.bitmap_index = 4753, .adv_w = 288, .box_w = 12, .box_h = 11, .ofs_x = 3, .ofs_y = 1},
    {.bitmap_index = 4770, .adv_w = 288, .box_w = 14, .box_h = 13, .ofs_x = 2, .ofs_y = 1},
    {.bitmap_index = 4793, .adv_w = 288, .box_w = 15, .box_h = 15, .ofs_x = 1, .ofs_y = -1},
    {.bitmap_index = 4822, .adv_w = 288, .box_w = 16, .box_h = 15, .ofs_x = 1, .ofs_y = -1},
    {.bitmap_index = 4852, .adv_w = 288, .box_w = 16, .box_h = 16, .ofs_x = 1, .ofs_y = -1},
    {.bitmap_index = 4884, .adv_w = 288, .box_w = 5, .box_h = 4, .ofs_x = 2, .ofs_y = 1},
    {.bitmap_index = 4887, .adv_w = 288, .box_w = 5, .box_h = 5, .ofs_x = 2, .ofs_y = 0},
    {.bitmap_index = 4891, .adv_w = 288, .box_w = 8, .box_h = 11, .ofs_x = 9, .ofs_y = 1},
    {.bitmap_index = 4902, .adv_w = 288, .box_w = 8, .box_h = 11, .ofs_x = 1, .ofs_y = 1},
    {.bitmap_index = 4913, .adv_w = 288, .box_w = 5, .box_h = 13, .ofs_x = 11, .ofs_y = 1},
    {.bitmap_index = 4922, .adv_w = 288, .box_w = 5, .box_h = 13, .ofs_x = 2, .ofs_y = -1},
    {.bitmap_index = 4931, .adv_w = 288, .box_w = 15, .box_h = 2, .ofs_x = 1, .ofs_y = 6},
    {.bitmap_index = 4935, .adv_w = 288, .box_w = 17, .box_h = 15, .ofs_x = 1, .ofs_y = -1},
    {.bitmap_index = 4967, .adv_w = 288, .box_w = 16, .box_h = 13, .ofs_x = 1, .ofs_y = 0},
    {.bitmap_index = 4993, .adv_w = 288, .box_w = 15, .box_h = 12, .ofs_x = 2, .ofs_y = 0},
    {.bitmap_index = 5016, .adv_w = 288, .box_w = 16, .box_h = 15, .ofs_x = 1, .ofs_y = 0},
    {.bitmap_index = 5046, .adv_w = 288, .box_w = 15, .box_h = 14, .ofs_x = 2, .ofs_y = -1},
    {.bitmap_index = 5073, .adv_w = 288, .box_w = 17, .box_h = 15, .ofs_x = 0, .ofs_y = -2},
    {.bitmap_index = 5105, .adv_w = 288, .box_w = 14, .box_h = 15, .ofs_x = 2, .ofs_y = -1},
    {.bitmap_index = 5132, .adv_w = 288, .box_w = 16, .box_h = 17, .ofs_x = 1, .ofs_y = -2},
    {.bitmap_index = 5166, .adv_w = 288, .box_w = 16, .box_h = 13, .ofs_x = 1, .ofs_y = 0},
    {.bitmap_index = 5192, .adv_w = 288, .box_w = 16, .box_h = 15, .ofs_x = 1, .ofs_y = 0},
    {.bitmap_index = 5222, .adv_w = 288, .box_w = 17, .box_h = 16, .ofs_x = 0, .ofs_y = -1},
    {.bitmap_index = 5256, .adv_w = 288, .box_w = 16, .box_h = 15, .ofs_x = 1, .ofs_y = -1},
    {.bitmap_index = 5286, .adv_w = 288, .box_w = 14, .box_h = 14, .ofs_x = 2, .ofs_y = -1},
    {.bitmap_index = 5311, .adv_w = 288, .box_w = 17, .box_h = 17, .ofs_x = 1, .ofs_y = -2},
    {.bitmap_index = 5348, .adv_w = 288, .box_w = 14, .box_h = 17, .ofs_x = 2, .ofs_y = -2},
    {.bitmap_index = 5378, .adv_w = 288, .box_w = 13, .box_h = 16, .ofs_x = 2, .ofs_y = -2},
    {.bitmap_index = 5404, .adv_w = 288, .box_w = 15, .box_h = 16, .ofs_x = 2, .ofs_y = -2},
    {.bitmap_index = 5434, .adv_w = 288, .box_w = 15, .box_h = 16, .ofs_x = 1, .ofs_y = -1},
    {.bitmap_index = 5464, .adv_w = 288, .box_w = 15, .box_h = 15, .ofs_x = 2, .ofs_y = 0},
    {.bitmap_index = 5493, .adv_w = 288, .box_w = 15, .box_h = 14, .ofs_x = 1, .ofs_y = -1},
    {.bitmap_index = 5520, .adv_w = 288, .box_w = 17, .box_h = 16, .ofs_x = 1, .ofs_y = -2},
    {.bitmap_index = 5554, .adv_w = 288, .box_w = 16, .box_h = 15, .ofs_x = 1, .ofs_y = -1},
    {.bitmap_index = 5584, .adv_w = 288, .box_w = 15, .box_h = 15, .ofs_x = 2, .ofs_y = -1},
    {.bitmap_index = 5613, .adv_w = 288, .box_w = 16, .box_h = 17, .ofs_x = 1, .ofs_y = -2},
    {.bitmap_index = 5647, .adv_w = 288, .box_w = 16, .box_h = 16, .ofs_x = 1, .ofs_y = -1},
    {.bitmap_index = 5679, .adv_w = 288, .box_w = 17, .box_h = 17, .ofs_x = 0, .ofs_y = -2},
    {.bitmap_index = 5716, .adv_w = 288, .box_w = 17, .box_h = 15, .ofs_x = 1, .ofs_y = -1},
    {.bitmap_index = 5748, .adv_w = 288, .box_w = 13, .box_h = 14, .ofs_x = 3, .ofs_y = -1},
    {.bitmap_index = 5771, .adv_w = 288, .box_w = 16, .box_h = 17, .ofs_x = 1, .ofs_y = -2},
    {.bitmap_index = 5805, .adv_w = 288, .box_w = 14, .box_h = 15, .ofs_x = 2, .ofs_y = -2},
    {.bitmap_index = 5832, .adv_w = 288, .box_w = 16, .box_h = 16, .ofs_x = 1, .ofs_y = -1},
    {.bitmap_index = 5864, .adv_w = 288, .box_w = 16, .box_h = 17, .ofs_x = 1, .ofs_y = -2},
    {.bitmap_index = 5898, .adv_w = 288, .box_w = 15, .box_h = 11, .ofs_x = 2, .ofs_y = 1},
    {.bitmap_index = 5919, .adv_w = 288, .box_w = 16, .box_h = 15, .ofs_x = 1, .ofs_y = -2},
    {.bitmap_index = 5949, .adv_w = 288, .box_w = 15, .box_h = 13, .ofs_x = 2, .ofs_y = 0},
    {.bitmap_index = 5974, .adv_w = 288, .box_w = 16, .box_h = 13, .ofs_x = 1, .ofs_y = 0},
    {.bitmap_index = 6000, .adv_w = 288, .box_w = 15, .box_h = 16, .ofs_x = 2, .ofs_y = -1},
    {.bitmap_index = 6030, .adv_w = 288, .box_w = 16, .box_h = 15, .ofs_x = 1, .ofs_y = -1},
    {.bitmap_index = 6060, .adv_w = 288, .box_w = 16, .box_h = 17, .ofs_x = 1, .ofs_y = -2},
    {.bitmap_index = 6094, .adv_w = 288, .box_w = 15, .box_h = 17, .ofs_x = 2, .ofs_y = -2},
    {.bitmap_index = 6126, .adv_w = 288, .box_w = 16, .box_h = 17, .ofs_x = 2, .ofs_y = -2},
    {.bitmap_index = 6160, .adv_w = 288, .box_w = 16, .box_h = 15, .ofs_x = 1, .ofs_y = -1},
    {.bitmap_index = 6190, .adv_w = 288, .box_w = 17, .box_h = 16, .ofs_x = 0, .ofs_y = -2},
    {.bitmap_index = 6224, .adv_w = 288, .box_w = 15, .box_h = 16, .ofs_x = 2, .ofs_y = -2},
    {.bitmap_index = 6254, .adv_w = 288, .box_w = 16, .box_h = 16, .ofs_x = 1, .ofs_y = -2},
    {.bitmap_index = 6286, .adv_w = 288, .box_w = 15, .box_h = 16, .ofs_x = 1, .ofs_y = -2},
    {.bitmap_index = 6316, .adv_w = 288, .box_w = 16, .box_h = 16, .ofs_x = 1, .ofs_y = -2},
    {.bitmap_index = 6348, .adv_w = 288, .box_w = 17, .box_h = 17, .ofs_x = 1, .ofs_y = -2},
    {.bitmap_index = 6385, .adv_w = 288, .box_w = 17, .box_h = 16, .ofs_x = 1, .ofs_y = -2},
    {.bitmap_index = 6419, .adv_w = 288, .box_w = 16, .box_h = 16, .ofs_x = 2, .ofs_y = -2},
    {.bitmap_index = 6451, .adv_w = 288, .box_w = 16, .box_h = 16, .ofs_x = 1, .ofs_y = -2},
    {.bitmap_index = 6483, .adv_w = 288, .box_w = 16, .box_h = 16, .ofs_x = 1, .ofs_y = -2},
    {.bitmap_index = 6515, .adv_w = 288, .box_w = 18, .box_h = 16, .ofs_x = 0, .ofs_y = -2},
    {.bitmap_index = 6551, .adv_w = 288, .box_w = 16, .box_h = 16, .ofs_x = 1, .ofs_y = -2},
    {.bitmap_index = 6583, .adv_w = 288, .box_w = 17, .box_h = 17, .ofs_x = 0, .ofs_y = -2},
    {.bitmap_index = 6620, .adv_w = 288, .box_w = 16, .box_h = 17, .ofs_x = 1, .ofs_y = -2},
    {.bitmap_index = 6654, .adv_w = 288, .box_w = 16, .box_h = 17, .ofs_x = 1, .ofs_y = -2},
    {.bitmap_index = 6688, .adv_w = 288, .box_w = 17, .box_h = 17, .ofs_x = 0, .ofs_y = -2},
    {.bitmap_index = 6725, .adv_w = 288, .box_w = 16, .box_h = 17, .ofs_x = 1, .ofs_y = -2},
    {.bitmap_index = 6759, .adv_w = 288, .box_w = 17, .box_h = 16, .ofs_x = 0, .ofs_y = -2},
    {.bitmap_index = 6793, .adv_w = 288, .box_w = 16, .box_h = 16, .ofs_x = 1, .ofs_y = -1},
    {.bitmap_index = 6825, .adv_w = 288, .box_w = 17, .box_h = 16, .ofs_x = 1, .ofs_y = -1},
    {.bitmap_index = 6859, .adv_w = 288, .box_w = 16, .box_h = 16, .ofs_x = 1, .ofs_y = -2},
    {.bitmap_index = 6891, .adv_w = 288, .box_w = 17, .box_h = 16, .ofs_x = 0, .ofs_y = -2},
    {.bitmap_index = 6925, .adv_w = 288, .box_w = 17, .box_h = 16, .ofs_x = 0, .ofs_y = -2},
    {.bitmap_index = 6959, .adv_w = 288, .box_w = 16, .box_h = 17, .ofs_x = 1, .ofs_y = -2},
    {.bitmap_index = 6993, .adv_w = 288, .box_w = 16, .box_h = 17, .ofs_x = 1, .ofs_y = -2},
    {.bitmap_index = 7027, .adv_w = 288, .box_w = 17, .box_h = 17, .ofs_x = 0, .ofs_y = -2},
    {.bitmap_index = 7064, .adv_w = 288, .box_w = 16, .box_h = 17, .ofs_x = 2, .ofs_y = -2},
    {.bitmap_index = 7098, .adv_w = 288, .box_w = 16, .box_h = 15, .ofs_x = 1, .ofs_y = -1},
    {.bitmap_index = 7128, .adv_w = 288, .box_w = 16, .box_h = 17, .ofs_x = 1, .ofs_y = -2},
    {.bitmap_index = 7162, .adv_w = 288, .box_w = 16, .box_h = 17, .ofs_x = 1, .ofs_y = -2},
    {.bitmap_index = 7196, .adv_w = 288, .box_w = 15, .box_h = 17, .ofs_x = 1, .ofs_y = -2},
    {.bitmap_index = 7228, .adv_w = 288, .box_w = 16, .box_h = 16, .ofs_x = 0, .ofs_y = -2},
    {.bitmap_index = 7260, .adv_w = 288, .box_w = 17, .box_h = 17, .ofs_x = 1, .ofs_y = -2},
    {.bitmap_index = 7297, .adv_w = 288, .box_w = 16, .box_h = 15, .ofs_x = 1, .ofs_y = -1},
    {.bitmap_index = 7327, .adv_w = 288, .box_w = 16, .box_h = 16, .ofs_x = 1, .ofs_y = -2},
    {.bitmap_index = 7359, .adv_w = 288, .box_w = 16, .box_h = 15, .ofs_x = 1, .ofs_y = -1},
    {.bitmap_index = 7389, .adv_w = 288, .box_w = 17, .box_h = 16, .ofs_x = 0, .ofs_y = -1},
    {.bitmap_index = 7423, .adv_w = 288, .box_w = 16, .box_h = 17, .ofs_x = 1, .ofs_y = -2},
    {.bitmap_index = 7457, .adv_w = 288, .box_w = 16, .box_h = 17, .ofs_x = 1, .ofs_y = -2},
    {.bitmap_index = 7491, .adv_w = 288, .box_w = 15, .box_h = 17, .ofs_x = 1, .ofs_y = -2},
    {.bitmap_index = 7523, .adv_w = 288, .box_w = 16, .box_h = 17, .ofs_x = 1, .ofs_y = -2},
    {.bitmap_index = 7557, .adv_w = 288, .box_w = 16, .box_h = 16, .ofs_x = 0, .ofs_y = -1},
    {.bitmap_index = 7589, .adv_w = 288, .box_w = 16, .box_h = 16, .ofs_x = 1, .ofs_y = -1},
    {.bitmap_index = 7621, .adv_w = 288, .box_w = 17, .box_h = 16, .ofs_x = 0, .ofs_y = -1},
    {.bitmap_index = 7655, .adv_w = 288, .box_w = 16, .box_h = 17, .ofs_x = 1, .ofs_y = -2},
    {.bitmap_index = 7689, .adv_w = 288, .box_w = 16, .box_h = 16, .ofs_x = 1, .ofs_y = -2},
    {.bitmap_index = 7721, .adv_w = 288, .box_w = 16, .box_h = 15, .ofs_x = 0, .ofs_y = -1},
    {.bitmap_index = 7751, .adv_w = 288, .box_w = 16, .box_h = 16, .ofs_x = 1, .ofs_y = -1},
    {.bitmap_index = 7783, .adv_w = 288, .box_w = 16, .box_h = 14, .ofs_x = 1, .ofs_y = -1},
    {.bitmap_index = 7811, .adv_w = 288, .box_w = 16, .box_h = 15, .ofs_x = 1, .ofs_y = -1},
    {.bitmap_index = 7841, .adv_w = 288, .box_w = 16, .box_h = 16, .ofs_x = 1, .ofs_y = -2},
    {.bitmap_index = 7873, .adv_w = 288, .box_w = 17, .box_h = 16, .ofs_x = 1, .ofs_y = -1},
    {.bitmap_index = 7907, .adv_w = 288, .box_w = 16, .box_h = 17, .ofs_x = 1, .ofs_y = -2},
    {.bitmap_index = 7941, .adv_w = 288, .box_w = 15, .box_h = 16, .ofs_x = 2, .ofs_y = -2},
    {.bitmap_index = 7971, .adv_w = 288, .box_w = 16, .box_h = 15, .ofs_x = 1, .ofs_y = -1},
    {.bitmap_index = 8001, .adv_w = 288, .box_w = 16, .box_h = 16, .ofs_x = 1, .ofs_y = -1},
    {.bitmap_index = 8033, .adv_w = 288, .box_w = 16, .box_h = 15, .ofs_x = 1, .ofs_y = -1},
    {.bitmap_index = 8063, .adv_w = 288, .box_w = 15, .box_h = 15, .ofs_x = 1, .ofs_y = -1},
    {.bitmap_index = 8092, .adv_w = 288, .box_w = 17, .box_h = 17, .ofs_x = 0, .ofs_y = -2},
    {.bitmap_index = 8129, .adv_w = 288, .box_w = 17, .box_h = 17, .ofs_x = 1, .ofs_y = -2},
    {.bitmap_index = 8166, .adv_w = 288, .box_w = 15, .box_h = 15, .ofs_x = 2, .ofs_y = -1},
    {.bitmap_index = 8195, .adv_w = 288, .box_w = 16, .box_h = 15, .ofs_x = 1, .ofs_y = -1},
    {.bitmap_index = 8225, .adv_w = 288, .box_w = 16, .box_h = 16, .ofs_x = 1, .ofs_y = -2},
    {.bitmap_index = 8257, .adv_w = 288, .box_w = 13, .box_h = 15, .ofs_x = 3, .ofs_y = -1},
    {.bitmap_index = 8282, .adv_w = 288, .box_w = 16, .box_h = 14, .ofs_x = 2, .ofs_y = -1},
    {.bitmap_index = 8310, .adv_w = 288, .box_w = 15, .box_h = 14, .ofs_x = 2, .ofs_y = -1},
    {.bitmap_index = 8337, .adv_w = 288, .box_w = 15, .box_h = 15, .ofs_x = 2, .ofs_y = -2},
    {.bitmap_index = 8366, .adv_w = 288, .box_w = 17, .box_h = 17, .ofs_x = 0, .ofs_y = -2},
    {.bitmap_index = 8403, .adv_w = 288, .box_w = 15, .box_h = 16, .ofs_x = 1, .ofs_y = -2},
    {.bitmap_index = 8433, .adv_w = 288, .box_w = 16, .box_h = 15, .ofs_x = 1, .ofs_y = -1},
    {.bitmap_index = 8463, .adv_w = 288, .box_w = 16, .box_h = 16, .ofs_x = 1, .ofs_y = -2},
    {.bitmap_index = 8495, .adv_w = 288, .box_w = 16, .box_h = 17, .ofs_x = 1, .ofs_y = -2},
    {.bitmap_index = 8529, .adv_w = 288, .box_w = 16, .box_h = 16, .ofs_x = 1, .ofs_y = -1},
    {.bitmap_index = 8561, .adv_w = 288, .box_w = 17, .box_h = 17, .ofs_x = 1, .ofs_y = -2},
    {.bitmap_index = 8598, .adv_w = 288, .box_w = 17, .box_h = 14, .ofs_x = 0, .ofs_y = -1},
    {.bitmap_index = 8628, .adv_w = 288, .box_w = 15, .box_h = 17, .ofs_x = 2, .ofs_y = -2},
    {.bitmap_index = 8660, .adv_w = 288, .box_w = 14, .box_h = 16, .ofs_x = 2, .ofs_y = -2},
    {.bitmap_index = 8688, .adv_w = 288, .box_w = 16, .box_h = 17, .ofs_x = 1, .ofs_y = -2},
    {.bitmap_index = 8722, .adv_w = 288, .box_w = 14, .box_h = 15, .ofs_x = 2, .ofs_y = -1},
    {.bitmap_index = 8749, .adv_w = 288, .box_w = 17, .box_h = 16, .ofs_x = 1, .ofs_y = -2},
    {.bitmap_index = 8783, .adv_w = 288, .box_w = 15, .box_h = 14, .ofs_x = 1, .ofs_y = -1},
    {.bitmap_index = 8810, .adv_w = 288, .box_w = 16, .box_h = 16, .ofs_x = 0, .ofs_y = -1},
    {.bitmap_index = 8842, .adv_w = 288, .box_w = 14, .box_h = 16, .ofs_x = 1, .ofs_y = -2},
    {.bitmap_index = 8870, .adv_w = 288, .box_w = 15, .box_h = 16, .ofs_x = 1, .ofs_y = -2},
    {.bitmap_index = 8900, .adv_w = 288, .box_w = 14, .box_h = 16, .ofs_x = 1, .ofs_y = -2},
    {.bitmap_index = 8928, .adv_w = 288, .box_w = 14, .box_h = 16, .ofs_x = 2, .ofs_y = -2},
    {.bitmap_index = 8956, .adv_w = 288, .box_w = 15, .box_h = 16, .ofs_x = 1, .ofs_y = -2},
    {.bitmap_index = 8986, .adv_w = 288, .box_w = 15, .box_h = 16, .ofs_x = 1, .ofs_y = -2},
    {.bitmap_index = 9016, .adv_w = 288, .box_w = 14, .box_h = 15, .ofs_x = 1, .ofs_y = -1},
    {.bitmap_index = 9043, .adv_w = 288, .box_w = 15, .box_h = 17, .ofs_x = 1, .ofs_y = -2},
    {.bitmap_index = 9075, .adv_w = 288, .box_w = 14, .box_h = 15, .ofs_x = 2, .ofs_y = -1},
    {.bitmap_index = 9102, .adv_w = 288, .box_w = 14, .box_h = 16, .ofs_x = 1, .ofs_y = -1},
    {.bitmap_index = 9130, .adv_w = 288, .box_w = 15, .box_h = 16, .ofs_x = 0, .ofs_y = -2},
    {.bitmap_index = 9160, .adv_w = 288, .box_w = 15, .box_h = 17, .ofs_x = 1, .ofs_y = -2},
    {.bitmap_index = 9192, .adv_w = 288, .box_w = 14, .box_h = 16, .ofs_x = 2, .ofs_y = -1},
    {.bitmap_index = 9220, .adv_w = 288, .box_w = 15, .box_h = 15, .ofs_x = 1, .ofs_y = -1},
    {.bitmap_index = 9249, .adv_w = 288, .box_w = 16, .box_h = 17, .ofs_x = 1, .ofs_y = -2},
    {.bitmap_index = 9283, .adv_w = 288, .box_w = 15, .box_h = 16, .ofs_x = 1, .ofs_y = -1},
    {.bitmap_index = 9313, .adv_w = 288, .box_w = 16, .box_h = 16, .ofs_x = 1, .ofs_y = -2},
    {.bitmap_index = 9345, .adv_w = 288, .box_w = 14, .box_h = 16, .ofs_x = 2, .ofs_y = -2},
    {.bitmap_index = 9373, .adv_w = 288, .box_w = 15, .box_h = 16, .ofs_x = 1, .ofs_y = -1},
    {.bitmap_index = 9403, .adv_w = 288, .box_w = 17, .box_h = 16, .ofs_x = 1, .ofs_y = -1},
    {.bitmap_index = 9437, .adv_w = 288, .box_w = 15, .box_h = 17, .ofs_x = 1, .ofs_y = -2},
    {.bitmap_index = 9469, .adv_w = 288, .box_w = 15, .box_h = 16, .ofs_x = 1, .ofs_y = -1},
    {.bitmap_index = 9499, .adv_w = 288, .box_w = 17, .box_h = 17, .ofs_x = 1, .ofs_y = -2},
    {.bitmap_index = 9536, .adv_w = 288, .box_w = 15, .box_h = 16, .ofs_x = 1, .ofs_y = -1},
    {.bitmap_index = 9566, .adv_w = 288, .box_w = 15, .box_h = 16, .ofs_x = 1, .ofs_y = -1},
    {.bitmap_index = 9596, .adv_w = 288, .box_w = 17, .box_h = 15, .ofs_x = 0, .ofs_y = -1},
    {.bitmap_index = 9628, .adv_w = 288, .box_w = 15, .box_h = 16, .ofs_x = 1, .ofs_y = -1},
    {.bitmap_index = 9658, .adv_w = 288, .box_w = 17, .box_h = 15, .ofs_x = 1, .ofs_y = -1},
    {.bitmap_index = 9690, .adv_w = 288, .box_w = 16, .box_h = 16, .ofs_x = 1, .ofs_y = -1},
    {.bitmap_index = 9722, .adv_w = 288, .box_w = 16, .box_h = 15, .ofs_x = 1, .ofs_y = -1},
    {.bitmap_index = 9752, .adv_w = 288, .box_w = 13, .box_h = 13, .ofs_x = 2, .ofs_y = 0},
    {.bitmap_index = 9774, .adv_w = 288, .box_w = 14, .box_h = 13, .ofs_x = 2, .ofs_y = 0},
    {.bitmap_index = 9797, .adv_w = 288, .box_w = 17, .box_h = 16, .ofs_x = 0, .ofs_y = -1},
    {.bitmap_index = 9831, .adv_w = 288, .box_w = 16, .box_h = 16, .ofs_x = 1, .ofs_y = -2},
    {.bitmap_index = 9863, .adv_w = 288, .box_w = 16, .box_h = 17, .ofs_x = 1, .ofs_y = -2},
    {.bitmap_index = 9897, .adv_w = 288, .box_w = 15, .box_h = 17, .ofs_x = 1, .ofs_y = -2},
    {.bitmap_index = 9929, .adv_w = 288, .box_w = 16, .box_h = 16, .ofs_x = 1, .ofs_y = -1},
    {.bitmap_index = 9961, .adv_w = 288, .box_w = 16, .box_h = 17, .ofs_x = 1, .ofs_y = -2},
    {.bitmap_index = 9995, .adv_w = 288, .box_w = 14, .box_h = 16, .ofs_x = 3, .ofs_y = -1},
    {.bitmap_index = 10023, .adv_w = 288, .box_w = 17, .box_h = 17, .ofs_x = 0, .ofs_y = -2},
    {.bitmap_index = 10060, .adv_w = 288, .box_w = 16, .box_h = 13, .ofs_x = 1, .ofs_y = 0},
    {.bitmap_index = 10086, .adv_w = 288, .box_w = 14, .box_h = 16, .ofs_x = 2, .ofs_y = -2},
    {.bitmap_index = 10114, .adv_w = 288, .box_w = 15, .box_h = 15, .ofs_x = 2, .ofs_y = -2},
    {.bitmap_index = 10143, .adv_w = 288, .box_w = 16, .box_h = 14, .ofs_x = 1, .ofs_y = -1},
    {.bitmap_index = 10171, .adv_w = 288, .box_w = 16, .box_h = 14, .ofs_x = 1, .ofs_y = -1},
    {.bitmap_index = 10199, .adv_w = 288, .box_w = 16, .box_h = 14, .ofs_x = 0, .ofs_y = -1},
    {.bitmap_index = 10227, .adv_w = 288, .box_w = 16, .box_h = 16, .ofs_x = 1, .ofs_y = -2},
    {.bitmap_index = 10259, .adv_w = 288, .box_w = 15, .box_h = 15, .ofs_x = 1, .ofs_y = -1},
    {.bitmap_index = 10288, .adv_w = 288, .box_w = 15, .box_h = 17, .ofs_x = 2, .ofs_y = -2},
    {.bitmap_index = 10320, .adv_w = 288, .box_w = 17, .box_h = 15, .ofs_x = 0, .ofs_y = -2},
    {.bitmap_index = 10352, .adv_w = 288, .box_w = 16, .box_h = 14, .ofs_x = 1, .ofs_y = -1},
    {.bitmap_index = 10380, .adv_w = 288, .box_w = 16, .box_h = 15, .ofs_x = 1, .ofs_y = -1},
    {.bitmap_index = 10410, .adv_w = 288, .box_w = 16, .box_h = 16, .ofs_x = 1, .ofs_y = -2},
    {.bitmap_index = 10442, .adv_w = 288, .box_w = 17, .box_h = 16, .ofs_x = 1, .ofs_y = -2},
    {.bitmap_index = 10476, .adv_w = 288, .box_w = 15, .box_h = 15, .ofs_x = 2, .ofs_y = -1},
    {.bitmap_index = 10505, .adv_w = 288, .box_w = 15, .box_h = 16, .ofs_x = 2, .ofs_y = -1},
    {.bitmap_index = 10535, .adv_w = 288, .box_w = 15, .box_h = 15, .ofs_x = 1, .ofs_y = -1},
    {.bitmap_index = 10564, .adv_w = 288, .box_w = 13, .box_h = 13, .ofs_x = 3, .ofs_y = 0},
    {.bitmap_index = 10586, .adv_w = 288, .box_w = 15, .box_h = 16, .ofs_x = 1, .ofs_y = -2},
    {.bitmap_index = 10616, .adv_w = 288, .box_w = 15, .box_h = 14, .ofs_x = 2, .ofs_y = -1},
    {.bitmap_index = 10643, .adv_w = 288, .box_w = 17, .box_h = 15, .ofs_x = 1, .ofs_y = -2},
    {.bitmap_index = 10675, .adv_w = 288, .box_w = 16, .box_h = 15, .ofs_x = 2, .ofs_y = -2},
    {.bitmap_index = 10705, .adv_w = 288, .box_w = 15, .box_h = 16, .ofs_x = 2, .ofs_y = -1},
    {.bitmap_index = 10735, .adv_w = 288, .box_w = 16, .box_h = 17, .ofs_x = 1, .ofs_y = -2},
    {.bitmap_index = 10769, .adv_w = 288, .box_w = 16, .box_h = 16, .ofs_x = 1, .ofs_y = -2},
    {.bitmap_index = 10801, .adv_w = 288, .box_w = 14, .box_h = 15, .ofs_x = 2, .ofs_y = -2},
    {.bitmap_index = 10828, .adv_w = 288, .box_w = 16, .box_h = 17, .ofs_x = 1, .ofs_y = -2},
    {.bitmap_index = 10862, .adv_w = 288, .box_w = 17, .box_h = 16, .ofs_x = 0, .ofs_y = -2},
    {.bitmap_index = 10896, .adv_w = 288, .box_w = 16, .box_h = 17, .ofs_x = 1, .ofs_y = -2},
    {.bitmap_index = 10930, .adv_w = 288, .box_w = 13, .box_h = 15, .ofs_x = 3, .ofs_y = -2},
    {.bitmap_index = 10955, .adv_w = 288, .box_w = 15, .box_h = 16, .ofs_x = 1, .ofs_y = -2},
    {.bitmap_index = 10985, .adv_w = 288, .box_w = 16, .box_h = 16, .ofs_x = 1, .ofs_y = -2},
    {.bitmap_index = 11017, .adv_w = 288, .box_w = 14, .box_h = 16, .ofs_x = 3, .ofs_y = -1},
    {.bitmap_index = 11045, .adv_w = 288, .box_w = 17, .box_h = 15, .ofs_x = 1, .ofs_y = -2},
    {.bitmap_index = 11077, .adv_w = 288, .box_w = 16, .box_h = 14, .ofs_x = 1, .ofs_y = -1},
    {.bitmap_index = 11105, .adv_w = 288, .box_w = 17, .box_h = 17, .ofs_x = 1, .ofs_y = -2},
    {.bitmap_index = 11142, .adv_w = 288, .box_w = 16, .box_h = 16, .ofs_x = 1, .ofs_y = -2},
    {.bitmap_index = 11174, .adv_w = 288, .box_w = 15, .box_h = 15, .ofs_x = 2, .ofs_y = -1},
    {.bitmap_index = 11203, .adv_w = 288, .box_w = 16, .box_h = 17, .ofs_x = 2, .ofs_y = -2},
    {.bitmap_index = 11237, .adv_w = 288, .box_w = 16, .box_h = 15, .ofs_x = 1, .ofs_y = -1},
    {.bitmap_index = 11267, .adv_w = 288, .box_w = 14, .box_h = 16, .ofs_x = 1, .ofs_y = -2},
    {.bitmap_index = 11295, .adv_w = 288, .box_w = 15, .box_h = 17, .ofs_x = 2, .ofs_y = -2},
    {.bitmap_index = 11327, .adv_w = 288, .box_w = 17, .box_h = 17, .ofs_x = 1, .ofs_y = -2},
    {.bitmap_index = 11364, .adv_w = 288, .box_w = 15, .box_h = 16, .ofs_x = 1, .ofs_y = -2},
    {.bitmap_index = 11394, .adv_w = 288, .box_w = 16, .box_h = 17, .ofs_x = 1, .ofs_y = -2},
    {.bitmap_index = 11428, .adv_w = 288, .box_w = 14, .box_h = 15, .ofs_x = 2, .ofs_y = -1},
    {.bitmap_index = 11455, .adv_w = 288, .box_w = 15, .box_h = 16, .ofs_x = 2, .ofs_y = -1},
    {.bitmap_index = 11485, .adv_w = 288, .box_w = 15, .box_h = 16, .ofs_x = 2, .ofs_y = -2},
    {.bitmap_index = 11515, .adv_w = 288, .box_w = 16, .box_h = 17, .ofs_x = 2, .ofs_y = -2},
    {.bitmap_index = 11549, .adv_w = 288, .box_w = 15, .box_h = 16, .ofs_x = 2, .ofs_y = -2},
    {.bitmap_index = 11579, .adv_w = 288, .box_w = 15, .box_h = 17, .ofs_x = 2, .ofs_y = -2},
    {.bitmap_index = 11611, .adv_w = 288, .box_w = 16, .box_h = 16, .ofs_x = 1, .ofs_y = -2},
    {.bitmap_index = 11643, .adv_w = 288, .box_w = 16, .box_h = 15, .ofs_x = 1, .ofs_y = -1},
    {.bitmap_index = 11673, .adv_w = 288, .box_w = 15, .box_h = 16, .ofs_x = 2, .ofs_y = -2},
    {.bitmap_index = 11703, .adv_w = 288, .box_w = 14, .box_h = 13, .ofs_x = 3, .ofs_y = 0},
    {.bitmap_index = 11726, .adv_w = 288, .box_w = 13, .box_h = 14, .ofs_x = 3, .ofs_y = -1},
    {.bitmap_index = 11749, .adv_w = 288, .box_w = 14, .box_h = 14, .ofs_x = 2, .ofs_y = -1},
    {.bitmap_index = 11774, .adv_w = 288, .box_w = 14, .box_h = 15, .ofs_x = 2, .ofs_y = -1},
    {.bitmap_index = 11801, .adv_w = 288, .box_w = 13, .box_h = 16, .ofs_x = 2, .ofs_y = -2},
    {.bitmap_index = 11827, .adv_w = 288, .box_w = 14, .box_h = 15, .ofs_x = 2, .ofs_y = -2},
    {.bitmap_index = 11854, .adv_w = 288, .box_w = 14, .box_h = 15, .ofs_x = 2, .ofs_y = -1},
    {.bitmap_index = 11881, .adv_w = 288, .box_w = 13, .box_h = 16, .ofs_x = 2, .ofs_y = -2},
    {.bitmap_index = 11907, .adv_w = 288, .box_w = 13, .box_h = 14, .ofs_x = 2, .ofs_y = -1},
    {.bitmap_index = 11930, .adv_w = 288, .box_w = 16, .box_h = 16, .ofs_x = 0, .ofs_y = -1},
    {.bitmap_index = 11962, .adv_w = 288, .box_w = 16, .box_h = 15, .ofs_x = 1, .ofs_y = -1},
    {.bitmap_index = 11992, .adv_w = 288, .box_w = 14, .box_h = 16, .ofs_x = 1, .ofs_y = -2},
    {.bitmap_index = 12020, .adv_w = 288, .box_w = 15, .box_h = 16, .ofs_x = 1, .ofs_y = -2},
    {.bitmap_index = 12050, .adv_w = 288, .box_w = 16, .box_h = 16, .ofs_x = 2, .ofs_y = -1},
    {.bitmap_index = 12082, .adv_w = 288, .box_w = 17, .box_h = 17, .ofs_x = 0, .ofs_y = -2},
    {.bitmap_index = 12119, .adv_w = 288, .box_w = 17, .box_h = 16, .ofs_x = 0, .ofs_y = -1},
    {.bitmap_index = 12153, .adv_w = 288, .box_w = 15, .box_h = 15, .ofs_x = 2, .ofs_y = 0},
    {.bitmap_index = 12182, .adv_w = 288, .box_w = 16, .box_h = 17, .ofs_x = 2, .ofs_y = -2},
    {.bitmap_index = 12216, .adv_w = 288, .box_w = 16, .box_h = 17, .ofs_x = 2, .ofs_y = -2},
    {.bitmap_index = 12250, .adv_w = 288, .box_w = 15, .box_h = 17, .ofs_x = 1, .ofs_y = -2},
    {.bitmap_index = 12282, .adv_w = 288, .box_w = 16, .box_h = 15, .ofs_x = 1, .ofs_y = -1},
    {.bitmap_index = 12312, .adv_w = 288, .box_w = 17, .box_h = 15, .ofs_x = 1, .ofs_y = -1},
    {.bitmap_index = 12344, .adv_w = 288, .box_w = 16, .box_h = 16, .ofs_x = 1, .ofs_y = -1},
    {.bitmap_index = 12376, .adv_w = 288, .box_w = 16, .box_h = 17, .ofs_x = 1, .ofs_y = -2},
    {.bitmap_index = 12410, .adv_w = 288, .box_w = 16, .box_h = 16, .ofs_x = 1, .ofs_y = -1},
    {.bitmap_index = 12442, .adv_w = 288, .box_w = 16, .box_h = 17, .ofs_x = 1, .ofs_y = -2},
    {.bitmap_index = 12476, .adv_w = 288, .box_w = 16, .box_h = 16, .ofs_x = 1, .ofs_y = -1},
    {.bitmap_index = 12508, .adv_w = 288, .box_w = 16, .box_h = 17, .ofs_x = 1, .ofs_y = -2},
    {.bitmap_index = 12542, .adv_w = 288, .box_w = 16, .box_h = 17, .ofs_x = 1, .ofs_y = -2},
    {.bitmap_index = 12576, .adv_w = 288, .box_w = 15, .box_h = 16, .ofs_x = 1, .ofs_y = -2},
    {.bitmap_index = 12606, .adv_w = 288, .box_w = 16, .box_h = 17, .ofs_x = 1, .ofs_y = -2},
    {.bitmap_index = 12640, .adv_w = 288, .box_w = 16, .box_h = 15, .ofs_x = 1, .ofs_y = -1},
    {.bitmap_index = 12670, .adv_w = 288, .box_w = 16, .box_h = 17, .ofs_x = 1, .ofs_y = -2},
    {.bitmap_index = 12704, .adv_w = 288, .box_w = 15, .box_h = 17, .ofs_x = 1, .ofs_y = -2},
    {.bitmap_index = 12736, .adv_w = 288, .box_w = 16, .box_h = 16, .ofs_x = 1, .ofs_y = -1},
    {.bitmap_index = 12768, .adv_w = 288, .box_w = 15, .box_h = 16, .ofs_x = 2, .ofs_y = -1},
    {.bitmap_index = 12798, .adv_w = 288, .box_w = 17, .box_h = 17, .ofs_x = 0, .ofs_y = -2},
    {.bitmap_index = 12835, .adv_w = 288, .box_w = 16, .box_h = 16, .ofs_x = 1, .ofs_y = -1},
    {.bitmap_index = 12867, .adv_w = 288, .box_w = 17, .box_h = 14, .ofs_x = 0, .ofs_y = -1},
    {.bitmap_index = 12897, .adv_w = 288, .box_w = 16, .box_h = 16, .ofs_x = 1, .ofs_y = -1},
    {.bitmap_index = 12929, .adv_w = 288, .box_w = 16, .box_h = 17, .ofs_x = 2, .ofs_y = -2},
    {.bitmap_index = 12963, .adv_w = 288, .box_w = 17, .box_h = 15, .ofs_x = 1, .ofs_y = -1},
    {.bitmap_index = 12995, .adv_w = 288, .box_w = 15, .box_h = 16, .ofs_x = 2, .ofs_y = -1},
    {.bitmap_index = 13025, .adv_w = 288, .box_w = 16, .box_h = 16, .ofs_x = 1, .ofs_y = -1},
    {.bitmap_index = 13057, .adv_w = 288, .box_w = 16, .box_h = 17, .ofs_x = 1, .ofs_y = -2},
    {.bitmap_index = 13091, .adv_w = 288, .box_w = 14, .box_h = 16, .ofs_x = 1, .ofs_y = -1},
    {.bitmap_index = 13119, .adv_w = 288, .box_w = 16, .box_h = 17, .ofs_x = 1, .ofs_y = -2},
    {.bitmap_index = 13153, .adv_w = 288, .box_w = 15, .box_h = 15, .ofs_x = 1, .ofs_y = -1},
    {.bitmap_index = 13182, .adv_w = 288, .box_w = 16, .box_h = 16, .ofs_x = 1, .ofs_y = -2},
    {.bitmap_index = 13214, .adv_w = 288, .box_w = 16, .box_h = 17, .ofs_x = 1, .ofs_y = -2},
    {.bitmap_index = 13248, .adv_w = 288, .box_w = 16, .box_h = 16, .ofs_x = 1, .ofs_y = -2},
    {.bitmap_index = 13280, .adv_w = 288, .box_w = 15, .box_h = 17, .ofs_x = 1, .ofs_y = -2},
    {.bitmap_index = 13312, .adv_w = 288, .box_w = 17, .box_h = 17, .ofs_x = 0, .ofs_y = -2},
    {.bitmap_index = 13349, .adv_w = 288, .box_w = 16, .box_h = 14, .ofs_x = 1, .ofs_y = -1},
    {.bitmap_index = 13377, .adv_w = 288, .box_w = 16, .box_h = 15, .ofs_x = 1, .ofs_y = -1},
    {.bitmap_index = 13407, .adv_w = 288, .box_w = 16, .box_h = 15, .ofs_x = 2, .ofs_y = -1},
    {.bitmap_index = 13437, .adv_w = 288, .box_w = 16, .box_h = 16, .ofs_x = 1, .ofs_y = -1},
    {.bitmap_index = 13469, .adv_w = 288, .box_w = 16, .box_h = 16, .ofs_x = 1, .ofs_y = -1},
    {.bitmap_index = 13501, .adv_w = 288, .box_w = 17, .box_h = 16, .ofs_x = 1, .ofs_y = -2},
    {.bitmap_index = 13535, .adv_w = 288, .box_w = 15, .box_h = 17, .ofs_x = 2, .ofs_y = -2},
    {.bitmap_index = 13567, .adv_w = 288, .box_w = 16, .box_h = 16, .ofs_x = 1, .ofs_y = -2},
    {.bitmap_index = 13599, .adv_w = 288, .box_w = 15, .box_h = 17, .ofs_x = 1, .ofs_y = -2},
    {.bitmap_index = 13631, .adv_w = 288, .box_w = 15, .box_h = 17, .ofs_x = 2, .ofs_y = -2},
    {.bitmap_index = 13663, .adv_w = 288, .box_w = 17, .box_h = 16, .ofs_x = 1, .ofs_y = -1},
    {.bitmap_index = 13697, .adv_w = 288, .box_w = 15, .box_h = 16, .ofs_x = 1, .ofs_y = -1},
    {.bitmap_index = 13727, .adv_w = 288, .box_w = 15, .box_h = 16, .ofs_x = 2, .ofs_y = -2},
    {.bitmap_index = 13757, .adv_w = 288, .box_w = 16, .box_h = 17, .ofs_x = 1, .ofs_y = -2},
    {.bitmap_index = 13791, .adv_w = 288, .box_w = 15, .box_h = 16, .ofs_x = 2, .ofs_y = -1},
    {.bitmap_index = 13821, .adv_w = 288, .box_w = 15, .box_h = 16, .ofs_x = 2, .ofs_y = -1},
    {.bitmap_index = 13851, .adv_w = 288, .box_w = 17, .box_h = 17, .ofs_x = 1, .ofs_y = -2},
    {.bitmap_index = 13888, .adv_w = 288, .box_w = 17, .box_h = 16, .ofs_x = 1, .ofs_y = -1},
    {.bitmap_index = 13922, .adv_w = 288, .box_w = 15, .box_h = 17, .ofs_x = 2, .ofs_y = -2},
    {.bitmap_index = 13954, .adv_w = 288, .box_w = 16, .box_h = 17, .ofs_x = 1, .ofs_y = -2},
    {.bitmap_index = 13988, .adv_w = 288, .box_w = 17, .box_h = 17, .ofs_x = 0, .ofs_y = -2},
    {.bitmap_index = 14025, .adv_w = 288, .box_w = 17, .box_h = 16, .ofs_x = 1, .ofs_y = -2},
    {.bitmap_index = 14059, .adv_w = 288, .box_w = 16, .box_h = 16, .ofs_x = 1, .ofs_y = -1},
    {.bitmap_index = 14091, .adv_w = 288, .box_w = 15, .box_h = 16, .ofs_x = 2, .ofs_y = -1},
    {.bitmap_index = 14121, .adv_w = 288, .box_w = 16, .box_h = 17, .ofs_x = 1, .ofs_y = -2},
    {.bitmap_index = 14155, .adv_w = 288, .box_w = 16, .box_h = 15, .ofs_x = 1, .ofs_y = -1},
    {.bitmap_index = 14185, .adv_w = 288, .box_w = 16, .box_h = 16, .ofs_x = 1, .ofs_y = -1},
    {.bitmap_index = 14217, .adv_w = 288, .box_w = 14, .box_h = 16, .ofs_x = 2, .ofs_y = -1},
    {.bitmap_index = 14245, .adv_w = 288, .box_w = 15, .box_h = 16, .ofs_x = 1, .ofs_y = -1},
    {.bitmap_index = 14275, .adv_w = 288, .box_w = 17, .box_h = 16, .ofs_x = 0, .ofs_y = -1},
    {.bitmap_index = 14309, .adv_w = 288, .box_w = 16, .box_h = 15, .ofs_x = 1, .ofs_y = -2},
    {.bitmap_index = 14339, .adv_w = 288, .box_w = 17, .box_h = 15, .ofs_x = 0, .ofs_y = -1},
    {.bitmap_index = 14371, .adv_w = 288, .box_w = 15, .box_h = 15, .ofs_x = 1, .ofs_y = -2},
    {.bitmap_index = 14400, .adv_w = 288, .box_w = 15, .box_h = 15, .ofs_x = 1, .ofs_y = -1},
    {.bitmap_index = 14429, .adv_w = 288, .box_w = 14, .box_h = 14, .ofs_x = 1, .ofs_y = -1},
    {.bitmap_index = 14454, .adv_w = 288, .box_w = 17, .box_h = 16, .ofs_x = 0, .ofs_y = -2},
    {.bitmap_index = 14488, .adv_w = 288, .box_w = 17, .box_h = 16, .ofs_x = 1, .ofs_y = -2},
    {.bitmap_index = 14522, .adv_w = 288, .box_w = 15, .box_h = 16, .ofs_x = 1, .ofs_y = -2},
    {.bitmap_index = 14552, .adv_w = 288, .box_w = 14, .box_h = 15, .ofs_x = 2, .ofs_y = -1},
    {.bitmap_index = 14579, .adv_w = 288, .box_w = 15, .box_h = 17, .ofs_x = 2, .ofs_y = -2},
    {.bitmap_index = 14611, .adv_w = 288, .box_w = 15, .box_h = 15, .ofs_x = 1, .ofs_y = -1},
    {.bitmap_index = 14640, .adv_w = 288, .box_w = 15, .box_h = 15, .ofs_x = 1, .ofs_y = -1},
    {.bitmap_index = 14669, .adv_w = 288, .box_w = 14, .box_h = 16, .ofs_x = 2, .ofs_y = -2},
    {.bitmap_index = 14697, .adv_w = 288, .box_w = 16, .box_h = 12, .ofs_x = 1, .ofs_y = 0},
    {.bitmap_index = 14721, .adv_w = 288, .box_w = 16, .box_h = 16, .ofs_x = 1, .ofs_y = -1},
    {.bitmap_index = 14753, .adv_w = 288, .box_w = 14, .box_h = 14, .ofs_x = 2, .ofs_y = -1},
    {.bitmap_index = 14778, .adv_w = 288, .box_w = 15, .box_h = 14, .ofs_x = 2, .ofs_y = -1},
    {.bitmap_index = 14805, .adv_w = 288, .box_w = 16, .box_h = 17, .ofs_x = 1, .ofs_y = -2},
    {.bitmap_index = 14839, .adv_w = 288, .box_w = 17, .box_h = 17, .ofs_x = 0, .ofs_y = -2},
    {.bitmap_index = 14876, .adv_w = 288, .box_w = 15, .box_h = 16, .ofs_x = 1, .ofs_y = -2},
    {.bitmap_index = 14906, .adv_w = 288, .box_w = 15, .box_h = 16, .ofs_x = 2, .ofs_y = -1},
    {.bitmap_index = 14936, .adv_w = 288, .box_w = 14, .box_h = 16, .ofs_x = 2, .ofs_y = -2},
    {.bitmap_index = 14964, .adv_w = 288, .box_w = 15, .box_h = 17, .ofs_x = 2, .ofs_y = -2},
    {.bitmap_index = 14996, .adv_w = 288, .box_w = 15, .box_h = 16, .ofs_x = 2, .ofs_y = -2},
    {.bitmap_index = 15026, .adv_w = 288, .box_w = 17, .box_h = 16, .ofs_x = 1, .ofs_y = -2},
    {.bitmap_index = 15060, .adv_w = 288, .box_w = 15, .box_h = 17, .ofs_x = 1, .ofs_y = -2},
    {.bitmap_index = 15092, .adv_w = 288, .box_w = 16, .box_h = 16, .ofs_x = 1, .ofs_y = -2},
    {.bitmap_index = 15124, .adv_w = 288, .box_w = 16, .box_h = 15, .ofs_x = 1, .ofs_y = -2},
    {.bitmap_index = 15154, .adv_w = 288, .box_w = 16, .box_h = 15, .ofs_x = 1, .ofs_y = -2},
    {.bitmap_index = 15184, .adv_w = 288, .box_w = 15, .box_h = 16, .ofs_x = 1, .ofs_y = -2},
    {.bitmap_index = 15214, .adv_w = 288, .box_w = 16, .box_h = 17, .ofs_x = 1, .ofs_y = -2},
    {.bitmap_index = 15248, .adv_w = 288, .box_w = 16, .box_h = 17, .ofs_x = 1, .ofs_y = -2},
    {.bitmap_index = 15282, .adv_w = 288, .box_w = 17, .box_h = 17, .ofs_x = 0, .ofs_y = -2},
    {.bitmap_index = 15319, .adv_w = 288, .box_w = 17, .box_h = 17, .ofs_x = 1, .ofs_y = -2},
    {.bitmap_index = 15356, .adv_w = 288, .box_w = 16, .box_h = 16, .ofs_x = 1, .ofs_y = -1},
    {.bitmap_index = 15388, .adv_w = 288, .box_w = 17, .box_h = 16, .ofs_x = 0, .ofs_y = -1},
    {.bitmap_index = 15422, .adv_w = 288, .box_w = 16, .box_h = 17, .ofs_x = 1, .ofs_y = -2},
    {.bitmap_index = 15456, .adv_w = 288, .box_w = 17, .box_h = 16, .ofs_x = 0, .ofs_y = -1},
    {.bitmap_index = 15490, .adv_w = 288, .box_w = 16, .box_h = 17, .ofs_x = 0, .ofs_y = -2},
    {.bitmap_index = 15524, .adv_w = 288, .box_w = 15, .box_h = 17, .ofs_x = 2, .ofs_y = -2},
    {.bitmap_index = 15556, .adv_w = 288, .box_w = 16, .box_h = 17, .ofs_x = 1, .ofs_y = -2},
    {.bitmap_index = 15590, .adv_w = 288, .box_w = 16, .box_h = 15, .ofs_x = 1, .ofs_y = -1},
    {.bitmap_index = 15620, .adv_w = 288, .box_w = 16, .box_h = 16, .ofs_x = 1, .ofs_y = -1},
    {.bitmap_index = 15652, .adv_w = 288, .box_w = 16, .box_h = 15, .ofs_x = 1, .ofs_y = -2},
    {.bitmap_index = 15682, .adv_w = 288, .box_w = 16, .box_h = 15, .ofs_x = 1, .ofs_y = -1},
    {.bitmap_index = 15712, .adv_w = 288, .box_w = 14, .box_h = 16, .ofs_x = 2, .ofs_y = -1},
    {.bitmap_index = 15740, .adv_w = 288, .box_w = 15, .box_h = 15, .ofs_x = 2, .ofs_y = -1},
    {.bitmap_index = 15769, .adv_w = 288, .box_w = 16, .box_h = 15, .ofs_x = 1, .ofs_y = -1},
    {.bitmap_index = 15799, .adv_w = 288, .box_w = 15, .box_h = 15, .ofs_x = 2, .ofs_y = -2},
    {.bitmap_index = 15828, .adv_w = 288, .box_w = 14, .box_h = 16, .ofs_x = 2, .ofs_y = -2},
    {.bitmap_index = 15856, .adv_w = 288, .box_w = 15, .box_h = 16, .ofs_x = 2, .ofs_y = -2},
    {.bitmap_index = 15886, .adv_w = 288, .box_w = 17, .box_h = 15, .ofs_x = 1, .ofs_y = -1},
    {.bitmap_index = 15918, .adv_w = 288, .box_w = 16, .box_h = 17, .ofs_x = 1, .ofs_y = -2},
    {.bitmap_index = 15952, .adv_w = 288, .box_w = 16, .box_h = 16, .ofs_x = 1, .ofs_y = -2},
    {.bitmap_index = 15984, .adv_w = 288, .box_w = 16, .box_h = 16, .ofs_x = 1, .ofs_y = -2},
    {.bitmap_index = 16016, .adv_w = 288, .box_w = 17, .box_h = 17, .ofs_x = 0, .ofs_y = -2},
    {.bitmap_index = 16053, .adv_w = 288, .box_w = 16, .box_h = 17, .ofs_x = 1, .ofs_y = -2},
    {.bitmap_index = 16087, .adv_w = 288, .box_w = 15, .box_h = 17, .ofs_x = 1, .ofs_y = -2},
    {.bitmap_index = 16119, .adv_w = 288, .box_w = 15, .box_h = 17, .ofs_x = 1, .ofs_y = -2},
    {.bitmap_index = 16151, .adv_w = 288, .box_w = 16, .box_h = 16, .ofs_x = 1, .ofs_y = -1},
    {.bitmap_index = 16183, .adv_w = 288, .box_w = 17, .box_h = 15, .ofs_x = 0, .ofs_y = -1},
    {.bitmap_index = 16215, .adv_w = 288, .box_w = 17, .box_h = 15, .ofs_x = 0, .ofs_y = -1},
    {.bitmap_index = 16247, .adv_w = 288, .box_w = 17, .box_h = 16, .ofs_x = 1, .ofs_y = -1},
    {.bitmap_index = 16281, .adv_w = 288, .box_w = 16, .box_h = 17, .ofs_x = 1, .ofs_y = -2},
    {.bitmap_index = 16315, .adv_w = 288, .box_w = 16, .box_h = 15, .ofs_x = 1, .ofs_y = -1},
    {.bitmap_index = 16345, .adv_w = 288, .box_w = 17, .box_h = 16, .ofs_x = 0, .ofs_y = -2},
    {.bitmap_index = 16379, .adv_w = 288, .box_w = 17, .box_h = 16, .ofs_x = 1, .ofs_y = -1},
    {.bitmap_index = 16413, .adv_w = 288, .box_w = 16, .box_h = 16, .ofs_x = 1, .ofs_y = -1},
    {.bitmap_index = 16445, .adv_w = 288, .box_w = 17, .box_h = 15, .ofs_x = 1, .ofs_y = -1},
    {.bitmap_index = 16477, .adv_w = 288, .box_w = 16, .box_h = 17, .ofs_x = 1, .ofs_y = -2},
    {.bitmap_index = 16511, .adv_w = 288, .box_w = 16, .box_h = 16, .ofs_x = 1, .ofs_y = -1},
    {.bitmap_index = 16543, .adv_w = 288, .box_w = 17, .box_h = 16, .ofs_x = 0, .ofs_y = -2},
    {.bitmap_index = 16577, .adv_w = 288, .box_w = 17, .box_h = 16, .ofs_x = 1, .ofs_y = -2},
    {.bitmap_index = 16611, .adv_w = 288, .box_w = 16, .box_h = 16, .ofs_x = 1, .ofs_y = -1},
    {.bitmap_index = 16643, .adv_w = 288, .box_w = 16, .box_h = 15, .ofs_x = 1, .ofs_y = -1},
    {.bitmap_index = 16673, .adv_w = 288, .box_w = 16, .box_h = 17, .ofs_x = 1, .ofs_y = -2},
    {.bitmap_index = 16707, .adv_w = 288, .box_w = 16, .box_h = 16, .ofs_x = 2, .ofs_y = -1},
    {.bitmap_index = 16739, .adv_w = 288, .box_w = 15, .box_h = 16, .ofs_x = 2, .ofs_y = -1},
    {.bitmap_index = 16769, .adv_w = 288, .box_w = 16, .box_h = 17, .ofs_x = 1, .ofs_y = -2},
    {.bitmap_index = 16803, .adv_w = 288, .box_w = 16, .box_h = 16, .ofs_x = 1, .ofs_y = -2},
    {.bitmap_index = 16835, .adv_w = 288, .box_w = 16, .box_h = 16, .ofs_x = 1, .ofs_y = -2},
    {.bitmap_index = 16867, .adv_w = 288, .box_w = 17, .box_h = 16, .ofs_x = 1, .ofs_y = -2},
    {.bitmap_index = 16901, .adv_w = 288, .box_w = 16, .box_h = 16, .ofs_x = 1, .ofs_y = -1},
    {.bitmap_index = 16933, .adv_w = 288, .box_w = 16, .box_h = 15, .ofs_x = 2, .ofs_y = -1},
    {.bitmap_index = 16963, .adv_w = 288, .box_w = 15, .box_h = 16, .ofs_x = 2, .ofs_y = -1},
    {.bitmap_index = 16993, .adv_w = 288, .box_w = 16, .box_h = 17, .ofs_x = 1, .ofs_y = -2},
    {.bitmap_index = 17027, .adv_w = 288, .box_w = 15, .box_h = 16, .ofs_x = 1, .ofs_y = -1},
    {.bitmap_index = 17057, .adv_w = 288, .box_w = 17, .box_h = 17, .ofs_x = 0, .ofs_y = -2},
    {.bitmap_index = 17094, .adv_w = 288, .box_w = 16, .box_h = 16, .ofs_x = 1, .ofs_y = -1},
    {.bitmap_index = 17126, .adv_w = 288, .box_w = 16, .box_h = 17, .ofs_x = 1, .ofs_y = -2},
    {.bitmap_index = 17160, .adv_w = 288, .box_w = 17, .box_h = 16, .ofs_x = 1, .ofs_y = -1},
    {.bitmap_index = 17194, .adv_w = 288, .box_w = 16, .box_h = 17, .ofs_x = 1, .ofs_y = -2},
    {.bitmap_index = 17228, .adv_w = 288, .box_w = 15, .box_h = 15, .ofs_x = 1, .ofs_y = -1},
    {.bitmap_index = 17257, .adv_w = 288, .box_w = 16, .box_h = 15, .ofs_x = 1, .ofs_y = -1},
    {.bitmap_index = 17287, .adv_w = 288, .box_w = 16, .box_h = 14, .ofs_x = 1, .ofs_y = -1},
    {.bitmap_index = 17315, .adv_w = 288, .box_w = 17, .box_h = 17, .ofs_x = 1, .ofs_y = -2},
    {.bitmap_index = 17352, .adv_w = 288, .box_w = 17, .box_h = 16, .ofs_x = 1, .ofs_y = -1},
    {.bitmap_index = 17386, .adv_w = 288, .box_w = 16, .box_h = 17, .ofs_x = 1, .ofs_y = -2},
    {.bitmap_index = 17420, .adv_w = 288, .box_w = 17, .box_h = 16, .ofs_x = 1, .ofs_y = -2},
    {.bitmap_index = 17454, .adv_w = 288, .box_w = 16, .box_h = 17, .ofs_x = 1, .ofs_y = -2},
    {.bitmap_index = 17488, .adv_w = 288, .box_w = 15, .box_h = 17, .ofs_x = 1, .ofs_y = -2},
    {.bitmap_index = 17520, .adv_w = 288, .box_w = 16, .box_h = 17, .ofs_x = 1, .ofs_y = -2},
    {.bitmap_index = 17554, .adv_w = 288, .box_w = 16, .box_h = 17, .ofs_x = 1, .ofs_y = -2},
    {.bitmap_index = 17588, .adv_w = 288, .box_w = 16, .box_h = 16, .ofs_x = 1, .ofs_y = -1},
    {.bitmap_index = 17620, .adv_w = 288, .box_w = 16, .box_h = 16, .ofs_x = 1, .ofs_y = -1},
    {.bitmap_index = 17652, .adv_w = 288, .box_w = 16, .box_h = 17, .ofs_x = 1, .ofs_y = -2},
    {.bitmap_index = 17686, .adv_w = 288, .box_w = 16, .box_h = 16, .ofs_x = 1, .ofs_y = -2},
    {.bitmap_index = 17718, .adv_w = 288, .box_w = 16, .box_h = 17, .ofs_x = 1, .ofs_y = -2},
    {.bitmap_index = 17752, .adv_w = 288, .box_w = 16, .box_h = 16, .ofs_x = 1, .ofs_y = -1},
    {.bitmap_index = 17784, .adv_w = 288, .box_w = 16, .box_h = 16, .ofs_x = 1, .ofs_y = -2},
    {.bitmap_index = 17816, .adv_w = 288, .box_w = 15, .box_h = 16, .ofs_x = 2, .ofs_y = -2},
    {.bitmap_index = 17846, .adv_w = 288, .box_w = 16, .box_h = 16, .ofs_x = 0, .ofs_y = -1},
    {.bitmap_index = 17878, .adv_w = 288, .box_w = 15, .box_h = 16, .ofs_x = 2, .ofs_y = -2},
    {.bitmap_index = 17908, .adv_w = 288, .box_w = 16, .box_h = 17, .ofs_x = 1, .ofs_y = -2},
    {.bitmap_index = 17942, .adv_w = 288, .box_w = 16, .box_h = 17, .ofs_x = 1, .ofs_y = -2},
    {.bitmap_index = 17976, .adv_w = 288, .box_w = 16, .box_h = 17, .ofs_x = 1, .ofs_y = -2},
    {.bitmap_index = 18010, .adv_w = 288, .box_w = 15, .box_h = 16, .ofs_x = 2, .ofs_y = -1},
    {.bitmap_index = 18040, .adv_w = 288, .box_w = 15, .box_h = 17, .ofs_x = 1, .ofs_y = -2},
    {.bitmap_index = 18072, .adv_w = 288, .box_w = 15, .box_h = 17, .ofs_x = 2, .ofs_y = -2},
    {.bitmap_index = 18104, .adv_w = 288, .box_w = 16, .box_h = 15, .ofs_x = 1, .ofs_y = -1},
    {.bitmap_index = 18134, .adv_w = 288, .box_w = 16, .box_h = 16, .ofs_x = 1, .ofs_y = -2},
    {.bitmap_index = 18166, .adv_w = 288, .box_w = 15, .box_h = 15, .ofs_x = 2, .ofs_y = -1},
    {.bitmap_index = 18195, .adv_w = 288, .box_w = 15, .box_h = 17, .ofs_x = 2, .ofs_y = -2},
    {.bitmap_index = 18227, .adv_w = 288, .box_w = 17, .box_h = 17, .ofs_x = 1, .ofs_y = -2},
    {.bitmap_index = 18264, .adv_w = 288, .box_w = 15, .box_h = 17, .ofs_x = 1, .ofs_y = -2},
    {.bitmap_index = 18296, .adv_w = 288, .box_w = 15, .box_h = 16, .ofs_x = 2, .ofs_y = -1},
    {.bitmap_index = 18326, .adv_w = 288, .box_w = 15, .box_h = 17, .ofs_x = 2, .ofs_y = -2},
    {.bitmap_index = 18358, .adv_w = 288, .box_w = 16, .box_h = 16, .ofs_x = 1, .ofs_y = -1},
    {.bitmap_index = 18390, .adv_w = 288, .box_w = 15, .box_h = 17, .ofs_x = 1, .ofs_y = -2},
    {.bitmap_index = 18422, .adv_w = 288, .box_w = 16, .box_h = 16, .ofs_x = 1, .ofs_y = -2},
    {.bitmap_index = 18454, .adv_w = 288, .box_w = 16, .box_h = 17, .ofs_x = 1, .ofs_y = -2},
    {.bitmap_index = 18488, .adv_w = 288, .box_w = 16, .box_h = 17, .ofs_x = 1, .ofs_y = -2},
    {.bitmap_index = 18522, .adv_w = 288, .box_w = 16, .box_h = 17, .ofs_x = 1, .ofs_y = -2},
    {.bitmap_index = 18556, .adv_w = 288, .box_w = 16, .box_h = 15, .ofs_x = 1, .ofs_y = -1},
    {.bitmap_index = 18586, .adv_w = 288, .box_w = 16, .box_h = 16, .ofs_x = 1, .ofs_y = -1},
    {.bitmap_index = 18618, .adv_w = 288, .box_w = 16, .box_h = 16, .ofs_x = 1, .ofs_y = -2},
    {.bitmap_index = 18650, .adv_w = 288, .box_w = 16, .box_h = 17, .ofs_x = 1, .ofs_y = -2},
    {.bitmap_index = 18684, .adv_w = 288, .box_w = 16, .box_h = 16, .ofs_x = 1, .ofs_y = -2},
    {.bitmap_index = 18716, .adv_w = 288, .box_w = 17, .box_h = 16, .ofs_x = 0, .ofs_y = -1},
    {.bitmap_index = 18750, .adv_w = 288, .box_w = 17, .box_h = 16, .ofs_x = 0, .ofs_y = -2},
    {.bitmap_index = 18784, .adv_w = 288, .box_w = 16, .box_h = 15, .ofs_x = 1, .ofs_y = -1},
    {.bitmap_index = 18814, .adv_w = 288, .box_w = 17, .box_h = 16, .ofs_x = 0, .ofs_y = -2},
    {.bitmap_index = 18848, .adv_w = 288, .box_w = 16, .box_h = 17, .ofs_x = 1, .ofs_y = -2},
    {.bitmap_index = 18882, .adv_w = 288, .box_w = 16, .box_h = 16, .ofs_x = 1, .ofs_y = -1},
    {.bitmap_index = 18914, .adv_w = 288, .box_w = 16, .box_h = 15, .ofs_x = 2, .ofs_y = 0},
    {.bitmap_index = 18944, .adv_w = 288, .box_w = 16, .box_h = 17, .ofs_x = 1, .ofs_y = -2},
    {.bitmap_index = 18978, .adv_w = 288, .box_w = 15, .box_h = 16, .ofs_x = 2, .ofs_y = -2},
    {.bitmap_index = 19008, .adv_w = 288, .box_w = 16, .box_h = 17, .ofs_x = 1, .ofs_y = -2},
    {.bitmap_index = 19042, .adv_w = 288, .box_w = 15, .box_h = 15, .ofs_x = 2, .ofs_y = -1},
    {.bitmap_index = 19071, .adv_w = 288, .box_w = 16, .box_h = 15, .ofs_x = 1, .ofs_y = -2},
    {.bitmap_index = 19101, .adv_w = 288, .box_w = 11, .box_h = 14, .ofs_x = 4, .ofs_y = -1},
    {.bitmap_index = 19121, .adv_w = 288, .box_w = 14, .box_h = 15, .ofs_x = 2, .ofs_y = -2},
    {.bitmap_index = 19148, .adv_w = 288, .box_w = 16, .box_h = 16, .ofs_x = 1, .ofs_y = -1},
    {.bitmap_index = 19180, .adv_w = 288, .box_w = 15, .box_h = 15, .ofs_x = 2, .ofs_y = -1},
    {.bitmap_index = 19209, .adv_w = 288, .box_w = 15, .box_h = 16, .ofs_x = 1, .ofs_y = -2},
    {.bitmap_index = 19239, .adv_w = 288, .box_w = 14, .box_h = 15, .ofs_x = 2, .ofs_y = -2},
    {.bitmap_index = 19266, .adv_w = 288, .box_w = 15, .box_h = 16, .ofs_x = 2, .ofs_y = -2},
    {.bitmap_index = 19296, .adv_w = 288, .box_w = 15, .box_h = 15, .ofs_x = 2, .ofs_y = -1},
    {.bitmap_index = 19325, .adv_w = 288, .box_w = 16, .box_h = 17, .ofs_x = 2, .ofs_y = -2},
    {.bitmap_index = 19359, .adv_w = 288, .box_w = 17, .box_h = 17, .ofs_x = 1, .ofs_y = -2},
    {.bitmap_index = 19396, .adv_w = 288, .box_w = 15, .box_h = 15, .ofs_x = 1, .ofs_y = -1},
    {.bitmap_index = 19425, .adv_w = 288, .box_w = 16, .box_h = 15, .ofs_x = 1, .ofs_y = -1},
    {.bitmap_index = 19455, .adv_w = 288, .box_w = 15, .box_h = 15, .ofs_x = 2, .ofs_y = -1},
    {.bitmap_index = 19484, .adv_w = 288, .box_w = 15, .box_h = 16, .ofs_x = 2, .ofs_y = -2},
    {.bitmap_index = 19514, .adv_w = 288, .box_w = 16, .box_h = 16, .ofs_x = 1, .ofs_y = -2},
    {.bitmap_index = 19546, .adv_w = 288, .box_w = 15, .box_h = 16, .ofs_x = 2, .ofs_y = -2},
    {.bitmap_index = 19576, .adv_w = 288, .box_w = 16, .box_h = 16, .ofs_x = 1, .ofs_y = -2},
    {.bitmap_index = 19608, .adv_w = 288, .box_w = 15, .box_h = 16, .ofs_x = 2, .ofs_y = -2},
    {.bitmap_index = 19638, .adv_w = 288, .box_w = 15, .box_h = 16, .ofs_x = 2, .ofs_y = -1},
    {.bitmap_index = 19668, .adv_w = 288, .box_w = 15, .box_h = 17, .ofs_x = 1, .ofs_y = -2},
    {.bitmap_index = 19700, .adv_w = 288, .box_w = 16, .box_h = 15, .ofs_x = 2, .ofs_y = -1},
    {.bitmap_index = 19730, .adv_w = 288, .box_w = 16, .box_h = 15, .ofs_x = 1, .ofs_y = -1},
    {.bitmap_index = 19760, .adv_w = 288, .box_w = 16, .box_h = 16, .ofs_x = 2, .ofs_y = -1},
    {.bitmap_index = 19792, .adv_w = 288, .box_w = 12, .box_h = 16, .ofs_x = 3, .ofs_y = -2},
    {.bitmap_index = 19816, .adv_w = 288, .box_w = 16, .box_h = 15, .ofs_x = 0, .ofs_y = -1},
    {.bitmap_index = 19846, .adv_w = 288, .box_w = 14, .box_h = 17, .ofs_x = 2, .ofs_y = -2},
    {.bitmap_index = 19876, .adv_w = 288, .box_w = 15, .box_h = 16, .ofs_x = 1, .ofs_y = -2},
    {.bitmap_index = 19906, .adv_w = 288, .box_w = 14, .box_h = 14, .ofs_x = 1, .ofs_y = -1},
    {.bitmap_index = 19931, .adv_w = 288, .box_w = 16, .box_h = 15, .ofs_x = 1, .ofs_y = -1},
    {.bitmap_index = 19961, .adv_w = 288, .box_w = 16, .box_h = 16, .ofs_x = 1, .ofs_y = -1},
    {.bitmap_index = 19993, .adv_w = 288, .box_w = 15, .box_h = 16, .ofs_x = 1, .ofs_y = -2},
    {.bitmap_index = 20023, .adv_w = 288, .box_w = 16, .box_h = 17, .ofs_x = 1, .ofs_y = -2},
    {.bitmap_index = 20057, .adv_w = 288, .box_w = 16, .box_h = 17, .ofs_x = 1, .ofs_y = -2},
    {.bitmap_index = 20091, .adv_w = 288, .box_w = 16, .box_h = 17, .ofs_x = 1, .ofs_y = -2},
    {.bitmap_index = 20125, .adv_w = 288, .box_w = 17, .box_h = 17, .ofs_x = 0, .ofs_y = -2},
    {.bitmap_index = 20162, .adv_w = 288, .box_w = 16, .box_h = 16, .ofs_x = 1, .ofs_y = -2},
    {.bitmap_index = 20194, .adv_w = 288, .box_w = 15, .box_h = 16, .ofs_x = 1, .ofs_y = -2},
    {.bitmap_index = 20224, .adv_w = 288, .box_w = 16, .box_h = 16, .ofs_x = 1, .ofs_y = -1},
    {.bitmap_index = 20256, .adv_w = 288, .box_w = 16, .box_h = 17, .ofs_x = 1, .ofs_y = -2},
    {.bitmap_index = 20290, .adv_w = 288, .box_w = 16, .box_h = 17, .ofs_x = 1, .ofs_y = -2},
    {.bitmap_index = 20324, .adv_w = 288, .box_w = 16, .box_h = 16, .ofs_x = 1, .ofs_y = -2},
    {.bitmap_index = 20356, .adv_w = 288, .box_w = 16, .box_h = 16, .ofs_x = 1, .ofs_y = -2},
    {.bitmap_index = 20388, .adv_w = 288, .box_w = 17, .box_h = 17, .ofs_x = 0, .ofs_y = -2},
    {.bitmap_index = 20425, .adv_w = 288, .box_w = 17, .box_h = 17, .ofs_x = 0, .ofs_y = -2},
    {.bitmap_index = 20462, .adv_w = 288, .box_w = 16, .box_h = 17, .ofs_x = 1, .ofs_y = -2},
    {.bitmap_index = 20496, .adv_w = 288, .box_w = 17, .box_h = 17, .ofs_x = 1, .ofs_y = -2},
    {.bitmap_index = 20533, .adv_w = 288, .box_w = 15, .box_h = 16, .ofs_x = 2, .ofs_y = -1},
    {.bitmap_index = 20563, .adv_w = 288, .box_w = 16, .box_h = 17, .ofs_x = 1, .ofs_y = -2},
    {.bitmap_index = 20597, .adv_w = 288, .box_w = 17, .box_h = 16, .ofs_x = 1, .ofs_y = -2},
    {.bitmap_index = 20631, .adv_w = 288, .box_w = 15, .box_h = 17, .ofs_x = 1, .ofs_y = -2},
    {.bitmap_index = 20663, .adv_w = 288, .box_w = 17, .box_h = 17, .ofs_x = 1, .ofs_y = -2},
    {.bitmap_index = 20700, .adv_w = 288, .box_w = 17, .box_h = 16, .ofs_x = 1, .ofs_y = -1},
    {.bitmap_index = 20734, .adv_w = 288, .box_w = 16, .box_h = 17, .ofs_x = 1, .ofs_y = -2},
    {.bitmap_index = 20768, .adv_w = 288, .box_w = 16, .box_h = 16, .ofs_x = 0, .ofs_y = -2},
    {.bitmap_index = 20800, .adv_w = 288, .box_w = 15, .box_h = 16, .ofs_x = 2, .ofs_y = -2},
    {.bitmap_index = 20830, .adv_w = 288, .box_w = 17, .box_h = 16, .ofs_x = 1, .ofs_y = -2},
    {.bitmap_index = 20864, .adv_w = 288, .box_w = 15, .box_h = 17, .ofs_x = 2, .ofs_y = -2},
    {.bitmap_index = 20896, .adv_w = 288, .box_w = 17, .box_h = 16, .ofs_x = 0, .ofs_y = -1},
    {.bitmap_index = 20930, .adv_w = 288, .box_w = 15, .box_h = 17, .ofs_x = 2, .ofs_y = -2},
    {.bitmap_index = 20962, .adv_w = 288, .box_w = 17, .box_h = 16, .ofs_x = 1, .ofs_y = -1},
    {.bitmap_index = 20996, .adv_w = 288, .box_w = 16, .box_h = 17, .ofs_x = 1, .ofs_y = -2},
    {.bitmap_index = 21030, .adv_w = 288, .box_w = 16, .box_h = 17, .ofs_x = 1, .ofs_y = -2},
    {.bitmap_index = 21064, .adv_w = 288, .box_w = 16, .box_h = 17, .ofs_x = 1, .ofs_y = -2},
    {.bitmap_index = 21098, .adv_w = 288, .box_w = 16, .box_h = 17, .ofs_x = 1, .ofs_y = -2},
    {.bitmap_index = 21132, .adv_w = 288, .box_w = 16, .box_h = 17, .ofs_x = 1, .ofs_y = -2},
    {.bitmap_index = 21166, .adv_w = 288, .box_w = 16, .box_h = 17, .ofs_x = 0, .ofs_y = -2},
    {.bitmap_index = 21200, .adv_w = 288, .box_w = 16, .box_h = 17, .ofs_x = 1, .ofs_y = -2},
    {.bitmap_index = 21234, .adv_w = 288, .box_w = 16, .box_h = 17, .ofs_x = 1, .ofs_y = -2},
    {.bitmap_index = 21268, .adv_w = 288, .box_w = 16, .box_h = 17, .ofs_x = 1, .ofs_y = -2},
    {.bitmap_index = 21302, .adv_w = 288, .box_w = 16, .box_h = 15, .ofs_x = 1, .ofs_y = -1},
    {.bitmap_index = 21332, .adv_w = 288, .box_w = 16, .box_h = 17, .ofs_x = 1, .ofs_y = -2},
    {.bitmap_index = 21366, .adv_w = 288, .box_w = 16, .box_h = 16, .ofs_x = 1, .ofs_y = -2},
    {.bitmap_index = 21398, .adv_w = 288, .box_w = 16, .box_h = 16, .ofs_x = 1, .ofs_y = -2},
    {.bitmap_index = 21430, .adv_w = 288, .box_w = 16, .box_h = 17, .ofs_x = 1, .ofs_y = -2},
    {.bitmap_index = 21464, .adv_w = 288, .box_w = 16, .box_h = 17, .ofs_x = 1, .ofs_y = -2},
    {.bitmap_index = 21498, .adv_w = 288, .box_w = 17, .box_h = 17, .ofs_x = 1, .ofs_y = -2},
    {.bitmap_index = 21535, .adv_w = 288, .box_w = 15, .box_h = 17, .ofs_x = 2, .ofs_y = -2},
    {.bitmap_index = 21567, .adv_w = 288, .box_w = 16, .box_h = 17, .ofs_x = 0, .ofs_y = -2},
    {.bitmap_index = 21601, .adv_w = 288, .box_w = 16, .box_h = 17, .ofs_x = 1, .ofs_y = -2},
    {.bitmap_index = 21635, .adv_w = 288, .box_w = 17, .box_h = 15, .ofs_x = 1, .ofs_y = -1},
    {.bitmap_index = 21667, .adv_w = 288, .box_w = 15, .box_h = 17, .ofs_x = 1, .ofs_y = -2},
    {.bitmap_index = 21699, .adv_w = 288, .box_w = 17, .box_h = 16, .ofs_x = 1, .ofs_y = -2},
    {.bitmap_index = 21733, .adv_w = 288, .box_w = 17, .box_h = 14, .ofs_x = 1, .ofs_y = 0},
    {.bitmap_index = 21763, .adv_w = 288, .box_w = 17, .box_h = 13, .ofs_x = 1, .ofs_y = 0},
    {.bitmap_index = 21791, .adv_w = 288, .box_w = 16, .box_h = 15, .ofs_x = 1, .ofs_y = -1},
    {.bitmap_index = 21821, .adv_w = 288, .box_w = 15, .box_h = 15, .ofs_x = 2, .ofs_y = -1},
    {.bitmap_index = 21850, .adv_w = 288, .box_w = 17, .box_h = 17, .ofs_x = 1, .ofs_y = -2},
    {.bitmap_index = 21887, .adv_w = 288, .box_w = 17, .box_h = 14, .ofs_x = 1, .ofs_y = -1},
    {.bitmap_index = 21917, .adv_w = 288, .box_w = 17, .box_h = 17, .ofs_x = 1, .ofs_y = -2},
    {.bitmap_index = 21954, .adv_w = 288, .box_w = 16, .box_h = 16, .ofs_x = 1, .ofs_y = -2},
    {.bitmap_index = 21986, .adv_w = 288, .box_w = 16, .box_h = 16, .ofs_x = 1, .ofs_y = -1},
    {.bitmap_index = 22018, .adv_w = 288, .box_w = 16, .box_h = 15, .ofs_x = 1, .ofs_y = -1},
    {.bitmap_index = 22048, .adv_w = 288, .box_w = 16, .box_h = 17, .ofs_x = 1, .ofs_y = -2},
    {.bitmap_index = 22082, .adv_w = 288, .box_w = 15, .box_h = 15, .ofs_x = 2, .ofs_y = -1},
    {.bitmap_index = 22111, .adv_w = 288, .box_w = 17, .box_h = 16, .ofs_x = 1, .ofs_y = -2},
    {.bitmap_index = 22145, .adv_w = 288, .box_w = 16, .box_h = 17, .ofs_x = 1, .ofs_y = -2},
    {.bitmap_index = 22179, .adv_w = 288, .box_w = 16, .box_h = 17, .ofs_x = 1, .ofs_y = -2},
    {.bitmap_index = 22213, .adv_w = 288, .box_w = 16, .box_h = 16, .ofs_x = 1, .ofs_y = -1},
    {.bitmap_index = 22245, .adv_w = 288, .box_w = 15, .box_h = 16, .ofs_x = 2, .ofs_y = -2},
    {.bitmap_index = 22275, .adv_w = 288, .box_w = 16, .box_h = 15, .ofs_x = 1, .ofs_y = -1},
    {.bitmap_index = 22305, .adv_w = 288, .box_w = 16, .box_h = 15, .ofs_x = 2, .ofs_y = -1},
    {.bitmap_index = 22335, .adv_w = 288, .box_w = 16, .box_h = 16, .ofs_x = 1, .ofs_y = -2},
    {.bitmap_index = 22367, .adv_w = 288, .box_w = 16, .box_h = 17, .ofs_x = 1, .ofs_y = -2},
    {.bitmap_index = 22401, .adv_w = 288, .box_w = 15, .box_h = 17, .ofs_x = 1, .ofs_y = -2},
    {.bitmap_index = 22433, .adv_w = 288, .box_w = 16, .box_h = 17, .ofs_x = 1, .ofs_y = -2},
    {.bitmap_index = 22467, .adv_w = 288, .box_w = 16, .box_h = 17, .ofs_x = 1, .ofs_y = -2},
    {.bitmap_index = 22501, .adv_w = 288, .box_w = 16, .box_h = 17, .ofs_x = 1, .ofs_y = -2},
    {.bitmap_index = 22535, .adv_w = 288, .box_w = 16, .box_h = 16, .ofs_x = 1, .ofs_y = -2},
    {.bitmap_index = 22567, .adv_w = 288, .box_w = 16, .box_h = 16, .ofs_x = 1, .ofs_y = -2},
    {.bitmap_index = 22599, .adv_w = 288, .box_w = 17, .box_h = 16, .ofs_x = 1, .ofs_y = -1},
    {.bitmap_index = 22633, .adv_w = 288, .box_w = 17, .box_h = 16, .ofs_x = 1, .ofs_y = -2},
    {.bitmap_index = 22667, .adv_w = 288, .box_w = 15, .box_h = 17, .ofs_x = 1, .ofs_y = -2},
    {.bitmap_index = 22699, .adv_w = 288, .box_w = 16, .box_h = 17, .ofs_x = 1, .ofs_y = -2},
    {.bitmap_index = 22733, .adv_w = 288, .box_w = 16, .box_h = 17, .ofs_x = 1, .ofs_y = -2},
    {.bitmap_index = 22767, .adv_w = 288, .box_w = 16, .box_h = 16, .ofs_x = 1, .ofs_y = -1},
    {.bitmap_index = 22799, .adv_w = 288, .box_w = 16, .box_h = 17, .ofs_x = 1, .ofs_y = -2},
    {.bitmap_index = 22833, .adv_w = 288, .box_w = 15, .box_h = 16, .ofs_x = 2, .ofs_y = -2},
    {.bitmap_index = 22863, .adv_w = 288, .box_w = 16, .box_h = 16, .ofs_x = 1, .ofs_y = -2},
    {.bitmap_index = 22895, .adv_w = 288, .box_w = 16, .box_h = 16, .ofs_x = 1, .ofs_y = -1},
    {.bitmap_index = 22927, .adv_w = 288, .box_w = 15, .box_h = 17, .ofs_x = 2, .ofs_y = -2},
    {.bitmap_index = 22959, .adv_w = 288, .box_w = 16, .box_h = 17, .ofs_x = 1, .ofs_y = -2},
    {.bitmap_index = 22993, .adv_w = 288, .box_w = 16, .box_h = 17, .ofs_x = 1, .ofs_y = -2},
    {.bitmap_index = 23027, .adv_w = 288, .box_w = 16, .box_h = 17, .ofs_x = 1, .ofs_y = -2},
    {.bitmap_index = 23061, .adv_w = 288, .box_w = 15, .box_h = 15, .ofs_x = 2, .ofs_y = -1},
    {.bitmap_index = 23090, .adv_w = 288, .box_w = 15, .box_h = 16, .ofs_x = 1, .ofs_y = -1},
    {.bitmap_index = 23120, .adv_w = 288, .box_w = 16, .box_h = 17, .ofs_x = 1, .ofs_y = -2},
    {.bitmap_index = 23154, .adv_w = 288, .box_w = 16, .box_h = 16, .ofs_x = 1, .ofs_y = -2},
    {.bitmap_index = 23186, .adv_w = 288, .box_w = 16, .box_h = 16, .ofs_x = 1, .ofs_y = -2},
    {.bitmap_index = 23218, .adv_w = 288, .box_w = 15, .box_h = 17, .ofs_x = 2, .ofs_y = -2},
    {.bitmap_index = 23250, .adv_w = 288, .box_w = 16, .box_h = 17, .ofs_x = 1, .ofs_y = -2},
    {.bitmap_index = 23284, .adv_w = 288, .box_w = 16, .box_h = 15, .ofs_x = 1, .ofs_y = -1},
    {.bitmap_index = 23314, .adv_w = 288, .box_w = 16, .box_h = 16, .ofs_x = 1, .ofs_y = -1},
    {.bitmap_index = 23346, .adv_w = 288, .box_w = 15, .box_h = 16, .ofs_x = 1, .ofs_y = -2},
    {.bitmap_index = 23376, .adv_w = 288, .box_w = 15, .box_h = 16, .ofs_x = 1, .ofs_y = -1},
    {.bitmap_index = 23406, .adv_w = 288, .box_w = 15, .box_h = 15, .ofs_x = 2, .ofs_y = -1},
    {.bitmap_index = 23435, .adv_w = 288, .box_w = 16, .box_h = 16, .ofs_x = 1, .ofs_y = -1},
    {.bitmap_index = 23467, .adv_w = 288, .box_w = 15, .box_h = 17, .ofs_x = 1, .ofs_y = -2},
    {.bitmap_index = 23499, .adv_w = 288, .box_w = 15, .box_h = 15, .ofs_x = 1, .ofs_y = -1},
    {.bitmap_index = 23528, .adv_w = 288, .box_w = 16, .box_h = 17, .ofs_x = 1, .ofs_y = -2},
    {.bitmap_index = 23562, .adv_w = 288, .box_w = 16, .box_h = 15, .ofs_x = 1, .ofs_y = -1},
    {.bitmap_index = 23592, .adv_w = 288, .box_w = 15, .box_h = 16, .ofs_x = 1, .ofs_y = -2},
    {.bitmap_index = 23622, .adv_w = 288, .box_w = 15, .box_h = 17, .ofs_x = 1, .ofs_y = -2},
    {.bitmap_index = 23654, .adv_w = 288, .box_w = 16, .box_h = 15, .ofs_x = 1, .ofs_y = -1},
    {.bitmap_index = 23684, .adv_w = 288, .box_w = 17, .box_h = 17, .ofs_x = 1, .ofs_y = -2},
    {.bitmap_index = 23721, .adv_w = 288, .box_w = 16, .box_h = 16, .ofs_x = 1, .ofs_y = -1},
    {.bitmap_index = 23753, .adv_w = 288, .box_w = 15, .box_h = 17, .ofs_x = 1, .ofs_y = -2},
    {.bitmap_index = 23785, .adv_w = 288, .box_w = 15, .box_h = 15, .ofs_x = 1, .ofs_y = -1},
    {.bitmap_index = 23814, .adv_w = 288, .box_w = 15, .box_h = 15, .ofs_x = 1, .ofs_y = -2},
    {.bitmap_index = 23843, .adv_w = 288, .box_w = 16, .box_h = 16, .ofs_x = 1, .ofs_y = -2},
    {.bitmap_index = 23875, .adv_w = 288, .box_w = 16, .box_h = 16, .ofs_x = 1, .ofs_y = -1},
    {.bitmap_index = 23907, .adv_w = 288, .box_w = 15, .box_h = 17, .ofs_x = 2, .ofs_y = -2},
    {.bitmap_index = 23939, .adv_w = 288, .box_w = 16, .box_h = 16, .ofs_x = 1, .ofs_y = -2},
    {.bitmap_index = 23971, .adv_w = 288, .box_w = 16, .box_h = 17, .ofs_x = 1, .ofs_y = -2},
    {.bitmap_index = 24005, .adv_w = 288, .box_w = 16, .box_h = 17, .ofs_x = 1, .ofs_y = -2},
    {.bitmap_index = 24039, .adv_w = 288, .box_w = 16, .box_h = 16, .ofs_x = 1, .ofs_y = -2},
    {.bitmap_index = 24071, .adv_w = 288, .box_w = 16, .box_h = 16, .ofs_x = 1, .ofs_y = -2},
    {.bitmap_index = 24103, .adv_w = 288, .box_w = 15, .box_h = 17, .ofs_x = 2, .ofs_y = -2},
    {.bitmap_index = 24135, .adv_w = 288, .box_w = 16, .box_h = 13, .ofs_x = 1, .ofs_y = 0},
    {.bitmap_index = 24161, .adv_w = 288, .box_w = 17, .box_h = 15, .ofs_x = 1, .ofs_y = -2},
    {.bitmap_index = 24193, .adv_w = 288, .box_w = 16, .box_h = 15, .ofs_x = 2, .ofs_y = -1},
    {.bitmap_index = 24223, .adv_w = 288, .box_w = 16, .box_h = 15, .ofs_x = 1, .ofs_y = -1},
    {.bitmap_index = 24253, .adv_w = 288, .box_w = 17, .box_h = 15, .ofs_x = 1, .ofs_y = -1},
    {.bitmap_index = 24285, .adv_w = 288, .box_w = 16, .box_h = 15, .ofs_x = 1, .ofs_y = -1},
    {.bitmap_index = 24315, .adv_w = 288, .box_w = 15, .box_h = 14, .ofs_x = 2, .ofs_y = -1},
    {.bitmap_index = 24342, .adv_w = 288, .box_w = 16, .box_h = 15, .ofs_x = 1, .ofs_y = 0},
    {.bitmap_index = 24372, .adv_w = 288, .box_w = 14, .box_h = 15, .ofs_x = 2, .ofs_y = -2},
    {.bitmap_index = 24399, .adv_w = 288, .box_w = 13, .box_h = 15, .ofs_x = 3, .ofs_y = -1},
    {.bitmap_index = 24424, .adv_w = 288, .box_w = 15, .box_h = 16, .ofs_x = 3, .ofs_y = -1},
    {.bitmap_index = 24454, .adv_w = 288, .box_w = 14, .box_h = 15, .ofs_x = 3, .ofs_y = -2},
    {.bitmap_index = 24481, .adv_w = 288, .box_w = 16, .box_h = 16, .ofs_x = 1, .ofs_y = -2},
    {.bitmap_index = 24513, .adv_w = 288, .box_w = 15, .box_h = 16, .ofs_x = 1, .ofs_y = -2},
    {.bitmap_index = 24543, .adv_w = 288, .box_w = 15, .box_h = 16, .ofs_x = 2, .ofs_y = -2},
    {.bitmap_index = 24573, .adv_w = 288, .box_w = 13, .box_h = 16, .ofs_x = 3, .ofs_y = -1},
    {.bitmap_index = 24599, .adv_w = 288, .box_w = 15, .box_h = 15, .ofs_x = 1, .ofs_y = -2},
    {.bitmap_index = 24628, .adv_w = 288, .box_w = 15, .box_h = 15, .ofs_x = 2, .ofs_y = -1},
    {.bitmap_index = 24657, .adv_w = 288, .box_w = 15, .box_h = 17, .ofs_x = 2, .ofs_y = -2},
    {.bitmap_index = 24689, .adv_w = 288, .box_w = 16, .box_h = 15, .ofs_x = 1, .ofs_y = -1},
    {.bitmap_index = 24719, .adv_w = 288, .box_w = 16, .box_h = 15, .ofs_x = 1, .ofs_y = -1},
    {.bitmap_index = 24749, .adv_w = 288, .box_w = 16, .box_h = 16, .ofs_x = 1, .ofs_y = -1},
    {.bitmap_index = 24781, .adv_w = 288, .box_w = 16, .box_h = 16, .ofs_x = 1, .ofs_y = -1},
    {.bitmap_index = 24813, .adv_w = 288, .box_w = 11, .box_h = 14, .ofs_x = 4, .ofs_y = -1},
    {.bitmap_index = 24833, .adv_w = 288, .box_w = 16, .box_h = 16, .ofs_x = 1, .ofs_y = -1},
    {.bitmap_index = 24865, .adv_w = 288, .box_w = 15, .box_h = 17, .ofs_x = 1, .ofs_y = -2},
    {.bitmap_index = 24897, .adv_w = 288, .box_w = 17, .box_h = 16, .ofs_x = 0, .ofs_y = -2},
    {.bitmap_index = 24931, .adv_w = 288, .box_w = 15, .box_h = 16, .ofs_x = 2, .ofs_y = -1},
    {.bitmap_index = 24961, .adv_w = 288, .box_w = 15, .box_h = 16, .ofs_x = 2, .ofs_y = -2},
    {.bitmap_index = 24991, .adv_w = 288, .box_w = 16, .box_h = 17, .ofs_x = 2, .ofs_y = -2},
    {.bitmap_index = 25025, .adv_w = 288, .box_w = 15, .box_h = 17, .ofs_x = 2, .ofs_y = -2},
    {.bitmap_index = 25057, .adv_w = 288, .box_w = 17, .box_h = 16, .ofs_x = 1, .ofs_y = -2},
    {.bitmap_index = 25091, .adv_w = 288, .box_w = 15, .box_h = 16, .ofs_x = 1, .ofs_y = -2},
    {.bitmap_index = 25121, .adv_w = 288, .box_w = 16, .box_h = 15, .ofs_x = 0, .ofs_y = -2},
    {.bitmap_index = 25151, .adv_w = 288, .box_w = 16, .box_h = 15, .ofs_x = 1, .ofs_y = -1},
    {.bitmap_index = 25181, .adv_w = 288, .box_w = 17, .box_h = 15, .ofs_x = 1, .ofs_y = -1},
    {.bitmap_index = 25213, .adv_w = 288, .box_w = 16, .box_h = 17, .ofs_x = 1, .ofs_y = -2},
    {.bitmap_index = 25247, .adv_w = 288, .box_w = 16, .box_h = 16, .ofs_x = 1, .ofs_y = -1},
    {.bitmap_index = 25279, .adv_w = 288, .box_w = 17, .box_h = 14, .ofs_x = 1, .ofs_y = -1},
    {.bitmap_index = 25309, .adv_w = 288, .box_w = 16, .box_h = 17, .ofs_x = 1, .ofs_y = -2},
    {.bitmap_index = 25343, .adv_w = 288, .box_w = 16, .box_h = 14, .ofs_x = 1, .ofs_y = -1},
    {.bitmap_index = 25371, .adv_w = 288, .box_w = 15, .box_h = 17, .ofs_x = 1, .ofs_y = -2},
    {.bitmap_index = 25403, .adv_w = 288, .box_w = 16, .box_h = 16, .ofs_x = 1, .ofs_y = -2},
    {.bitmap_index = 25435, .adv_w = 288, .box_w = 16, .box_h = 16, .ofs_x = 1, .ofs_y = -1},
    {.bitmap_index = 25467, .adv_w = 288, .box_w = 16, .box_h = 16, .ofs_x = 1, .ofs_y = -2},
    {.bitmap_index = 25499, .adv_w = 288, .box_w = 16, .box_h = 15, .ofs_x = 1, .ofs_y = -1},
    {.bitmap_index = 25529, .adv_w = 288, .box_w = 15, .box_h = 16, .ofs_x = 1, .ofs_y = -2},
    {.bitmap_index = 25559, .adv_w = 288, .box_w = 15, .box_h = 17, .ofs_x = 1, .ofs_y = -2},
    {.bitmap_index = 25591, .adv_w = 288, .box_w = 16, .box_h = 16, .ofs_x = 1, .ofs_y = -1},
    {.bitmap_index = 25623, .adv_w = 288, .box_w = 15, .box_h = 15, .ofs_x = 1, .ofs_y = -1},
    {.bitmap_index = 25652, .adv_w = 288, .box_w = 17, .box_h = 17, .ofs_x = 1, .ofs_y = -2},
    {.bitmap_index = 25689, .adv_w = 288, .box_w = 16, .box_h = 15, .ofs_x = 2, .ofs_y = -1},
    {.bitmap_index = 25719, .adv_w = 288, .box_w = 15, .box_h = 15, .ofs_x = 2, .ofs_y = -1},
    {.bitmap_index = 25748, .adv_w = 288, .box_w = 15, .box_h = 17, .ofs_x = 2, .ofs_y = -2},
    {.bitmap_index = 25780, .adv_w = 288, .box_w = 15, .box_h = 17, .ofs_x = 2, .ofs_y = -2},
    {.bitmap_index = 25812, .adv_w = 288, .box_w = 16, .box_h = 15, .ofs_x = 1, .ofs_y = 0},
    {.bitmap_index = 25842, .adv_w = 288, .box_w = 15, .box_h = 15, .ofs_x = 2, .ofs_y = -1},
    {.bitmap_index = 25871, .adv_w = 288, .box_w = 16, .box_h = 16, .ofs_x = 1, .ofs_y = -1},
    {.bitmap_index = 25903, .adv_w = 288, .box_w = 15, .box_h = 16, .ofs_x = 1, .ofs_y = -1},
    {.bitmap_index = 25933, .adv_w = 288, .box_w = 15, .box_h = 17, .ofs_x = 1, .ofs_y = -2},
    {.bitmap_index = 25965, .adv_w = 288, .box_w = 16, .box_h = 17, .ofs_x = 1, .ofs_y = -2},
    {.bitmap_index = 25999, .adv_w = 288, .box_w = 15, .box_h = 17, .ofs_x = 0, .ofs_y = -2},
    {.bitmap_index = 26031, .adv_w = 288, .box_w = 16, .box_h = 17, .ofs_x = 1, .ofs_y = -2},
    {.bitmap_index = 26065, .adv_w = 288, .box_w = 15, .box_h = 17, .ofs_x = 2, .ofs_y = -2},
    {.bitmap_index = 26097, .adv_w = 288, .box_w = 15, .box_h = 17, .ofs_x = 1, .ofs_y = -2},
    {.bitmap_index = 26129, .adv_w = 288, .box_w = 16, .box_h = 15, .ofs_x = 1, .ofs_y = -1},
    {.bitmap_index = 26159, .adv_w = 288, .box_w = 16, .box_h = 17, .ofs_x = 1, .ofs_y = -2},
    {.bitmap_index = 26193, .adv_w = 288, .box_w = 16, .box_h = 17, .ofs_x = 1, .ofs_y = -2},
    {.bitmap_index = 26227, .adv_w = 288, .box_w = 15, .box_h = 17, .ofs_x = 2, .ofs_y = -2},
    {.bitmap_index = 26259, .adv_w = 288, .box_w = 15, .box_h = 17, .ofs_x = 1, .ofs_y = -2},
    {.bitmap_index = 26291, .adv_w = 288, .box_w = 16, .box_h = 17, .ofs_x = 1, .ofs_y = -2},
    {.bitmap_index = 26325, .adv_w = 288, .box_w = 16, .box_h = 16, .ofs_x = 1, .ofs_y = -1},
    {.bitmap_index = 26357, .adv_w = 288, .box_w = 15, .box_h = 17, .ofs_x = 2, .ofs_y = -2},
    {.bitmap_index = 26389, .adv_w = 288, .box_w = 14, .box_h = 17, .ofs_x = 2, .ofs_y = -2},
    {.bitmap_index = 26419, .adv_w = 288, .box_w = 16, .box_h = 17, .ofs_x = 1, .ofs_y = -2},
    {.bitmap_index = 26453, .adv_w = 288, .box_w = 15, .box_h = 17, .ofs_x = 2, .ofs_y = -2},
    {.bitmap_index = 26485, .adv_w = 288, .box_w = 15, .box_h = 15, .ofs_x = 1, .ofs_y = -1},
    {.bitmap_index = 26514, .adv_w = 288, .box_w = 16, .box_h = 16, .ofs_x = 1, .ofs_y = -2},
    {.bitmap_index = 26546, .adv_w = 288, .box_w = 16, .box_h = 15, .ofs_x = 1, .ofs_y = -1},
    {.bitmap_index = 26576, .adv_w = 288, .box_w = 17, .box_h = 15, .ofs_x = 1, .ofs_y = -1},
    {.bitmap_index = 26608, .adv_w = 288, .box_w = 17, .box_h = 15, .ofs_x = 1, .ofs_y = -1},
    {.bitmap_index = 26640, .adv_w = 288, .box_w = 16, .box_h = 17, .ofs_x = 1, .ofs_y = -2},
    {.bitmap_index = 26674, .adv_w = 288, .box_w = 17, .box_h = 17, .ofs_x = 1, .ofs_y = -2},
    {.bitmap_index = 26711, .adv_w = 288, .box_w = 16, .box_h = 15, .ofs_x = 1, .ofs_y = -1},
    {.bitmap_index = 26741, .adv_w = 288, .box_w = 15, .box_h = 16, .ofs_x = 1, .ofs_y = -2},
    {.bitmap_index = 26771, .adv_w = 288, .box_w = 16, .box_h = 15, .ofs_x = 1, .ofs_y = -1},
    {.bitmap_index = 26801, .adv_w = 288, .box_w = 15, .box_h = 15, .ofs_x = 2, .ofs_y = -1},
    {.bitmap_index = 26830, .adv_w = 288, .box_w = 15, .box_h = 17, .ofs_x = 1, .ofs_y = -2},
    {.bitmap_index = 26862, .adv_w = 288, .box_w = 16, .box_h = 17, .ofs_x = 1, .ofs_y = -2},
    {.bitmap_index = 26896, .adv_w = 288, .box_w = 16, .box_h = 17, .ofs_x = 1, .ofs_y = -2},
    {.bitmap_index = 26930, .adv_w = 288, .box_w = 16, .box_h = 17, .ofs_x = 1, .ofs_y = -2},
    {.bitmap_index = 26964, .adv_w = 288, .box_w = 15, .box_h = 17, .ofs_x = 2, .ofs_y = -2},
    {.bitmap_index = 26996, .adv_w = 288, .box_w = 16, .box_h = 16, .ofs_x = 1, .ofs_y = -1},
    {.bitmap_index = 27028, .adv_w = 288, .box_w = 16, .box_h = 16, .ofs_x = 1, .ofs_y = -1},
    {.bitmap_index = 27060, .adv_w = 288, .box_w = 16, .box_h = 15, .ofs_x = 1, .ofs_y = -1},
    {.bitmap_index = 27090, .adv_w = 288, .box_w = 17, .box_h = 16, .ofs_x = 0, .ofs_y = -1},
    {.bitmap_index = 27124, .adv_w = 288, .box_w = 16, .box_h = 16, .ofs_x = 2, .ofs_y = -2},
    {.bitmap_index = 27156, .adv_w = 288, .box_w = 16, .box_h = 16, .ofs_x = 1, .ofs_y = -1},
    {.bitmap_index = 27188, .adv_w = 288, .box_w = 15, .box_h = 16, .ofs_x = 2, .ofs_y = -2},
    {.bitmap_index = 27218, .adv_w = 288, .box_w = 16, .box_h = 16, .ofs_x = 1, .ofs_y = -1},
    {.bitmap_index = 27250, .adv_w = 288, .box_w = 16, .box_h = 15, .ofs_x = 1, .ofs_y = -1},
    {.bitmap_index = 27280, .adv_w = 288, .box_w = 16, .box_h = 17, .ofs_x = 0, .ofs_y = -2},
    {.bitmap_index = 27314, .adv_w = 288, .box_w = 16, .box_h = 16, .ofs_x = 1, .ofs_y = -1},
    {.bitmap_index = 27346, .adv_w = 288, .box_w = 16, .box_h = 16, .ofs_x = 1, .ofs_y = -1},
    {.bitmap_index = 27378, .adv_w = 288, .box_w = 13, .box_h = 14, .ofs_x = 2, .ofs_y = -1},
    {.bitmap_index = 27401, .adv_w = 288, .box_w = 16, .box_h = 15, .ofs_x = 1, .ofs_y = -1},
    {.bitmap_index = 27431, .adv_w = 288, .box_w = 15, .box_h = 16, .ofs_x = 1, .ofs_y = -1},
    {.bitmap_index = 27461, .adv_w = 288, .box_w = 16, .box_h = 17, .ofs_x = 1, .ofs_y = -2},
    {.bitmap_index = 27495, .adv_w = 288, .box_w = 17, .box_h = 16, .ofs_x = 0, .ofs_y = -1},
    {.bitmap_index = 27529, .adv_w = 288, .box_w = 17, .box_h = 17, .ofs_x = 1, .ofs_y = -2},
    {.bitmap_index = 27566, .adv_w = 288, .box_w = 16, .box_h = 15, .ofs_x = 1, .ofs_y = -1},
    {.bitmap_index = 27596, .adv_w = 288, .box_w = 16, .box_h = 15, .ofs_x = 1, .ofs_y = -2},
    {.bitmap_index = 27626, .adv_w = 288, .box_w = 16, .box_h = 16, .ofs_x = 1, .ofs_y = -2},
    {.bitmap_index = 27658, .adv_w = 288, .box_w = 16, .box_h = 16, .ofs_x = 1, .ofs_y = -1},
    {.bitmap_index = 27690, .adv_w = 288, .box_w = 16, .box_h = 16, .ofs_x = 1, .ofs_y = -1},
    {.bitmap_index = 27722, .adv_w = 288, .box_w = 16, .box_h = 17, .ofs_x = 1, .ofs_y = -2},
    {.bitmap_index = 27756, .adv_w = 288, .box_w = 15, .box_h = 15, .ofs_x = 2, .ofs_y = -1},
    {.bitmap_index = 27785, .adv_w = 288, .box_w = 15, .box_h = 17, .ofs_x = 1, .ofs_y = -2},
    {.bitmap_index = 27817, .adv_w = 288, .box_w = 15, .box_h = 17, .ofs_x = 1, .ofs_y = -2},
    {.bitmap_index = 27849, .adv_w = 288, .box_w = 12, .box_h = 17, .ofs_x = 3, .ofs_y = -2},
    {.bitmap_index = 27875, .adv_w = 288, .box_w = 16, .box_h = 13, .ofs_x = 1, .ofs_y = 0},
    {.bitmap_index = 27901, .adv_w = 288, .box_w = 16, .box_h = 17, .ofs_x = 1, .ofs_y = -2},
    {.bitmap_index = 27935, .adv_w = 288, .box_w = 17, .box_h = 15, .ofs_x = 1, .ofs_y = -1},
    {.bitmap_index = 27967, .adv_w = 288, .box_w = 16, .box_h = 16, .ofs_x = 1, .ofs_y = -1},
    {.bitmap_index = 27999, .adv_w = 288, .box_w = 16, .box_h = 17, .ofs_x = 1, .ofs_y = -2},
    {.bitmap_index = 28033, .adv_w = 288, .box_w = 15, .box_h = 16, .ofs_x = 2, .ofs_y = -1},
    {.bitmap_index = 28063, .adv_w = 288, .box_w = 16, .box_h = 16, .ofs_x = 1, .ofs_y = -2},
    {.bitmap_index = 28095, .adv_w = 288, .box_w = 16, .box_h = 15, .ofs_x = 1, .ofs_y = -1},
    {.bitmap_index = 28125, .adv_w = 288, .box_w = 16, .box_h = 16, .ofs_x = 1, .ofs_y = -2},
    {.bitmap_index = 28157, .adv_w = 288, .box_w = 16, .box_h = 16, .ofs_x = 1, .ofs_y = -2},
    {.bitmap_index = 28189, .adv_w = 288, .box_w = 15, .box_h = 16, .ofs_x = 1, .ofs_y = -1},
    {.bitmap_index = 28219, .adv_w = 288, .box_w = 16, .box_h = 17, .ofs_x = 1, .ofs_y = -2},
    {.bitmap_index = 28253, .adv_w = 288, .box_w = 16, .box_h = 16, .ofs_x = 1, .ofs_y = -1},
    {.bitmap_index = 28285, .adv_w = 288, .box_w = 16, .box_h = 16, .ofs_x = 1, .ofs_y = -1},
    {.bitmap_index = 28317, .adv_w = 288, .box_w = 15, .box_h = 17, .ofs_x = 1, .ofs_y = -2},
    {.bitmap_index = 28349, .adv_w = 288, .box_w = 16, .box_h = 16, .ofs_x = 1, .ofs_y = -1},
    {.bitmap_index = 28381, .adv_w = 288, .box_w = 16, .box_h = 17, .ofs_x = 1, .ofs_y = -2},
    {.bitmap_index = 28415, .adv_w = 288, .box_w = 15, .box_h = 17, .ofs_x = 1, .ofs_y = -2},
    {.bitmap_index = 28447, .adv_w = 288, .box_w = 15, .box_h = 16, .ofs_x = 2, .ofs_y = -1},
    {.bitmap_index = 28477, .adv_w = 288, .box_w = 16, .box_h = 17, .ofs_x = 1, .ofs_y = -2},
    {.bitmap_index = 28511, .adv_w = 288, .box_w = 15, .box_h = 17, .ofs_x = 2, .ofs_y = -2},
    {.bitmap_index = 28543, .adv_w = 288, .box_w = 15, .box_h = 17, .ofs_x = 1, .ofs_y = -2},
    {.bitmap_index = 28575, .adv_w = 288, .box_w = 16, .box_h = 15, .ofs_x = 1, .ofs_y = -1},
    {.bitmap_index = 28605, .adv_w = 288, .box_w = 16, .box_h = 17, .ofs_x = 1, .ofs_y = -2},
    {.bitmap_index = 28639, .adv_w = 288, .box_w = 16, .box_h = 17, .ofs_x = 1, .ofs_y = -2},
    {.bitmap_index = 28673, .adv_w = 288, .box_w = 16, .box_h = 16, .ofs_x = 1, .ofs_y = -1},
    {.bitmap_index = 28705, .adv_w = 288, .box_w = 16, .box_h = 16, .ofs_x = 1, .ofs_y = -2},
    {.bitmap_index = 28737, .adv_w = 288, .box_w = 16, .box_h = 16, .ofs_x = 1, .ofs_y = -2},
    {.bitmap_index = 28769, .adv_w = 288, .box_w = 16, .box_h = 16, .ofs_x = 1, .ofs_y = -2},
    {.bitmap_index = 28801, .adv_w = 288, .box_w = 16, .box_h = 17, .ofs_x = 1, .ofs_y = -2},
    {.bitmap_index = 28835, .adv_w = 288, .box_w = 16, .box_h = 16, .ofs_x = 1, .ofs_y = -2},
    {.bitmap_index = 28867, .adv_w = 288, .box_w = 16, .box_h = 16, .ofs_x = 1, .ofs_y = -1},
    {.bitmap_index = 28899, .adv_w = 288, .box_w = 15, .box_h = 16, .ofs_x = 2, .ofs_y = -2},
    {.bitmap_index = 28929, .adv_w = 288, .box_w = 15, .box_h = 17, .ofs_x = 1, .ofs_y = -2},
    {.bitmap_index = 28961, .adv_w = 288, .box_w = 16, .box_h = 14, .ofs_x = 1, .ofs_y = -1},
    {.bitmap_index = 28989, .adv_w = 288, .box_w = 16, .box_h = 16, .ofs_x = 1, .ofs_y = -2},
    {.bitmap_index = 29021, .adv_w = 288, .box_w = 16, .box_h = 16, .ofs_x = 0, .ofs_y = -2},
    {.bitmap_index = 29053, .adv_w = 288, .box_w = 17, .box_h = 14, .ofs_x = 1, .ofs_y = -1},
    {.bitmap_index = 29083, .adv_w = 288, .box_w = 17, .box_h = 15, .ofs_x = 0, .ofs_y = -1},
    {.bitmap_index = 29115, .adv_w = 288, .box_w = 17, .box_h = 15, .ofs_x = 0, .ofs_y = -1},
    {.bitmap_index = 29147, .adv_w = 288, .box_w = 16, .box_h = 16, .ofs_x = 1, .ofs_y = -2},
    {.bitmap_index = 29179, .adv_w = 288, .box_w = 15, .box_h = 16, .ofs_x = 2, .ofs_y = -1},
    {.bitmap_index = 29209, .adv_w = 288, .box_w = 16, .box_h = 17, .ofs_x = 1, .ofs_y = -2},
    {.bitmap_index = 29243, .adv_w = 288, .box_w = 14, .box_h = 16, .ofs_x = 1, .ofs_y = -1},
    {.bitmap_index = 29271, .adv_w = 288, .box_w = 16, .box_h = 17, .ofs_x = 1, .ofs_y = -2},
    {.bitmap_index = 29305, .adv_w = 288, .box_w = 16, .box_h = 16, .ofs_x = 1, .ofs_y = -1},
    {.bitmap_index = 29337, .adv_w = 288, .box_w = 16, .box_h = 16, .ofs_x = 1, .ofs_y = -2},
    {.bitmap_index = 29369, .adv_w = 288, .box_w = 16, .box_h = 17, .ofs_x = 1, .ofs_y = -2},
    {.bitmap_index = 29403, .adv_w = 288, .box_w = 17, .box_h = 15, .ofs_x = 1, .ofs_y = -1},
    {.bitmap_index = 29435, .adv_w = 288, .box_w = 17, .box_h = 16, .ofs_x = 0, .ofs_y = -1},
    {.bitmap_index = 29469, .adv_w = 288, .box_w = 16, .box_h = 17, .ofs_x = 1, .ofs_y = -2},
    {.bitmap_index = 29503, .adv_w = 288, .box_w = 14, .box_h = 16, .ofs_x = 1, .ofs_y = -2},
    {.bitmap_index = 29531, .adv_w = 288, .box_w = 16, .box_h = 15, .ofs_x = 1, .ofs_y = -1},
    {.bitmap_index = 29561, .adv_w = 288, .box_w = 17, .box_h = 15, .ofs_x = 1, .ofs_y = -1},
    {.bitmap_index = 29593, .adv_w = 288, .box_w = 16, .box_h = 16, .ofs_x = 1, .ofs_y = -1},
    {.bitmap_index = 29625, .adv_w = 288, .box_w = 16, .box_h = 16, .ofs_x = 1, .ofs_y = -2},
    {.bitmap_index = 29657, .adv_w = 288, .box_w = 16, .box_h = 16, .ofs_x = 1, .ofs_y = -2},
    {.bitmap_index = 29689, .adv_w = 288, .box_w = 17, .box_h = 15, .ofs_x = 1, .ofs_y = -1},
    {.bitmap_index = 29721, .adv_w = 288, .box_w = 16, .box_h = 16, .ofs_x = 1, .ofs_y = -2},
    {.bitmap_index = 29753, .adv_w = 288, .box_w = 16, .box_h = 17, .ofs_x = 1, .ofs_y = -2},
    {.bitmap_index = 29787, .adv_w = 288, .box_w = 16, .box_h = 16, .ofs_x = 1, .ofs_y = -2},
    {.bitmap_index = 29819, .adv_w = 288, .box_w = 16, .box_h = 17, .ofs_x = 1, .ofs_y = -2},
    {.bitmap_index = 29853, .adv_w = 288, .box_w = 15, .box_h = 17, .ofs_x = 1, .ofs_y = -2},
    {.bitmap_index = 29885, .adv_w = 288, .box_w = 16, .box_h = 17, .ofs_x = 1, .ofs_y = -2},
    {.bitmap_index = 29919, .adv_w = 288, .box_w = 16, .box_h = 15, .ofs_x = 0, .ofs_y = -1},
    {.bitmap_index = 29949, .adv_w = 288, .box_w = 16, .box_h = 17, .ofs_x = 1, .ofs_y = -2},
    {.bitmap_index = 29983, .adv_w = 288, .box_w = 16, .box_h = 16, .ofs_x = 1, .ofs_y = -1},
    {.bitmap_index = 30015, .adv_w = 288, .box_w = 16, .box_h = 16, .ofs_x = 1, .ofs_y = -2},
    {.bitmap_index = 30047, .adv_w = 288, .box_w = 15, .box_h = 17, .ofs_x = 1, .ofs_y = -2},
    {.bitmap_index = 30079, .adv_w = 288, .box_w = 17, .box_h = 16, .ofs_x = 1, .ofs_y = -1},
    {.bitmap_index = 30113, .adv_w = 288, .box_w = 16, .box_h = 17, .ofs_x = 2, .ofs_y = -2},
    {.bitmap_index = 30147, .adv_w = 288, .box_w = 15, .box_h = 17, .ofs_x = 2, .ofs_y = -2},
    {.bitmap_index = 30179, .adv_w = 288, .box_w = 15, .box_h = 15, .ofs_x = 1, .ofs_y = -2},
    {.bitmap_index = 30208, .adv_w = 288, .box_w = 17, .box_h = 17, .ofs_x = 1, .ofs_y = -2},
    {.bitmap_index = 30245, .adv_w = 288, .box_w = 15, .box_h = 17, .ofs_x = 2, .ofs_y = -2},
    {.bitmap_index = 30277, .adv_w = 288, .box_w = 16, .box_h = 17, .ofs_x = 1, .ofs_y = -2},
    {.bitmap_index = 30311, .adv_w = 288, .box_w = 16, .box_h = 16, .ofs_x = 1, .ofs_y = -2},
    {.bitmap_index = 30343, .adv_w = 288, .box_w = 15, .box_h = 17, .ofs_x = 1, .ofs_y = -2},
    {.bitmap_index = 30375, .adv_w = 288, .box_w = 16, .box_h = 15, .ofs_x = 1, .ofs_y = -1},
    {.bitmap_index = 30405, .adv_w = 288, .box_w = 16, .box_h = 17, .ofs_x = 0, .ofs_y = -2},
    {.bitmap_index = 30439, .adv_w = 288, .box_w = 17, .box_h = 16, .ofs_x = 0, .ofs_y = -2},
    {.bitmap_index = 30473, .adv_w = 288, .box_w = 16, .box_h = 17, .ofs_x = 1, .ofs_y = -2},
    {.bitmap_index = 30507, .adv_w = 288, .box_w = 16, .box_h = 16, .ofs_x = 1, .ofs_y = -2},
    {.bitmap_index = 30539, .adv_w = 288, .box_w = 16, .box_h = 15, .ofs_x = 1, .ofs_y = -1},
    {.bitmap_index = 30569, .adv_w = 288, .box_w = 16, .box_h = 15, .ofs_x = 1, .ofs_y = -1},
    {.bitmap_index = 30599, .adv_w = 288, .box_w = 15, .box_h = 16, .ofs_x = 1, .ofs_y = -1},
    {.bitmap_index = 30629, .adv_w = 288, .box_w = 16, .box_h = 15, .ofs_x = 1, .ofs_y = -1},
    {.bitmap_index = 30659, .adv_w = 288, .box_w = 17, .box_h = 16, .ofs_x = 1, .ofs_y = -1},
    {.bitmap_index = 30693, .adv_w = 288, .box_w = 16, .box_h = 15, .ofs_x = 1, .ofs_y = -1},
    {.bitmap_index = 30723, .adv_w = 288, .box_w = 16, .box_h = 15, .ofs_x = 1, .ofs_y = -1},
    {.bitmap_index = 30753, .adv_w = 288, .box_w = 16, .box_h = 16, .ofs_x = 1, .ofs_y = -1},
    {.bitmap_index = 30785, .adv_w = 288, .box_w = 16, .box_h = 14, .ofs_x = 1, .ofs_y = -1},
    {.bitmap_index = 30813, .adv_w = 288, .box_w = 16, .box_h = 17, .ofs_x = 1, .ofs_y = -2},
    {.bitmap_index = 30847, .adv_w = 288, .box_w = 16, .box_h = 17, .ofs_x = 1, .ofs_y = -2},
    {.bitmap_index = 30881, .adv_w = 288, .box_w = 16, .box_h = 15, .ofs_x = 1, .ofs_y = -1},
    {.bitmap_index = 30911, .adv_w = 288, .box_w = 17, .box_h = 15, .ofs_x = 1, .ofs_y = -1},
    {.bitmap_index = 30943, .adv_w = 288, .box_w = 16, .box_h = 17, .ofs_x = 2, .ofs_y = -2},
    {.bitmap_index = 30977, .adv_w = 288, .box_w = 16, .box_h = 17, .ofs_x = 1, .ofs_y = -2},
    {.bitmap_index = 31011, .adv_w = 288, .box_w = 15, .box_h = 16, .ofs_x = 2, .ofs_y = -1},
    {.bitmap_index = 31041, .adv_w = 288, .box_w = 14, .box_h = 16, .ofs_x = 2, .ofs_y = -1},
    {.bitmap_index = 31069, .adv_w = 288, .box_w = 16, .box_h = 17, .ofs_x = 1, .ofs_y = -2},
    {.bitmap_index = 31103, .adv_w = 288, .box_w = 16, .box_h = 17, .ofs_x = 1, .ofs_y = -2},
    {.bitmap_index = 31137, .adv_w = 288, .box_w = 16, .box_h = 16, .ofs_x = 1, .ofs_y = -1},
    {.bitmap_index = 31169, .adv_w = 288, .box_w = 16, .box_h = 17, .ofs_x = 1, .ofs_y = -2},
    {.bitmap_index = 31203, .adv_w = 288, .box_w = 16, .box_h = 17, .ofs_x = 1, .ofs_y = -2},
    {.bitmap_index = 31237, .adv_w = 288, .box_w = 16, .box_h = 17, .ofs_x = 1, .ofs_y = -2},
    {.bitmap_index = 31271, .adv_w = 288, .box_w = 16, .box_h = 17, .ofs_x = 1, .ofs_y = -2},
    {.bitmap_index = 31305, .adv_w = 288, .box_w = 17, .box_h = 16, .ofs_x = 0, .ofs_y = -1},
    {.bitmap_index = 31339, .adv_w = 288, .box_w = 16, .box_h = 17, .ofs_x = 1, .ofs_y = -2},
    {.bitmap_index = 31373, .adv_w = 288, .box_w = 16, .box_h = 16, .ofs_x = 1, .ofs_y = -2},
    {.bitmap_index = 31405, .adv_w = 288, .box_w = 16, .box_h = 16, .ofs_x = 1, .ofs_y = -2},
    {.bitmap_index = 31437, .adv_w = 288, .box_w = 16, .box_h = 15, .ofs_x = 1, .ofs_y = -1},
    {.bitmap_index = 31467, .adv_w = 288, .box_w = 16, .box_h = 15, .ofs_x = 1, .ofs_y = -1},
    {.bitmap_index = 31497, .adv_w = 288, .box_w = 17, .box_h = 16, .ofs_x = 1, .ofs_y = -1},
    {.bitmap_index = 31531, .adv_w = 288, .box_w = 15, .box_h = 15, .ofs_x = 2, .ofs_y = -1},
    {.bitmap_index = 31560, .adv_w = 288, .box_w = 16, .box_h = 15, .ofs_x = 1, .ofs_y = -1},
    {.bitmap_index = 31590, .adv_w = 288, .box_w = 16, .box_h = 15, .ofs_x = 1, .ofs_y = -1},
    {.bitmap_index = 31620, .adv_w = 288, .box_w = 16, .box_h = 14, .ofs_x = 1, .ofs_y = 0},
    {.bitmap_index = 31648, .adv_w = 288, .box_w = 16, .box_h = 16, .ofs_x = 2, .ofs_y = -1},
    {.bitmap_index = 31680, .adv_w = 288, .box_w = 15, .box_h = 15, .ofs_x = 1, .ofs_y = -1},
    {.bitmap_index = 31709, .adv_w = 288, .box_w = 16, .box_h = 15, .ofs_x = 1, .ofs_y = -1},
    {.bitmap_index = 31739, .adv_w = 288, .box_w = 17, .box_h = 14, .ofs_x = 1, .ofs_y = -1},
    {.bitmap_index = 31769, .adv_w = 288, .box_w = 16, .box_h = 16, .ofs_x = 0, .ofs_y = -1},
    {.bitmap_index = 31801, .adv_w = 288, .box_w = 16, .box_h = 15, .ofs_x = 1, .ofs_y = -1},
    {.bitmap_index = 31831, .adv_w = 288, .box_w = 16, .box_h = 15, .ofs_x = 1, .ofs_y = -1},
    {.bitmap_index = 31861, .adv_w = 288, .box_w = 16, .box_h = 16, .ofs_x = 2, .ofs_y = -1},
    {.bitmap_index = 31893, .adv_w = 288, .box_w = 15, .box_h = 15, .ofs_x = 1, .ofs_y = -1},
    {.bitmap_index = 31922, .adv_w = 288, .box_w = 15, .box_h = 16, .ofs_x = 2, .ofs_y = -1},
    {.bitmap_index = 31952, .adv_w = 288, .box_w = 16, .box_h = 16, .ofs_x = 1, .ofs_y = -1},
    {.bitmap_index = 31984, .adv_w = 288, .box_w = 16, .box_h = 15, .ofs_x = 1, .ofs_y = -1},
    {.bitmap_index = 32014, .adv_w = 288, .box_w = 16, .box_h = 16, .ofs_x = 1, .ofs_y = -1},
    {.bitmap_index = 32046, .adv_w = 288, .box_w = 15, .box_h = 15, .ofs_x = 1, .ofs_y = -1},
    {.bitmap_index = 32075, .adv_w = 288, .box_w = 16, .box_h = 16, .ofs_x = 1, .ofs_y = -1},
    {.bitmap_index = 32107, .adv_w = 288, .box_w = 16, .box_h = 15, .ofs_x = 1, .ofs_y = -1},
    {.bitmap_index = 32137, .adv_w = 288, .box_w = 16, .box_h = 15, .ofs_x = 1, .ofs_y = -1},
    {.bitmap_index = 32167, .adv_w = 288, .box_w = 16, .box_h = 16, .ofs_x = 1, .ofs_y = -1},
    {.bitmap_index = 32199, .adv_w = 288, .box_w = 16, .box_h = 16, .ofs_x = 1, .ofs_y = -1},
    {.bitmap_index = 32231, .adv_w = 288, .box_w = 16, .box_h = 16, .ofs_x = 1, .ofs_y = -2},
    {.bitmap_index = 32263, .adv_w = 288, .box_w = 16, .box_h = 16, .ofs_x = 1, .ofs_y = -2},
    {.bitmap_index = 32295, .adv_w = 288, .box_w = 16, .box_h = 16, .ofs_x = 1, .ofs_y = -2},
    {.bitmap_index = 32327, .adv_w = 288, .box_w = 15, .box_h = 16, .ofs_x = 1, .ofs_y = -2},
    {.bitmap_index = 32357, .adv_w = 288, .box_w = 16, .box_h = 14, .ofs_x = 1, .ofs_y = -1},
    {.bitmap_index = 32385, .adv_w = 288, .box_w = 16, .box_h = 14, .ofs_x = 1, .ofs_y = -1},
    {.bitmap_index = 32413, .adv_w = 288, .box_w = 17, .box_h = 17, .ofs_x = 1, .ofs_y = -2},
    {.bitmap_index = 32450, .adv_w = 288, .box_w = 17, .box_h = 16, .ofs_x = 1, .ofs_y = -2},
    {.bitmap_index = 32484, .adv_w = 288, .box_w = 15, .box_h = 14, .ofs_x = 2, .ofs_y = 0},
    {.bitmap_index = 32511, .adv_w = 288, .box_w = 15, .box_h = 15, .ofs_x = 2, .ofs_y = -1},
    {.bitmap_index = 32540, .adv_w = 288, .box_w = 15, .box_h = 15, .ofs_x = 1, .ofs_y = -1},
    {.bitmap_index = 32569, .adv_w = 288, .box_w = 16, .box_h = 16, .ofs_x = 1, .ofs_y = -1},
    {.bitmap_index = 32601, .adv_w = 288, .box_w = 16, .box_h = 16, .ofs_x = 1, .ofs_y = -1},
    {.bitmap_index = 32633, .adv_w = 288, .box_w = 17, .box_h = 16, .ofs_x = 1, .ofs_y = -1},
    {.bitmap_index = 32667, .adv_w = 288, .box_w = 16, .box_h = 16, .ofs_x = 1, .ofs_y = -1},
    {.bitmap_index = 32699, .adv_w = 288, .box_w = 15, .box_h = 17, .ofs_x = 1, .ofs_y = -2},
    {.bitmap_index = 32731, .adv_w = 288, .box_w = 17, .box_h = 17, .ofs_x = 1, .ofs_y = -2},
    {.bitmap_index = 32768, .adv_w = 288, .box_w = 17, .box_h = 16, .ofs_x = 1, .ofs_y = -1},
    {.bitmap_index = 32802, .adv_w = 288, .box_w = 15, .box_h = 16, .ofs_x = 1, .ofs_y = -1},
    {.bitmap_index = 32832, .adv_w = 288, .box_w = 16, .box_h = 17, .ofs_x = 1, .ofs_y = -2},
    {.bitmap_index = 32866, .adv_w = 288, .box_w = 15, .box_h = 17, .ofs_x = 1, .ofs_y = -2},
    {.bitmap_index = 32898, .adv_w = 288, .box_w = 16, .box_h = 15, .ofs_x = 1, .ofs_y = -1},
    {.bitmap_index = 32928, .adv_w = 288, .box_w = 16, .box_h = 17, .ofs_x = 1, .ofs_y = -2},
    {.bitmap_index = 32962, .adv_w = 288, .box_w = 16, .box_h = 17, .ofs_x = 0, .ofs_y = -2},
    {.bitmap_index = 32996, .adv_w = 288, .box_w = 16, .box_h = 17, .ofs_x = 0, .ofs_y = -2},
    {.bitmap_index = 33030, .adv_w = 288, .box_w = 17, .box_h = 17, .ofs_x = 1, .ofs_y = -2},
    {.bitmap_index = 33067, .adv_w = 288, .box_w = 16, .box_h = 16, .ofs_x = 1, .ofs_y = -1},
    {.bitmap_index = 33099, .adv_w = 288, .box_w = 15, .box_h = 16, .ofs_x = 1, .ofs_y = -1},
    {.bitmap_index = 33129, .adv_w = 288, .box_w = 17, .box_h = 16, .ofs_x = 1, .ofs_y = -1},
    {.bitmap_index = 33163, .adv_w = 288, .box_w = 14, .box_h = 15, .ofs_x = 2, .ofs_y = -1},
    {.bitmap_index = 33190, .adv_w = 288, .box_w = 13, .box_h = 16, .ofs_x = 2, .ofs_y = -2},
    {.bitmap_index = 33216, .adv_w = 288, .box_w = 14, .box_h = 15, .ofs_x = 2, .ofs_y = -1},
    {.bitmap_index = 33243, .adv_w = 288, .box_w = 14, .box_h = 16, .ofs_x = 2, .ofs_y = -2},
    {.bitmap_index = 33271, .adv_w = 288, .box_w = 13, .box_h = 15, .ofs_x = 2, .ofs_y = -1},
    {.bitmap_index = 33296, .adv_w = 288, .box_w = 14, .box_h = 14, .ofs_x = 2, .ofs_y = -1},
    {.bitmap_index = 33321, .adv_w = 288, .box_w = 16, .box_h = 16, .ofs_x = 2, .ofs_y = -2},
    {.bitmap_index = 33353, .adv_w = 288, .box_w = 15, .box_h = 16, .ofs_x = 2, .ofs_y = -2},
    {.bitmap_index = 33383, .adv_w = 288, .box_w = 14, .box_h = 15, .ofs_x = 2, .ofs_y = -2},
    {.bitmap_index = 33410, .adv_w = 288, .box_w = 14, .box_h = 16, .ofs_x = 2, .ofs_y = -2},
    {.bitmap_index = 33438, .adv_w = 288, .box_w = 14, .box_h = 17, .ofs_x = 2, .ofs_y = -2},
    {.bitmap_index = 33468, .adv_w = 288, .box_w = 16, .box_h = 15, .ofs_x = 1, .ofs_y = -1},
    {.bitmap_index = 33498, .adv_w = 288, .box_w = 15, .box_h = 16, .ofs_x = 2, .ofs_y = -2},
    {.bitmap_index = 33528, .adv_w = 288, .box_w = 16, .box_h = 14, .ofs_x = 1, .ofs_y = -1},
    {.bitmap_index = 33556, .adv_w = 288, .box_w = 16, .box_h = 17, .ofs_x = 2, .ofs_y = -2},
    {.bitmap_index = 33590, .adv_w = 288, .box_w = 15, .box_h = 17, .ofs_x = 2, .ofs_y = -2},
    {.bitmap_index = 33622, .adv_w = 288, .box_w = 15, .box_h = 15, .ofs_x = 2, .ofs_y = -1},
    {.bitmap_index = 33651, .adv_w = 288, .box_w = 15, .box_h = 16, .ofs_x = 2, .ofs_y = -1},
    {.bitmap_index = 33681, .adv_w = 288, .box_w = 15, .box_h = 16, .ofs_x = 2, .ofs_y = -2},
    {.bitmap_index = 33711, .adv_w = 288, .box_w = 15, .box_h = 16, .ofs_x = 2, .ofs_y = -2},
    {.bitmap_index = 33741, .adv_w = 288, .box_w = 15, .box_h = 16, .ofs_x = 2, .ofs_y = -1},
    {.bitmap_index = 33771, .adv_w = 288, .box_w = 14, .box_h = 16, .ofs_x = 2, .ofs_y = -2},
    {.bitmap_index = 33799, .adv_w = 288, .box_w = 16, .box_h = 16, .ofs_x = 0, .ofs_y = -2},
    {.bitmap_index = 33831, .adv_w = 288, .box_w = 17, .box_h = 16, .ofs_x = 1, .ofs_y = -2},
    {.bitmap_index = 33865, .adv_w = 288, .box_w = 15, .box_h = 14, .ofs_x = 2, .ofs_y = -1},
    {.bitmap_index = 33892, .adv_w = 288, .box_w = 15, .box_h = 16, .ofs_x = 2, .ofs_y = -2},
    {.bitmap_index = 33922, .adv_w = 288, .box_w = 15, .box_h = 16, .ofs_x = 1, .ofs_y = -2},
    {.bitmap_index = 33952, .adv_w = 288, .box_w = 15, .box_h = 16, .ofs_x = 2, .ofs_y = -2},
    {.bitmap_index = 33982, .adv_w = 288, .box_w = 15, .box_h = 15, .ofs_x = 1, .ofs_y = -1},
    {.bitmap_index = 34011, .adv_w = 288, .box_w = 16, .box_h = 16, .ofs_x = 1, .ofs_y = -2},
    {.bitmap_index = 34043, .adv_w = 288, .box_w = 15, .box_h = 15, .ofs_x = 2, .ofs_y = -1},
    {.bitmap_index = 34072, .adv_w = 288, .box_w = 16, .box_h = 15, .ofs_x = 2, .ofs_y = -1},
    {.bitmap_index = 34102, .adv_w = 288, .box_w = 16, .box_h = 16, .ofs_x = 1, .ofs_y = -1},
    {.bitmap_index = 34134, .adv_w = 288, .box_w = 16, .box_h = 16, .ofs_x = 1, .ofs_y = -2},
    {.bitmap_index = 34166, .adv_w = 288, .box_w = 15, .box_h = 17, .ofs_x = 2, .ofs_y = -2},
    {.bitmap_index = 34198, .adv_w = 288, .box_w = 15, .box_h = 14, .ofs_x = 1, .ofs_y = -1},
    {.bitmap_index = 34225, .adv_w = 288, .box_w = 16, .box_h = 17, .ofs_x = 1, .ofs_y = -2},
    {.bitmap_index = 34259, .adv_w = 288, .box_w = 15, .box_h = 14, .ofs_x = 2, .ofs_y = -1},
    {.bitmap_index = 34286, .adv_w = 288, .box_w = 17, .box_h = 15, .ofs_x = 1, .ofs_y = -2},
    {.bitmap_index = 34318, .adv_w = 288, .box_w = 16, .box_h = 16, .ofs_x = 1, .ofs_y = -2},
    {.bitmap_index = 34350, .adv_w = 288, .box_w = 16, .box_h = 15, .ofs_x = 1, .ofs_y = -2},
    {.bitmap_index = 34380, .adv_w = 288, .box_w = 16, .box_h = 16, .ofs_x = 1, .ofs_y = -2},
    {.bitmap_index = 34412, .adv_w = 288, .box_w = 15, .box_h = 15, .ofs_x = 2, .ofs_y = -2},
    {.bitmap_index = 34441, .adv_w = 288, .box_w = 16, .box_h = 16, .ofs_x = 1, .ofs_y = -2},
    {.bitmap_index = 34473, .adv_w = 288, .box_w = 16, .box_h = 16, .ofs_x = 1, .ofs_y = -2},
    {.bitmap_index = 34505, .adv_w = 288, .box_w = 17, .box_h = 15, .ofs_x = 0, .ofs_y = -1},
    {.bitmap_index = 34537, .adv_w = 288, .box_w = 16, .box_h = 17, .ofs_x = 1, .ofs_y = -2},
    {.bitmap_index = 34571, .adv_w = 288, .box_w = 16, .box_h = 14, .ofs_x = 1, .ofs_y = -1},
    {.bitmap_index = 34599, .adv_w = 288, .box_w = 16, .box_h = 15, .ofs_x = 1, .ofs_y = -2},
    {.bitmap_index = 34629, .adv_w = 288, .box_w = 15, .box_h = 17, .ofs_x = 1, .ofs_y = -2},
    {.bitmap_index = 34661, .adv_w = 288, .box_w = 16, .box_h = 17, .ofs_x = 1, .ofs_y = -2},
    {.bitmap_index = 34695, .adv_w = 288, .box_w = 16, .box_h = 16, .ofs_x = 1, .ofs_y = -1},
    {.bitmap_index = 34727, .adv_w = 288, .box_w = 16, .box_h = 17, .ofs_x = 1, .ofs_y = -2},
    {.bitmap_index = 34761, .adv_w = 288, .box_w = 14, .box_h = 14, .ofs_x = 2, .ofs_y = -1},
    {.bitmap_index = 34786, .adv_w = 288, .box_w = 15, .box_h = 15, .ofs_x = 1, .ofs_y = -2},
    {.bitmap_index = 34815, .adv_w = 288, .box_w = 16, .box_h = 16, .ofs_x = 1, .ofs_y = -1},
    {.bitmap_index = 34847, .adv_w = 288, .box_w = 16, .box_h = 16, .ofs_x = 1, .ofs_y = -2},
    {.bitmap_index = 34879, .adv_w = 288, .box_w = 15, .box_h = 17, .ofs_x = 1, .ofs_y = -2},
    {.bitmap_index = 34911, .adv_w = 288, .box_w = 16, .box_h = 16, .ofs_x = 1, .ofs_y = -1},
    {.bitmap_index = 34943, .adv_w = 288, .box_w = 15, .box_h = 15, .ofs_x = 2, .ofs_y = 0},
    {.bitmap_index = 34972, .adv_w = 288, .box_w = 14, .box_h = 16, .ofs_x = 2, .ofs_y = -1},
    {.bitmap_index = 35000, .adv_w = 288, .box_w = 15, .box_h = 16, .ofs_x = 2, .ofs_y = -2},
    {.bitmap_index = 35030, .adv_w = 288, .box_w = 17, .box_h = 16, .ofs_x = 1, .ofs_y = -2},
    {.bitmap_index = 35064, .adv_w = 288, .box_w = 16, .box_h = 17, .ofs_x = 1, .ofs_y = -2},
    {.bitmap_index = 35098, .adv_w = 288, .box_w = 16, .box_h = 15, .ofs_x = 1, .ofs_y = -1},
    {.bitmap_index = 35128, .adv_w = 288, .box_w = 4, .box_h = 17, .ofs_x = 12, .ofs_y = -2},
    {.bitmap_index = 35137, .adv_w = 288, .box_w = 4, .box_h = 17, .ofs_x = 2, .ofs_y = -2},
    {.bitmap_index = 35146, .adv_w = 288, .box_w = 2, .box_h = 5, .ofs_x = 4, .ofs_y = -2},
    {.bitmap_index = 35148, .adv_w = 288, .box_w = 2, .box_h = 9, .ofs_x = 3, .ofs_y = 1},
    {.bitmap_index = 35151, .adv_w = 288, .box_w = 2, .box_h = 12, .ofs_x = 3, .ofs_y = -2}
};

/*---------------------
 *  CHARACTER MAPPING
 *--------------------*/

static const uint16_t unicode_list_4[] = {
    0x0, 0x1c4c, 0x1c4f, 0x1c50, 0x1c51, 0x1c52, 0x1c53, 0x1c54,
    0x1c55, 0x1c56, 0x1c57, 0x1c58, 0x1c59, 0x1c5a, 0x1c5c, 0x1c5d,
    0x1c5e, 0x1c61, 0x1c62, 0x1c6c, 0x1c6e, 0x1c6f, 0x1c71, 0x1c75,
    0x1c76, 0x1c77, 0x1c78, 0x1c7a, 0x1c80, 0x1dce, 0x1e84, 0x1ea0,
    0x1ea1, 0x21ee, 0x220b, 0x2241, 0x2242, 0x2c3d, 0x2c3e, 0x2c46,
    0x2c47, 0x2c48, 0x2c49, 0x4a3c, 0x4a3f, 0x4a43, 0x4a45, 0x4a46,
    0x4a47, 0x4a49, 0x4a4a, 0x4a4f, 0x4a50, 0x4a56, 0x4a58, 0x4a5e,
    0x4a60, 0x4a66, 0x4a69, 0x4a6e, 0x4a70, 0x4a76, 0x4a77, 0x4a79,
    0x4a7a, 0x4a81, 0x4a84, 0x4a85, 0x4a87, 0x4a8a, 0x4a9b, 0x4a9c,
    0x4aa2, 0x4ac2, 0x4ac5, 0x4ac7, 0x4ac8, 0x4aca, 0x4acd, 0x4ad0,
    0x4ae0, 0x4ae3, 0x4ae7, 0x4ae8, 0x4aea, 0x4af6, 0x4afc, 0x4b01,
    0x4b06, 0x4b09, 0x4b0a, 0x4b12, 0x4b14, 0x4b21, 0x4b26, 0x4b32,
    0x4b33, 0x4b37, 0x4b39, 0x4b54, 0x4b56, 0x4b5b, 0x4b5c, 0x4b66,
    0x4b6c, 0x4b78, 0x4b82, 0x4b89, 0x4b8a, 0x4b8f, 0x4b91, 0x4b95,
    0x4b98, 0x4b9c, 0x4baf, 0x4bbb, 0x4bc7, 0x4bd7, 0x4bd9, 0x4be3,
    0x4bfb, 0x4bff, 0x4c19, 0x4c1d, 0x4c49, 0x4c65, 0x4c78, 0x4c8b,
    0x4c96, 0x4c98, 0x4ca1, 0x4cb2, 0x4cbb, 0x4d0b, 0x4d7f, 0x4d81,
    0x4d84, 0x4d89, 0x4d96, 0x4d98, 0x4da1, 0x4da4, 0x4da8, 0x4da9,
    0x4dad, 0x4daf, 0x4db0, 0x4db2, 0x4db8, 0x4dc1, 0x4dc9, 0x4dd5,
    0x4dd7, 0x4dec, 0x4dee, 0x4df7, 0x4e02, 0x4e03, 0x4e0b, 0x4e0d,
    0x4e1c, 0x4e29, 0x4e36, 0x4e37, 0x4e39, 0x4e42, 0x4e43, 0x4e4e,
    0x4e53, 0x4e54, 0x4e55, 0x4e56, 0x4e57, 0x4e59, 0x4e60, 0x4e65,
    0x4e6c, 0x4e72, 0x4e73, 0x4e76, 0x4e77, 0x4e86, 0x4e89, 0x4e8d,
    0x4ea6, 0x4eab, 0x4ed7, 0x4eda, 0x4edb, 0x4edc, 0x4edd, 0x4ee4,
    0x4ee5, 0x4efb, 0x4f3b, 0x4f41, 0x4f52, 0x4f53, 0x4f75, 0x4f76,
    0x4f83, 0x4f86, 0x4f8b, 0x4f91, 0x4f93, 0x4f96, 0x4f9c, 0x4f9d,
    0x4fa7, 0x4fac, 0x4faf, 0x4fbe, 0x4fc1, 0x4fc7, 0x4fdb, 0x4ff7,
    0x4ffe, 0x5006, 0x5008, 0x5009, 0x500d, 0x5012, 0x5013, 0x5014,
    0x501c, 0x501f, 0x5021, 0x5022, 0x5026, 0x502b, 0x502c, 0x502f,
    0x5033, 0x5034, 0x5040, 0x5044, 0x5045, 0x5048, 0x5049, 0x504a,
    0x504d, 0x505a, 0x5062, 0x5067, 0x506b, 0x5070, 0x5086, 0x5094,
    0x50a4, 0x50af, 0x50b9, 0x50c8, 0x50e4, 0x50fd, 0x5109, 0x5126,
    0x5160, 0x516b, 0x5182, 0x5245, 0x52a4, 0x52a6, 0x5317, 0x531a,
    0x531c, 0x531e, 0x5330, 0x5336, 0x533a, 0x5342, 0x5344, 0x5364,
    0x536c, 0x536f, 0x5376, 0x537c, 0x5383, 0x5386, 0x538c, 0x538d,
    0x5393, 0x53a0, 0x53c7, 0x540a, 0x541b, 0x5435, 0x5436, 0x5442,
    0x549a, 0x54a7, 0x54bf, 0x54da, 0x552c, 0x5540, 0x5543, 0x5549,
    0x5552, 0x5556, 0x555b, 0x5563, 0x5565, 0x5566, 0x556a, 0x556d,
    0x5570, 0x5593, 0x55b9, 0x55be, 0x5607, 0x5610, 0x5616, 0x5618,
    0x5658, 0x56b3, 0x56ce, 0x578c, 0x5790, 0x5793, 0x5794, 0x57a2,
    0x57c3, 0x57c5, 0x57c7, 0x57c8, 0x57d4, 0x57d6, 0x57da, 0x57dd,
    0x57de, 0x57df, 0x57e0, 0x57f5, 0x57f9, 0x5800, 0x5802, 0x5835,
    0x5838, 0x583d, 0x5840, 0x5842, 0x584b, 0x584d, 0x5856, 0x5859,
    0x586d, 0x5879, 0x587a, 0x587c, 0x587e, 0x5886, 0x588b, 0x5891,
    0x589a, 0x58ad, 0x592c, 0x5965, 0x5a09, 0x5a1a, 0x5a21, 0x5a22,
    0x5a2d, 0x5a2e, 0x5a3e, 0x5a3f, 0x5a44, 0x5a52, 0x5a62, 0x5a63,
    0x5a74, 0x5a7e, 0x5a81, 0x5a91, 0x5aae, 0x5aaf, 0x5ab0, 0x5ab2,
    0x5abb, 0x5acb, 0x5acf, 0x5ad0, 0x5ad1, 0x5ae2, 0x5ae3, 0x5af3,
    0x5b06, 0x5b0f, 0x5b32, 0x5b36, 0x5b3c, 0x5b4b, 0x5b51, 0x5b5c,
    0x5b62, 0x5b76, 0x5b8f, 0x5b91, 0x5b9e, 0x5bac, 0x5bad, 0x5bc0,
    0x5bc1, 0x5bc4, 0x5bc7, 0x5bcc, 0x5be6, 0x5bff, 0x5c01, 0x5c13,
    0x5c15, 0x5c1c, 0x5c27, 0x5c39, 0x5c3d, 0x5c59, 0x5c63, 0x5c77,
    0x5c8e, 0x5c9e, 0x5cab, 0x5ce8, 0x5d01, 0x5d2f, 0x5d4b, 0x5d5b,
    0x5d9e, 0x5e4c, 0x5e4d, 0x5e52, 0x5e54, 0x5e66, 0x5e6f, 0x5e73,
    0x5e7c, 0x5e89, 0x5e8f, 0x5ea3, 0x5ea5, 0x5ea7, 0x5eba, 0x5ebb,
    0x5ebc, 0x5ec6, 0x5ed1, 0x5ed2, 0x5ed3, 0x5ee0, 0x5ee1, 0x5f02,
    0x5f05, 0x5f1b, 0x5f1e, 0x5f24, 0x5f25, 0x5f28, 0x5f33, 0x5f38,
    0x5f3b, 0x5f3d, 0x5f43, 0x5f45, 0x5f60, 0x5f6b, 0x5f82, 0x5f9e,
    0x5faa, 0x5fc5, 0x5fce, 0x5fde, 0x5fe1, 0x5fe3, 0x5fe4, 0x600b,
    0x600c, 0x6080, 0x6083, 0x60cd, 0x60e9, 0x610a, 0x613c, 0x616b,
    0x6172, 0x6175, 0x617a, 0x617b, 0x6184, 0x6195, 0x6197, 0x61ac,
    0x61b0, 0x61c3, 0x61d8, 0x61e9, 0x61ec, 0x61f5, 0x621c, 0x6221,
    0x6223, 0x6229, 0x6232, 0x6246, 0x624a, 0x6251, 0x625b, 0x625c,
    0x6261, 0x626b, 0x627a, 0x628f, 0x6292, 0x62a4, 0x62aa, 0x62ab,
    0x62ac, 0x62b0, 0x62b6, 0x62e4, 0x62f0, 0x6322, 0x632e, 0x6330,
    0x633a, 0x633c, 0x6344, 0x6345, 0x6357, 0x635b, 0x6364, 0x6366,
    0x6367, 0x6368, 0x636d, 0x6371, 0x6376, 0x637f, 0x6385, 0x638a,
    0x639b, 0x639d, 0x63a1, 0x63a4, 0x63a9, 0x63ac, 0x63ba, 0x63bb,
    0x63c0, 0x63cc, 0x63d1, 0x63d6, 0x63d8, 0x63f2, 0x6400, 0x640f,
    0x6421, 0x6430, 0x6443, 0x6444, 0x644b, 0x644d, 0x645d, 0x6473,
    0x6475, 0x6478, 0x6482, 0x6484, 0x6488, 0x649f, 0x64a1, 0x64bd,
    0x64cf, 0x64ec, 0x64fc, 0x6549, 0x659c, 0x65b8, 0x665d, 0x6666,
    0x675d, 0x679e, 0x679f, 0x67a0, 0x67a1, 0x67a2, 0x67b7, 0x67f1,
    0x6801, 0x680b, 0x6810, 0x6811, 0x6817, 0x6850, 0x6870, 0x6874,
    0x687e, 0x6883, 0x6885, 0x689c, 0x68dd, 0x68fb, 0x6906, 0x6911,
    0x691e, 0x6924, 0x6947, 0x6961, 0x697d, 0x6981, 0x6987, 0x698a,
    0x69a2, 0x69aa, 0x69b3, 0x69c4, 0x69c5, 0x69d7, 0x6a02, 0x6a1a,
    0x6a1d, 0x6a2d, 0x6a33, 0x6a41, 0x6a65, 0x6a6e, 0x6abb, 0x6abf,
    0x6acc, 0x6b0d, 0x6b16, 0x6b1a, 0x6b1d, 0x6b20, 0x6b24, 0x6b30,
    0x6b4b, 0x6b83, 0x6bc4, 0x6cac, 0x6cf4, 0x6cf5, 0x6d23, 0x6d29,
    0x6d46, 0x6d72, 0x6da3, 0x6e42, 0x6e79, 0x6e83, 0x6e84, 0x6e88,
    0x6ea5, 0x6ef2, 0x6f28, 0x6fc3, 0x6fc7, 0x6feb, 0x6fec, 0x7029,
    0x7042, 0x7070, 0x7072, 0x715b, 0x7164, 0x716d, 0x7171, 0x7177,
    0x7188, 0x7195, 0x71a1, 0x72b9, 0x72ba, 0x72c0, 0x72cf, 0x7306,
    0x730d, 0x7312, 0x7317, 0x732a, 0x7330, 0x7334, 0x7347, 0x735b,
    0x73e8, 0x73e9, 0x7421, 0x7429, 0x743d, 0x7450, 0x7476, 0x74a8,
    0x74aa, 0x74ec, 0x7506, 0x7524, 0x7576, 0x759a, 0x75bd, 0x75f7,
    0x760d, 0x760e, 0x762b, 0x762c, 0x7637, 0x7647, 0x766f, 0x76b2,
    0x76b6, 0x76bd, 0x76d3, 0x7707, 0x7712, 0x771a, 0x772b, 0x7762,
    0x7768, 0x7785, 0x7790, 0x7792, 0x7797, 0x77ba, 0x77bc, 0x77d3,
    0x77dd, 0x78b7, 0x78fa, 0x7937, 0x795c, 0x795e, 0x7963, 0x7a7d,
    0x7ae2, 0x7ae3, 0x7ae6, 0x7af1, 0x7af4, 0x7afb, 0x7aff, 0x7b00,
    0x7b02, 0x7b03, 0x7b0b, 0x7b0d, 0x7b0f, 0x7b14, 0x7b15, 0x7b18,
    0x7b19, 0x7b1b, 0x7b23, 0x7b25, 0x7b26, 0x7b29, 0x7b38, 0x7b3c,
    0x7b4f, 0x7b52, 0x7b59, 0x7b65, 0x7b8d, 0x7baa, 0x7c37, 0x7c3f,
    0x7c41, 0x7c53, 0x7c62, 0x7c6f, 0x7c88, 0x7c90, 0x7cee, 0x7d1d,
    0x7d39, 0x7d42, 0x7d56, 0x7e26, 0x7e2f, 0x7e30, 0x7e4e, 0x7e5b,
    0x7e66, 0x7eae, 0x7ebe, 0x7eeb, 0x7eed, 0x7f21, 0x7f2d, 0x7f3e,
    0x7f3f, 0x7f53, 0x7f9d, 0x7f9f, 0x7fd4, 0x7ff3, 0x7ff5, 0x802e,
    0x8061, 0x8079, 0x809f, 0x81c3, 0x820b, 0x8296, 0x8488, 0x84a1,
    0x84a4, 0x84ac, 0x84bd, 0x84e7, 0x8501, 0x8530, 0x85bb, 0x85bd,
    0x85c2, 0x85fd, 0x85fe, 0x8600, 0x8602, 0x8604, 0x8605, 0x860e,
    0x861f, 0x8622, 0x87a2, 0x87dd, 0x87e0, 0x87e4, 0x87e5, 0x87e9,
    0x87ea, 0x87ec, 0x87f6, 0x87fa, 0x87fb, 0x87fd, 0x8800, 0x8802,
    0x8805, 0x8811, 0x881e, 0x8821, 0x882b, 0x8833, 0x8837, 0x883a,
    0x883f, 0x8844, 0x889d, 0x88a6, 0x8959, 0x895b, 0x895f, 0x8961,
    0x8964, 0x8969, 0x8970, 0x8971, 0x8975, 0x8980, 0x8992, 0x89ac,
    0x89b1, 0x89b3, 0x89c1, 0x89c7, 0x89df, 0x89ef, 0x8a0d, 0x8a19,
    0x8a24, 0x8a2b, 0x8a2f, 0x8a31, 0x8ba8, 0x8baa, 0x8bab, 0x8bb0,
    0x8bb2, 0x8bb7, 0x8bb9, 0x8bbf, 0x8bc1, 0x8bc5, 0x8bcd, 0x8bcf,
    0x8bd7, 0x8be5, 0x8bec, 0x8bf5, 0x8bfa, 0x8c03, 0x8c0c, 0x8c0d,
    0x8c10, 0x8c14, 0x8c15, 0x8c17, 0x8c1a, 0x8c1b, 0x8c2c, 0x8c33,
    0x8c3c, 0x8c3d, 0x8c3e, 0x8c45, 0x8c4b, 0x8c4c, 0x8c4e, 0x8c56,
    0x8c5b, 0x8c5c, 0x8c77, 0x8c8f, 0x8cbb, 0x8d0d, 0x8d24, 0x8d29,
    0x8d39, 0x8d89, 0x8dce, 0x8e03, 0x8e06, 0x8e08, 0x8e09, 0x8e0b,
    0x8e0d, 0x90a7, 0x90c4, 0x90c5, 0x90db, 0x90ed, 0x90ef, 0x9129,
    0x912a, 0x912c, 0x913a, 0x913d, 0x913e, 0x914c, 0x9155, 0x916a,
    0x9183, 0x91bb, 0x9224, 0x9229, 0x922a, 0x9230, 0x9235, 0x9244,
    0x925b, 0x926e, 0x926f, 0x9270, 0x9271, 0x9272, 0x9277, 0x9281,
    0x9284, 0x9289, 0x928c, 0x929e, 0x92a0, 0x92cb, 0x92cc, 0x92d0,
    0x9301, 0x9302, 0x9324, 0x9326, 0x9332, 0x9333, 0x9335, 0x933a,
    0x933c, 0x936c, 0x9395, 0x939a, 0x939c, 0x939e, 0x942f, 0x94b1,
    0x94b2, 0x94b5, 0x94b6, 0x94b7, 0x94c0, 0x94c2, 0x94cd, 0x94d4,
    0x94d8, 0x950a, 0x951a, 0x95c2, 0x95c4, 0x95d2, 0x95e4, 0x96a8,
    0x96ad, 0x96b7, 0x96c8, 0x9714, 0x978b, 0x98b8, 0x9a5f, 0x9b0d,
    0x9b14, 0x9b8c, 0x9bd5, 0xfb44, 0xfb45, 0xfb48, 0xfb56, 0xfb57
};

/*Collect the unicode lists and glyph_id offsets*/
static const lv_font_fmt_txt_cmap_t cmaps[] =
{
    {
        .range_start = 32, .range_length = 4, .glyph_id_start = 1,
        .unicode_list = NULL, .glyph_id_ofs_list = NULL, .list_length = 0, .type = LV_FONT_FMT_TXT_CMAP_FORMAT0_TINY
    },
    {
        .range_start = 37, .range_length = 59, .glyph_id_start = 5,
        .unicode_list = NULL, .glyph_id_ofs_list = NULL, .list_length = 0, .type = LV_FONT_FMT_TXT_CMAP_FORMAT0_TINY
    },
    {
        .range_start = 97, .range_length = 30, .glyph_id_start = 64,
        .unicode_list = NULL, .glyph_id_ofs_list = NULL, .list_length = 0, .type = LV_FONT_FMT_TXT_CMAP_FORMAT0_TINY
    },
    {
        .range_start = 160, .range_length = 224, .glyph_id_start = 94,
        .unicode_list = NULL, .glyph_id_ofs_list = NULL, .list_length = 0, .type = LV_FONT_FMT_TXT_CMAP_FORMAT0_TINY
    },
    {
        .range_start = 964, .range_length = 64344, .glyph_id_start = 318,
        .unicode_list = unicode_list_4, .glyph_id_ofs_list = NULL, .list_length = 1008, .type = LV_FONT_FMT_TXT_CMAP_SPARSE_TINY
    }
};



/*--------------------
 *  ALL CUSTOM DATA
 *--------------------*/

#if LVGL_VERSION_MAJOR == 8
/*Store all the custom data of the font*/
static  lv_font_fmt_txt_glyph_cache_t cache;
#endif

#if LVGL_VERSION_MAJOR >= 8
static const lv_font_fmt_txt_dsc_t font_dsc = {
#else
static lv_font_fmt_txt_dsc_t font_dsc = {
#endif
    .glyph_bitmap = glyph_bitmap,
    .glyph_dsc = glyph_dsc,
    .cmaps = cmaps,
    .kern_dsc = NULL,
    .kern_scale = 0,
    .cmap_num = 5,
    .bpp = 1,
    .kern_classes = 0,
    .bitmap_format = 0,
#if LVGL_VERSION_MAJOR == 8
    .cache = &cache
#endif
};



/*-----------------
 *  PUBLIC FONT
 *----------------*/

/*Initialize a public general font descriptor*/
#if LVGL_VERSION_MAJOR >= 8
const lv_font_t lv_font_chinese_18 = {
#else
lv_font_t lv_font_chinese_18 = {
#endif
    .get_glyph_dsc = lv_font_get_glyph_dsc_fmt_txt,    /*Function pointer to get glyph's data*/
    .get_glyph_bitmap = lv_font_get_bitmap_fmt_txt,    /*Function pointer to get glyph's bitmap*/
    .line_height = 18,          /*The maximum line height required by the font*/
    .base_line = 2,             /*Baseline measured from the bottom of the line*/
#if !(LVGL_VERSION_MAJOR == 6 && LVGL_VERSION_MINOR == 0)
    .subpx = LV_FONT_SUBPX_NONE,
#endif
#if LV_VERSION_CHECK(7, 4, 0) || LVGL_VERSION_MAJOR >= 8
    .underline_position = -2,
    .underline_thickness = 0,
#endif
    .dsc = &font_dsc,          /*The custom font data. Will be accessed by `get_glyph_bitmap/dsc` */
#if LV_VERSION_CHECK(8, 2, 0) || LVGL_VERSION_MAJOR >= 9
    .fallback = NULL,
#endif
    .user_data = NULL,
};



#endif /*#if LV_FONT_CHINESE_18*/

